{"credit":"P13D_orginal","texture_size":[32,32],"textures":{"0":"allay"},"elements":[{"from":[5.5,9,4.5],"to":[10.5,14,9.5],"rotation":{"angle":0,"axis":"y","origin":[0,3,0]},"faces":{"north":{"uv":[1.25,1.25,2.5,2.5],"texture":"#0"},"east":{"uv":[0,1.25,1.25,2.5],"texture":"#0"},"south":{"uv":[3.75,1.25,5,2.5],"texture":"#0"},"west":{"uv":[2.5,1.25,3.75,2.5],"texture":"#0"},"up":{"uv":[2.5,1.25,1.25,0],"texture":"#0"},"down":{"uv":[3.75,0,2.5,1.25],"texture":"#0"}}},{"from":[6.5,4,6],"to":[9.5,9,8],"rotation":{"angle":0,"axis":"y","origin":[0,3,0]},"faces":{"north":{"uv":[0.5,3,1.25,4.5],"texture":"#0"},"east":{"uv":[0,3,0.5,4.5],"texture":"#0"},"south":{"uv":[1.75,3,2.5,4.5],"texture":"#0"},"west":{"uv":[1.25,3,1.75,4.5],"texture":"#0"},"up":{"uv":[1.25,3,0.5,2.5],"texture":"#0"},"down":{"uv":[2,2.5,1.25,3],"texture":"#0"}}},{"from":[6.7,4.2,6.2],"to":[9.3,7.8,7.8],"rotation":{"angle":0,"axis":"y","origin":[0,3,0]},"faces":{"north":{"uv":[0.5,4.5,1.25,6],"texture":"#0"},"east":{"uv":[0,4.5,0.5,6],"texture":"#0"},"south":{"uv":[2,4.5,2.5,6],"texture":"#0"},"west":{"uv":[1.25,4.5,2,6],"texture":"#0"},"up":{"uv":[1.25,4.5,0.5,4],"texture":"#0"},"down":{"uv":[2,4,1.25,4.5],"texture":"#0"}}},{"from":[9.5,5,6],"to":[10.5,9,8],"rotation":{"angle":22.5,"axis":"z","origin":[9.5,9,6]},"faces":{"north":{"uv":[6.25,0.5,6.5,1.5],"texture":"#0"},"east":{"uv":[5.75,0.5,6.25,1.5],"texture":"#0"},"south":{"uv":[7,0.5,7.25,1.5],"texture":"#0"},"west":{"uv":[6.5,0.5,7,1.5],"texture":"#0"},"up":{"uv":[6.5,0.5,6.25,0],"texture":"#0"},"down":{"uv":[6.75,0,6.5,0.5],"texture":"#0"}}},{"from":[5.5,5,6],"to":[6.5,9,8],"rotation":{"angle":-22.5,"axis":"z","origin":[6,9,7]},"faces":{"north":{"uv":[6.25,2,6.5,3],"texture":"#0"},"east":{"uv":[5.75,2,6.25,3],"texture":"#0"},"south":{"uv":[7,2,7.25,3],"texture":"#0"},"west":{"uv":[6.5,2,7,3],"texture":"#0"},"up":{"uv":[6.5,2,6.25,1.5],"texture":"#0"},"down":{"uv":[6.75,1.5,6.5,2],"texture":"#0"}}},{"from":[5.5,5,6],"to":[6.5,9,8],"rotation":{"angle":-22.5,"axis":"z","origin":[6,9,7]},"faces":{"north":{"uv":[6.25,2,6.5,3],"texture":"#0"},"east":{"uv":[5.75,2,6.25,3],"texture":"#0"},"south":{"uv":[7,2,7.25,3],"texture":"#0"},"west":{"uv":[6.5,2,7,3],"texture":"#0"},"up":{"uv":[6.5,2,6.25,1.5],"texture":"#0"},"down":{"uv":[6.75,1.5,6.5,2],"texture":"#0"}}},{"from":[8.5,4,8],"to":[8.5,9,13],"rotation":{"angle":45,"axis":"y","origin":[8.5,8,8]},"faces":{"north":{"uv":[4,5.5,6,7],"texture":"#0"},"east":{"uv":[4,5.5,6,7],"texture":"#0"},"south":{"uv":[4,5.5,6,7],"texture":"#0"},"west":{"uv":[6,5.5,4,7],"texture":"#0"},"up":{"uv":[4,5.5,6,7],"texture":"#0"},"down":{"uv":[4,5.5,6,7],"texture":"#0"}}},{"from":[7.5,4,8],"to":[7.5,9,16],"rotation":{"angle":-45,"axis":"y","origin":[7.5,8,8]},"faces":{"north":{"uv":[4,5.5,6,6.75],"texture":"#0"},"east":{"uv":[4,5.5,6,6.75],"texture":"#0"},"south":{"uv":[4,5.5,6,6.75],"texture":"#0"},"west":{"uv":[6,5.5,4,6.75],"texture":"#0"},"up":{"uv":[4,5.5,6,6.75],"texture":"#0"},"down":{"uv":[4,5.5,6,6.75],"texture":"#0"}}},{"from":[2,4,2],"to":[4,6,4],"faces":{"north":{"uv":[15.25,4,11.25,0],"texture":"#0"},"east":{"uv":[15.25,4,11.25,0],"texture":"#0"},"south":{"uv":[15.25,4,11.25,0],"texture":"#0"},"west":{"uv":[15.25,4,11.25,0],"texture":"#0"},"up":{"uv":[15.25,4,11.25,0],"texture":"#0"},"down":{"uv":[15.25,4,11.25,0],"texture":"#0"}}},{"from":[2,0,2],"to":[4,2,4],"faces":{"north":{"uv":[15.25,4,11.25,0],"texture":"#0"},"east":{"uv":[15.25,4,11.25,0],"texture":"#0"},"south":{"uv":[15.25,4,11.25,0],"texture":"#0"},"west":{"uv":[15.25,4,11.25,0],"texture":"#0"},"up":{"uv":[15.25,4,11.25,0],"texture":"#0"},"down":{"uv":[15.25,4,11.25,0],"texture":"#0"}}},{"from":[4,0,2],"to":[6,2,4],"faces":{"north":{"uv":[11.25,8,7.25,4],"texture":"#0"},"east":{"uv":[11.25,8,7.25,4],"texture":"#0"},"south":{"uv":[11.25,8,7.25,4],"texture":"#0"},"west":{"uv":[11.25,8,7.25,4],"texture":"#0"},"up":{"uv":[11.25,8,7.25,4],"texture":"#0"},"down":{"uv":[11.25,8,7.25,4],"texture":"#0"}}},{"from":[4,0,4],"to":[6,1,6],"faces":{"north":{"uv":[11.25,8,7.25,4],"texture":"#0"},"east":{"uv":[11.25,8,7.25,4],"texture":"#0"},"south":{"uv":[11.25,8,7.25,4],"texture":"#0"},"west":{"uv":[11.25,8,7.25,4],"texture":"#0"},"up":{"uv":[11.25,8,7.25,4],"texture":"#0"},"down":{"uv":[11.25,8,7.25,4],"texture":"#0"}}},{"from":[6,0,4],"to":[8,1,6],"faces":{"north":{"uv":[11.25,8,7.25,4],"texture":"#0"},"east":{"uv":[11.25,8,7.25,4],"texture":"#0"},"south":{"uv":[11.25,8,7.25,4],"texture":"#0"},"west":{"uv":[11.25,8,7.25,4],"texture":"#0"},"up":{"uv":[11.25,8,7.25,4],"texture":"#0"},"down":{"uv":[11.25,8,7.25,4],"texture":"#0"}}},{"from":[8,0,4],"to":[10,1,6],"faces":{"north":{"uv":[11.25,8,7.25,4],"texture":"#0"},"east":{"uv":[11.25,8,7.25,4],"texture":"#0"},"south":{"uv":[11.25,8,7.25,4],"texture":"#0"},"west":{"uv":[11.25,8,7.25,4],"texture":"#0"},"up":{"uv":[11.25,8,7.25,4],"texture":"#0"},"down":{"uv":[11.25,8,7.25,4],"texture":"#0"}}},{"from":[10,0,4],"to":[12,1,6],"faces":{"north":{"uv":[11.25,8,7.25,4],"texture":"#0"},"east":{"uv":[11.25,8,7.25,4],"texture":"#0"},"south":{"uv":[11.25,8,7.25,4],"texture":"#0"},"west":{"uv":[11.25,8,7.25,4],"texture":"#0"},"up":{"uv":[11.25,8,7.25,4],"texture":"#0"},"down":{"uv":[11.25,8,7.25,4],"texture":"#0"}}},{"from":[10,0,6],"to":[12,1,8],"faces":{"north":{"uv":[11.25,8,7.25,4],"texture":"#0"},"east":{"uv":[11.25,8,7.25,4],"texture":"#0"},"south":{"uv":[11.25,8,7.25,4],"texture":"#0"},"west":{"uv":[11.25,8,7.25,4],"texture":"#0"},"up":{"uv":[11.25,8,7.25,4],"texture":"#0"},"down":{"uv":[11.25,8,7.25,4],"texture":"#0"}}},{"from":[8,0,6],"to":[10,1,8],"faces":{"north":{"uv":[11.25,8,7.25,4],"texture":"#0"},"east":{"uv":[11.25,8,7.25,4],"texture":"#0"},"south":{"uv":[11.25,8,7.25,4],"texture":"#0"},"west":{"uv":[11.25,8,7.25,4],"texture":"#0"},"up":{"uv":[11.25,8,7.25,4],"texture":"#0"},"down":{"uv":[11.25,8,7.25,4],"texture":"#0"}}},{"from":[6,0,6],"to":[8,1,8],"faces":{"north":{"uv":[11.25,8,7.25,4],"texture":"#0"},"east":{"uv":[11.25,8,7.25,4],"texture":"#0"},"south":{"uv":[11.25,8,7.25,4],"texture":"#0"},"west":{"uv":[11.25,8,7.25,4],"texture":"#0"},"up":{"uv":[11.25,8,7.25,4],"texture":"#0"},"down":{"uv":[11.25,8,7.25,4],"texture":"#0"}}},{"from":[4,0,6],"to":[6,1,8],"faces":{"north":{"uv":[11.25,8,7.25,4],"texture":"#0"},"east":{"uv":[11.25,8,7.25,4],"texture":"#0"},"south":{"uv":[11.25,8,7.25,4],"texture":"#0"},"west":{"uv":[11.25,8,7.25,4],"texture":"#0"},"up":{"uv":[11.25,8,7.25,4],"texture":"#0"},"down":{"uv":[11.25,8,7.25,4],"texture":"#0"}}},{"from":[10,0,8],"to":[12,1,10],"faces":{"north":{"uv":[11.25,8,7.25,4],"texture":"#0"},"east":{"uv":[11.25,8,7.25,4],"texture":"#0"},"south":{"uv":[11.25,8,7.25,4],"texture":"#0"},"west":{"uv":[11.25,8,7.25,4],"texture":"#0"},"up":{"uv":[11.25,8,7.25,4],"texture":"#0"},"down":{"uv":[11.25,8,7.25,4],"texture":"#0"}}},{"from":[8,0,8],"to":[10,1,10],"faces":{"north":{"uv":[11.25,8,7.25,4],"texture":"#0"},"east":{"uv":[11.25,8,7.25,4],"texture":"#0"},"south":{"uv":[11.25,8,7.25,4],"texture":"#0"},"west":{"uv":[11.25,8,7.25,4],"texture":"#0"},"up":{"uv":[11.25,8,7.25,4],"texture":"#0"},"down":{"uv":[11.25,8,7.25,4],"texture":"#0"}}},{"from":[6,0,8],"to":[8,1,10],"faces":{"north":{"uv":[11.25,8,7.25,4],"texture":"#0"},"east":{"uv":[11.25,8,7.25,4],"texture":"#0"},"south":{"uv":[11.25,8,7.25,4],"texture":"#0"},"west":{"uv":[11.25,8,7.25,4],"texture":"#0"},"up":{"uv":[11.25,8,7.25,4],"texture":"#0"},"down":{"uv":[11.25,8,7.25,4],"texture":"#0"}}},{"from":[4,0,8],"to":[6,1,10],"faces":{"north":{"uv":[11.25,8,7.25,4],"texture":"#0"},"east":{"uv":[11.25,8,7.25,4],"texture":"#0"},"south":{"uv":[11.25,8,7.25,4],"texture":"#0"},"west":{"uv":[11.25,8,7.25,4],"texture":"#0"},"up":{"uv":[11.25,8,7.25,4],"texture":"#0"},"down":{"uv":[11.25,8,7.25,4],"texture":"#0"}}},{"from":[10,0,10],"to":[12,1,12],"faces":{"north":{"uv":[11.25,8,7.25,4],"texture":"#0"},"east":{"uv":[11.25,8,7.25,4],"texture":"#0"},"south":{"uv":[11.25,8,7.25,4],"texture":"#0"},"west":{"uv":[11.25,8,7.25,4],"texture":"#0"},"up":{"uv":[11.25,8,7.25,4],"texture":"#0"},"down":{"uv":[11.25,8,7.25,4],"texture":"#0"}}},{"from":[8,0,10],"to":[10,1,12],"faces":{"north":{"uv":[11.25,8,7.25,4],"texture":"#0"},"east":{"uv":[11.25,8,7.25,4],"texture":"#0"},"south":{"uv":[11.25,8,7.25,4],"texture":"#0"},"west":{"uv":[11.25,8,7.25,4],"texture":"#0"},"up":{"uv":[11.25,8,7.25,4],"texture":"#0"},"down":{"uv":[11.25,8,7.25,4],"texture":"#0"}}},{"from":[6,0,10],"to":[8,1,12],"faces":{"north":{"uv":[11.25,8,7.25,4],"texture":"#0"},"east":{"uv":[11.25,8,7.25,4],"texture":"#0"},"south":{"uv":[11.25,8,7.25,4],"texture":"#0"},"west":{"uv":[11.25,8,7.25,4],"texture":"#0"},"up":{"uv":[11.25,8,7.25,4],"texture":"#0"},"down":{"uv":[11.25,8,7.25,4],"texture":"#0"}}},{"from":[4,0,10],"to":[6,1,12],"faces":{"north":{"uv":[11.25,8,7.25,4],"texture":"#0"},"east":{"uv":[11.25,8,7.25,4],"texture":"#0"},"south":{"uv":[11.25,8,7.25,4],"texture":"#0"},"west":{"uv":[11.25,8,7.25,4],"texture":"#0"},"up":{"uv":[11.25,8,7.25,4],"texture":"#0"},"down":{"uv":[11.25,8,7.25,4],"texture":"#0"}}},{"from":[6,0,2],"to":[8,2,4],"faces":{"north":{"uv":[11.25,8,7.25,4],"texture":"#0"},"east":{"uv":[11.25,8,7.25,4],"texture":"#0"},"south":{"uv":[11.25,8,7.25,4],"texture":"#0"},"west":{"uv":[11.25,8,7.25,4],"texture":"#0"},"up":{"uv":[11.25,8,7.25,4],"texture":"#0"},"down":{"uv":[11.25,8,7.25,4],"texture":"#0"}}},{"from":[8,0,2],"to":[10,2,4],"faces":{"north":{"uv":[11.25,8,7.25,4],"texture":"#0"},"east":{"uv":[11.25,8,7.25,4],"texture":"#0"},"south":{"uv":[11.25,8,7.25,4],"texture":"#0"},"west":{"uv":[11.25,8,7.25,4],"texture":"#0"},"up":{"uv":[11.25,8,7.25,4],"texture":"#0"},"down":{"uv":[11.25,8,7.25,4],"texture":"#0"}}},{"from":[10,0,2],"to":[12,2,4],"faces":{"north":{"uv":[11.25,8,7.25,4],"texture":"#0"},"east":{"uv":[11.25,8,7.25,4],"texture":"#0"},"south":{"uv":[11.25,8,7.25,4],"texture":"#0"},"west":{"uv":[11.25,8,7.25,4],"texture":"#0"},"up":{"uv":[11.25,8,7.25,4],"texture":"#0"},"down":{"uv":[11.25,8,7.25,4],"texture":"#0"}}},{"from":[10,3,12.5],"to":[12,4,13.5],"faces":{"north":{"uv":[11.25,8,7.25,4],"texture":"#0"},"east":{"uv":[11.25,8,7.25,4],"texture":"#0"},"south":{"uv":[11.25,8,7.25,4],"texture":"#0"},"west":{"uv":[11.25,8,7.25,4],"texture":"#0"},"up":{"uv":[11.25,8,7.25,4],"texture":"#0"},"down":{"uv":[11.25,8,7.25,4],"texture":"#0"}}},{"from":[8,3,12.5],"to":[10,4,13.5],"faces":{"north":{"uv":[11.25,8,7.25,4],"texture":"#0"},"east":{"uv":[11.25,8,7.25,4],"texture":"#0"},"south":{"uv":[11.25,8,7.25,4],"texture":"#0"},"west":{"uv":[11.25,8,7.25,4],"texture":"#0"},"up":{"uv":[11.25,8,7.25,4],"texture":"#0"},"down":{"uv":[11.25,8,7.25,4],"texture":"#0"}}},{"from":[6,3,12.5],"to":[8,4,13.5],"faces":{"north":{"uv":[11.25,8,7.25,4],"texture":"#0"},"east":{"uv":[11.25,8,7.25,4],"texture":"#0"},"south":{"uv":[11.25,8,7.25,4],"texture":"#0"},"west":{"uv":[11.25,8,7.25,4],"texture":"#0"},"up":{"uv":[11.25,8,7.25,4],"texture":"#0"},"down":{"uv":[11.25,8,7.25,4],"texture":"#0"}}},{"from":[6.5,5,12.5],"to":[8.5,6,13.5],"faces":{"north":{"uv":[11.25,8,7.25,4],"texture":"#0"},"east":{"uv":[11.25,8,7.25,4],"texture":"#0"},"south":{"uv":[11.25,8,7.25,4],"texture":"#0"},"west":{"uv":[11.25,8,7.25,4],"texture":"#0"},"up":{"uv":[11.25,8,7.25,4],"texture":"#0"},"down":{"uv":[11.25,8,7.25,4],"texture":"#0"}}},{"from":[8.5,5,12.5],"to":[9.5,6,13.5],"faces":{"north":{"uv":[11.25,8,7.25,4],"texture":"#0"},"east":{"uv":[11.25,8,7.25,4],"texture":"#0"},"south":{"uv":[11.25,8,7.25,4],"texture":"#0"},"west":{"uv":[11.25,8,7.25,4],"texture":"#0"},"up":{"uv":[11.25,8,7.25,4],"texture":"#0"},"down":{"uv":[11.25,8,7.25,4],"texture":"#0"}}},{"from":[10,5,2.5],"to":[12,6,3.5],"faces":{"north":{"uv":[11.25,8,7.25,4],"texture":"#0"},"east":{"uv":[11.25,8,7.25,4],"texture":"#0"},"south":{"uv":[11.25,8,7.25,4],"texture":"#0"},"west":{"uv":[11.25,8,7.25,4],"texture":"#0"},"up":{"uv":[11.25,8,7.25,4],"texture":"#0"},"down":{"uv":[11.25,8,7.25,4],"texture":"#0"}}},{"from":[10.5,7,2.5],"to":[12,8,3.5],"faces":{"north":{"uv":[11.25,8,7.25,4],"texture":"#0"},"east":{"uv":[11.25,8,7.25,4],"texture":"#0"},"south":{"uv":[11.25,8,7.25,4],"texture":"#0"},"west":{"uv":[11.25,8,7.25,4],"texture":"#0"},"up":{"uv":[11.25,8,7.25,4],"texture":"#0"},"down":{"uv":[11.25,8,7.25,4],"texture":"#0"}}},{"from":[4.5,2,12.5],"to":[5.5,3,13.5],"faces":{"north":{"uv":[11.25,8,7.25,4],"texture":"#0"},"east":{"uv":[11.25,8,7.25,4],"texture":"#0"},"south":{"uv":[11.25,8,7.25,4],"texture":"#0"},"west":{"uv":[11.25,8,7.25,4],"texture":"#0"},"up":{"uv":[11.25,8,7.25,4],"texture":"#0"},"down":{"uv":[11.25,8,7.25,4],"texture":"#0"}}},{"from":[6.5,2,12.5],"to":[7.5,3,13.5],"faces":{"north":{"uv":[11.25,8,7.25,4],"texture":"#0"},"east":{"uv":[11.25,8,7.25,4],"texture":"#0"},"south":{"uv":[11.25,8,7.25,4],"texture":"#0"},"west":{"uv":[11.25,8,7.25,4],"texture":"#0"},"up":{"uv":[11.25,8,7.25,4],"texture":"#0"},"down":{"uv":[11.25,8,7.25,4],"texture":"#0"}}},{"from":[8.5,2,12.5],"to":[9.5,3,13.5],"faces":{"north":{"uv":[11.25,8,7.25,4],"texture":"#0"},"east":{"uv":[11.25,8,7.25,4],"texture":"#0"},"south":{"uv":[11.25,8,7.25,4],"texture":"#0"},"west":{"uv":[11.25,8,7.25,4],"texture":"#0"},"up":{"uv":[11.25,8,7.25,4],"texture":"#0"},"down":{"uv":[11.25,8,7.25,4],"texture":"#0"}}},{"from":[10.5,2,12.5],"to":[11.5,3,13.5],"faces":{"north":{"uv":[11.25,8,7.25,4],"texture":"#0"},"east":{"uv":[11.25,8,7.25,4],"texture":"#0"},"south":{"uv":[11.25,8,7.25,4],"texture":"#0"},"west":{"uv":[11.25,8,7.25,4],"texture":"#0"},"up":{"uv":[11.25,8,7.25,4],"texture":"#0"},"down":{"uv":[11.25,8,7.25,4],"texture":"#0"}}},{"from":[4.5,4,2.5],"to":[5.5,5,3.5],"faces":{"north":{"uv":[11.25,8,7.25,4],"texture":"#0"},"east":{"uv":[11.25,8,7.25,4],"texture":"#0"},"south":{"uv":[11.25,8,7.25,4],"texture":"#0"},"west":{"uv":[11.25,8,7.25,4],"texture":"#0"},"up":{"uv":[11.25,8,7.25,4],"texture":"#0"},"down":{"uv":[11.25,8,7.25,4],"texture":"#0"}}},{"from":[6.5,4,12.5],"to":[7.5,5,13.5],"faces":{"north":{"uv":[11.25,8,7.25,4],"texture":"#0"},"east":{"uv":[11.25,8,7.25,4],"texture":"#0"},"south":{"uv":[11.25,8,7.25,4],"texture":"#0"},"west":{"uv":[11.25,8,7.25,4],"texture":"#0"},"up":{"uv":[11.25,8,7.25,4],"texture":"#0"},"down":{"uv":[11.25,8,7.25,4],"texture":"#0"}}},{"from":[8.5,4,12.5],"to":[9.5,5,13.5],"faces":{"north":{"uv":[11.25,8,7.25,4],"texture":"#0"},"east":{"uv":[11.25,8,7.25,4],"texture":"#0"},"south":{"uv":[11.25,8,7.25,4],"texture":"#0"},"west":{"uv":[11.25,8,7.25,4],"texture":"#0"},"up":{"uv":[11.25,8,7.25,4],"texture":"#0"},"down":{"uv":[11.25,8,7.25,4],"texture":"#0"}}},{"from":[8.5,4,2.5],"to":[9.5,5,3.5],"faces":{"north":{"uv":[11.25,8,7.25,4],"texture":"#0"},"east":{"uv":[11.25,8,7.25,4],"texture":"#0"},"south":{"uv":[11.25,8,7.25,4],"texture":"#0"},"west":{"uv":[11.25,8,7.25,4],"texture":"#0"},"up":{"uv":[11.25,8,7.25,4],"texture":"#0"},"down":{"uv":[11.25,8,7.25,4],"texture":"#0"}}},{"from":[10.5,4,2.5],"to":[11.5,5,3.5],"faces":{"north":{"uv":[11.25,8,7.25,4],"texture":"#0"},"east":{"uv":[11.25,8,7.25,4],"texture":"#0"},"south":{"uv":[11.25,8,7.25,4],"texture":"#0"},"west":{"uv":[11.25,8,7.25,4],"texture":"#0"},"up":{"uv":[11.25,8,7.25,4],"texture":"#0"},"down":{"uv":[11.25,8,7.25,4],"texture":"#0"}}},{"from":[10.5,6,2.5],"to":[11.5,7,3.5],"faces":{"north":{"uv":[11.25,8,7.25,4],"texture":"#0"},"east":{"uv":[11.25,8,7.25,4],"texture":"#0"},"south":{"uv":[11.25,8,7.25,4],"texture":"#0"},"west":{"uv":[11.25,8,7.25,4],"texture":"#0"},"up":{"uv":[11.25,8,7.25,4],"texture":"#0"},"down":{"uv":[11.25,8,7.25,4],"texture":"#0"}}},{"from":[4,3,12.5],"to":[6,4,13.5],"faces":{"north":{"uv":[11.25,8,7.25,4],"texture":"#0"},"east":{"uv":[11.25,8,7.25,4],"texture":"#0"},"south":{"uv":[11.25,8,7.25,4],"texture":"#0"},"west":{"uv":[11.25,8,7.25,4],"texture":"#0"},"up":{"uv":[11.25,8,7.25,4],"texture":"#0"},"down":{"uv":[11.25,8,7.25,4],"texture":"#0"}}},{"from":[4,5,2.5],"to":[6,6,3.5],"faces":{"north":{"uv":[11.25,8,7.25,4],"texture":"#0"},"east":{"uv":[11.25,8,7.25,4],"texture":"#0"},"south":{"uv":[11.25,8,7.25,4],"texture":"#0"},"west":{"uv":[11.25,8,7.25,4],"texture":"#0"},"up":{"uv":[11.25,8,7.25,4],"texture":"#0"},"down":{"uv":[11.25,8,7.25,4],"texture":"#0"}}},{"from":[12,0,2],"to":[14,2,4],"faces":{"north":{"uv":[15.25,4,11.25,0],"texture":"#0"},"east":{"uv":[15.25,4,11.25,0],"texture":"#0"},"south":{"uv":[15.25,4,11.25,0],"texture":"#0"},"west":{"uv":[15.25,4,11.25,0],"texture":"#0"},"up":{"uv":[15.25,4,11.25,0],"texture":"#0"},"down":{"uv":[15.25,4,11.25,0],"texture":"#0"}}},{"from":[12,0,4],"to":[14,2,6],"faces":{"north":{"uv":[11.25,8,7.25,4],"texture":"#0"},"east":{"uv":[11.25,8,7.25,4],"texture":"#0"},"south":{"uv":[11.25,8,7.25,4],"texture":"#0"},"west":{"uv":[11.25,8,7.25,4],"texture":"#0"},"up":{"uv":[11.25,8,7.25,4],"texture":"#0"},"down":{"uv":[11.25,8,7.25,4],"texture":"#0"}}},{"from":[12,0,6],"to":[14,2,8],"faces":{"north":{"uv":[11.25,8,7.25,4],"texture":"#0"},"east":{"uv":[11.25,8,7.25,4],"texture":"#0"},"south":{"uv":[11.25,8,7.25,4],"texture":"#0"},"west":{"uv":[11.25,8,7.25,4],"texture":"#0"},"up":{"uv":[11.25,8,7.25,4],"texture":"#0"},"down":{"uv":[11.25,8,7.25,4],"texture":"#0"}}},{"from":[12,0,8],"to":[14,2,10],"faces":{"north":{"uv":[11.25,8,7.25,4],"texture":"#0"},"east":{"uv":[11.25,8,7.25,4],"texture":"#0"},"south":{"uv":[11.25,8,7.25,4],"texture":"#0"},"west":{"uv":[11.25,8,7.25,4],"texture":"#0"},"up":{"uv":[11.25,8,7.25,4],"texture":"#0"},"down":{"uv":[11.25,8,7.25,4],"texture":"#0"}}},{"from":[12,0,10],"to":[14,2,12],"faces":{"north":{"uv":[11.25,8,7.25,4],"texture":"#0"},"east":{"uv":[11.25,8,7.25,4],"texture":"#0"},"south":{"uv":[11.25,8,7.25,4],"texture":"#0"},"west":{"uv":[11.25,8,7.25,4],"texture":"#0"},"up":{"uv":[11.25,8,7.25,4],"texture":"#0"},"down":{"uv":[11.25,8,7.25,4],"texture":"#0"}}},{"from":[12,0,12],"to":[14,2,14],"faces":{"north":{"uv":[15.25,4,11.25,0],"texture":"#0"},"east":{"uv":[15.25,4,11.25,0],"texture":"#0"},"south":{"uv":[15.25,4,11.25,0],"texture":"#0"},"west":{"uv":[15.25,4,11.25,0],"texture":"#0"},"up":{"uv":[15.25,4,11.25,0],"texture":"#0"},"down":{"uv":[15.25,4,11.25,0],"texture":"#0"}}},{"from":[10,0,12],"to":[12,2,14],"faces":{"north":{"uv":[11.25,8,7.25,4],"texture":"#0"},"east":{"uv":[11.25,8,7.25,4],"texture":"#0"},"south":{"uv":[11.25,8,7.25,4],"texture":"#0"},"west":{"uv":[11.25,8,7.25,4],"texture":"#0"},"up":{"uv":[11.25,8,7.25,4],"texture":"#0"},"down":{"uv":[11.25,8,7.25,4],"texture":"#0"}}},{"from":[8,0,12],"to":[10,2,14],"faces":{"north":{"uv":[11.25,8,7.25,4],"texture":"#0"},"east":{"uv":[11.25,8,7.25,4],"texture":"#0"},"south":{"uv":[11.25,8,7.25,4],"texture":"#0"},"west":{"uv":[11.25,8,7.25,4],"texture":"#0"},"up":{"uv":[11.25,8,7.25,4],"texture":"#0"},"down":{"uv":[11.25,8,7.25,4],"texture":"#0"}}},{"from":[6,0,12],"to":[8,2,14],"faces":{"north":{"uv":[11.25,8,7.25,4],"texture":"#0"},"east":{"uv":[11.25,8,7.25,4],"texture":"#0"},"south":{"uv":[11.25,8,7.25,4],"texture":"#0"},"west":{"uv":[11.25,8,7.25,4],"texture":"#0"},"up":{"uv":[11.25,8,7.25,4],"texture":"#0"},"down":{"uv":[11.25,8,7.25,4],"texture":"#0"}}},{"from":[4,0,12],"to":[6,2,14],"faces":{"north":{"uv":[11.25,8,7.25,4],"texture":"#0"},"east":{"uv":[11.25,8,7.25,4],"texture":"#0"},"south":{"uv":[11.25,8,7.25,4],"texture":"#0"},"west":{"uv":[11.25,8,7.25,4],"texture":"#0"},"up":{"uv":[11.25,8,7.25,4],"texture":"#0"},"down":{"uv":[11.25,8,7.25,4],"texture":"#0"}}},{"from":[2,0,12],"to":[4,2,14],"faces":{"north":{"uv":[15.25,4,11.25,0],"texture":"#0"},"east":{"uv":[15.25,4,11.25,0],"texture":"#0"},"south":{"uv":[15.25,4,11.25,0],"texture":"#0"},"west":{"uv":[15.25,4,11.25,0],"texture":"#0"},"up":{"uv":[15.25,4,11.25,0],"texture":"#0"},"down":{"uv":[15.25,4,11.25,0],"texture":"#0"}}},{"from":[2,2,2],"to":[4,4,4],"faces":{"north":{"uv":[15.25,4,11.25,0],"texture":"#0"},"east":{"uv":[15.25,4,11.25,0],"texture":"#0"},"south":{"uv":[15.25,4,11.25,0],"texture":"#0"},"west":{"uv":[15.25,4,11.25,0],"texture":"#0"},"up":{"uv":[15.25,4,11.25,0],"texture":"#0"},"down":{"uv":[15.25,4,11.25,0],"texture":"#0"}}},{"from":[12,2,2],"to":[14,4,4],"faces":{"north":{"uv":[15.25,4,11.25,0],"texture":"#0"},"east":{"uv":[15.25,4,11.25,0],"texture":"#0"},"south":{"uv":[15.25,4,11.25,0],"texture":"#0"},"west":{"uv":[15.25,4,11.25,0],"texture":"#0"},"up":{"uv":[15.25,4,11.25,0],"texture":"#0"},"down":{"uv":[15.25,4,11.25,0],"texture":"#0"}}},{"from":[12,2,12],"to":[14,4,14],"faces":{"north":{"uv":[15.25,4,11.25,0],"texture":"#0"},"east":{"uv":[15.25,4,11.25,0],"texture":"#0"},"south":{"uv":[15.25,4,11.25,0],"texture":"#0"},"west":{"uv":[15.25,4,11.25,0],"texture":"#0"},"up":{"uv":[15.25,4,11.25,0],"texture":"#0"},"down":{"uv":[15.25,4,11.25,0],"texture":"#0"}}},{"from":[2,2,12],"to":[4,4,14],"faces":{"north":{"uv":[15.25,4,11.25,0],"texture":"#0"},"east":{"uv":[15.25,4,11.25,0],"texture":"#0"},"south":{"uv":[15.25,4,11.25,0],"texture":"#0"},"west":{"uv":[15.25,4,11.25,0],"texture":"#0"},"up":{"uv":[15.25,4,11.25,0],"texture":"#0"},"down":{"uv":[15.25,4,11.25,0],"texture":"#0"}}},{"from":[12,4,2],"to":[14,6,4],"faces":{"north":{"uv":[15.25,4,11.25,0],"texture":"#0"},"east":{"uv":[15.25,4,11.25,0],"texture":"#0"},"south":{"uv":[15.25,4,11.25,0],"texture":"#0"},"west":{"uv":[15.25,4,11.25,0],"texture":"#0"},"up":{"uv":[15.25,4,11.25,0],"texture":"#0"},"down":{"uv":[15.25,4,11.25,0],"texture":"#0"}}},{"from":[12,4,12],"to":[14,6,14],"faces":{"north":{"uv":[15.25,4,11.25,0],"texture":"#0"},"east":{"uv":[15.25,4,11.25,0],"texture":"#0"},"south":{"uv":[15.25,4,11.25,0],"texture":"#0"},"west":{"uv":[15.25,4,11.25,0],"texture":"#0"},"up":{"uv":[15.25,4,11.25,0],"texture":"#0"},"down":{"uv":[15.25,4,11.25,0],"texture":"#0"}}},{"from":[2,4,12],"to":[4,6,14],"faces":{"north":{"uv":[15.25,4,11.25,0],"texture":"#0"},"east":{"uv":[15.25,4,11.25,0],"texture":"#0"},"south":{"uv":[15.25,4,11.25,0],"texture":"#0"},"west":{"uv":[15.25,4,11.25,0],"texture":"#0"},"up":{"uv":[15.25,4,11.25,0],"texture":"#0"},"down":{"uv":[15.25,4,11.25,0],"texture":"#0"}}},{"from":[12,6,12],"to":[14,8,14],"faces":{"north":{"uv":[15.25,4,11.25,0],"texture":"#0"},"east":{"uv":[15.25,4,11.25,0],"texture":"#0"},"south":{"uv":[15.25,4,11.25,0],"texture":"#0"},"west":{"uv":[15.25,4,11.25,0],"texture":"#0"},"up":{"uv":[15.25,4,11.25,0],"texture":"#0"},"down":{"uv":[15.25,4,11.25,0],"texture":"#0"}}},{"from":[12,6,2],"to":[14,8,4],"faces":{"north":{"uv":[15.25,4,11.25,0],"texture":"#0"},"east":{"uv":[15.25,4,11.25,0],"texture":"#0"},"south":{"uv":[15.25,4,11.25,0],"texture":"#0"},"west":{"uv":[15.25,4,11.25,0],"texture":"#0"},"up":{"uv":[15.25,4,11.25,0],"texture":"#0"},"down":{"uv":[15.25,4,11.25,0],"texture":"#0"}}},{"from":[2,6,2],"to":[4,8,4],"faces":{"north":{"uv":[15.25,4,11.25,0],"texture":"#0"},"east":{"uv":[15.25,4,11.25,0],"texture":"#0"},"south":{"uv":[15.25,4,11.25,0],"texture":"#0"},"west":{"uv":[15.25,4,11.25,0],"texture":"#0"},"up":{"uv":[15.25,4,11.25,0],"texture":"#0"},"down":{"uv":[15.25,4,11.25,0],"texture":"#0"}}},{"from":[2,0,10],"to":[4,2,12],"faces":{"north":{"uv":[11.25,8,7.25,4],"texture":"#0"},"east":{"uv":[11.25,8,7.25,4],"texture":"#0"},"south":{"uv":[11.25,8,7.25,4],"texture":"#0"},"west":{"uv":[11.25,8,7.25,4],"texture":"#0"},"up":{"uv":[11.25,8,7.25,4],"texture":"#0"},"down":{"uv":[11.25,8,7.25,4],"texture":"#0"}}},{"from":[2,0,8],"to":[4,2,10],"faces":{"north":{"uv":[11.25,8,7.25,4],"texture":"#0"},"east":{"uv":[11.25,8,7.25,4],"texture":"#0"},"south":{"uv":[11.25,8,7.25,4],"texture":"#0"},"west":{"uv":[11.25,8,7.25,4],"texture":"#0"},"up":{"uv":[11.25,8,7.25,4],"texture":"#0"},"down":{"uv":[11.25,8,7.25,4],"texture":"#0"}}},{"from":[2,0,6],"to":[4,2,8],"faces":{"north":{"uv":[11.25,8,7.25,4],"texture":"#0"},"east":{"uv":[11.25,8,7.25,4],"texture":"#0"},"south":{"uv":[11.25,8,7.25,4],"texture":"#0"},"west":{"uv":[11.25,8,7.25,4],"texture":"#0"},"up":{"uv":[11.25,8,7.25,4],"texture":"#0"},"down":{"uv":[11.25,8,7.25,4],"texture":"#0"}}},{"from":[2,0,4],"to":[4,2,6],"faces":{"north":{"uv":[11.25,8,7.25,4],"texture":"#0"},"east":{"uv":[11.25,8,7.25,4],"texture":"#0"},"south":{"uv":[11.25,8,7.25,4],"texture":"#0"},"west":{"uv":[11.25,8,7.25,4],"texture":"#0"},"up":{"uv":[11.25,8,7.25,4],"texture":"#0"},"down":{"uv":[11.25,8,7.25,4],"texture":"#0"}}},{"from":[2.5,3,4],"to":[3.5,4,6],"faces":{"north":{"uv":[11.25,8,7.25,4],"texture":"#0"},"east":{"uv":[11.25,8,7.25,4],"texture":"#0"},"south":{"uv":[11.25,8,7.25,4],"texture":"#0"},"west":{"uv":[11.25,8,7.25,4],"texture":"#0"},"up":{"uv":[11.25,8,7.25,4],"texture":"#0"},"down":{"uv":[11.25,8,7.25,4],"texture":"#0"}}},{"from":[2.5,5,4],"to":[3.5,6,5.5],"faces":{"north":{"uv":[11.25,8,7.25,4],"texture":"#0"},"east":{"uv":[11.25,8,7.25,4],"texture":"#0"},"south":{"uv":[11.25,8,7.25,4],"texture":"#0"},"west":{"uv":[11.25,8,7.25,4],"texture":"#0"},"up":{"uv":[11.25,8,7.25,4],"texture":"#0"},"down":{"uv":[11.25,8,7.25,4],"texture":"#0"}}},{"from":[2.5,3,6],"to":[3.5,4,8],"faces":{"north":{"uv":[11.25,8,7.25,4],"texture":"#0"},"east":{"uv":[11.25,8,7.25,4],"texture":"#0"},"south":{"uv":[11.25,8,7.25,4],"texture":"#0"},"west":{"uv":[11.25,8,7.25,4],"texture":"#0"},"up":{"uv":[11.25,8,7.25,4],"texture":"#0"},"down":{"uv":[11.25,8,7.25,4],"texture":"#0"}}},{"from":[2.5,3,8],"to":[3.5,4,10],"faces":{"north":{"uv":[11.25,8,7.25,4],"texture":"#0"},"east":{"uv":[11.25,8,7.25,4],"texture":"#0"},"south":{"uv":[11.25,8,7.25,4],"texture":"#0"},"west":{"uv":[11.25,8,7.25,4],"texture":"#0"},"up":{"uv":[11.25,8,7.25,4],"texture":"#0"},"down":{"uv":[11.25,8,7.25,4],"texture":"#0"}}},{"from":[2.5,4,4.5],"to":[3.5,5,5.5],"faces":{"north":{"uv":[11.25,8,7.25,4],"texture":"#0"},"east":{"uv":[11.25,8,7.25,4],"texture":"#0"},"south":{"uv":[11.25,8,7.25,4],"texture":"#0"},"west":{"uv":[11.25,8,7.25,4],"texture":"#0"},"up":{"uv":[11.25,8,7.25,4],"texture":"#0"},"down":{"uv":[11.25,8,7.25,4],"texture":"#0"}}},{"from":[2.5,2,4.5],"to":[3.5,3,5.5],"faces":{"north":{"uv":[11.25,8,7.25,4],"texture":"#0"},"east":{"uv":[11.25,8,7.25,4],"texture":"#0"},"south":{"uv":[11.25,8,7.25,4],"texture":"#0"},"west":{"uv":[11.25,8,7.25,4],"texture":"#0"},"up":{"uv":[11.25,8,7.25,4],"texture":"#0"},"down":{"uv":[11.25,8,7.25,4],"texture":"#0"}}},{"from":[2.5,2,6.5],"to":[3.5,3,7.5],"faces":{"north":{"uv":[11.25,8,7.25,4],"texture":"#0"},"east":{"uv":[11.25,8,7.25,4],"texture":"#0"},"south":{"uv":[11.25,8,7.25,4],"texture":"#0"},"west":{"uv":[11.25,8,7.25,4],"texture":"#0"},"up":{"uv":[11.25,8,7.25,4],"texture":"#0"},"down":{"uv":[11.25,8,7.25,4],"texture":"#0"}}},{"from":[2.5,2,8.5],"to":[3.5,3,9.5],"faces":{"north":{"uv":[11.25,8,7.25,4],"texture":"#0"},"east":{"uv":[11.25,8,7.25,4],"texture":"#0"},"south":{"uv":[11.25,8,7.25,4],"texture":"#0"},"west":{"uv":[11.25,8,7.25,4],"texture":"#0"},"up":{"uv":[11.25,8,7.25,4],"texture":"#0"},"down":{"uv":[11.25,8,7.25,4],"texture":"#0"}}},{"from":[2.5,4,8.5],"to":[3.5,5,9.5],"faces":{"north":{"uv":[11.25,8,7.25,4],"texture":"#0"},"east":{"uv":[11.25,8,7.25,4],"texture":"#0"},"south":{"uv":[11.25,8,7.25,4],"texture":"#0"},"west":{"uv":[11.25,8,7.25,4],"texture":"#0"},"up":{"uv":[11.25,8,7.25,4],"texture":"#0"},"down":{"uv":[11.25,8,7.25,4],"texture":"#0"}}},{"from":[2.5,5,8.5],"to":[3.5,6,9.5],"faces":{"north":{"uv":[11.25,8,7.25,4],"texture":"#0"},"east":{"uv":[11.25,8,7.25,4],"texture":"#0"},"south":{"uv":[11.25,8,7.25,4],"texture":"#0"},"west":{"uv":[11.25,8,7.25,4],"texture":"#0"},"up":{"uv":[11.25,8,7.25,4],"texture":"#0"},"down":{"uv":[11.25,8,7.25,4],"texture":"#0"}}},{"from":[2.5,2,10.5],"to":[3.5,3,11.5],"faces":{"north":{"uv":[11.25,8,7.25,4],"texture":"#0"},"east":{"uv":[11.25,8,7.25,4],"texture":"#0"},"south":{"uv":[11.25,8,7.25,4],"texture":"#0"},"west":{"uv":[11.25,8,7.25,4],"texture":"#0"},"up":{"uv":[11.25,8,7.25,4],"texture":"#0"},"down":{"uv":[11.25,8,7.25,4],"texture":"#0"}}},{"from":[2.5,3,10],"to":[3.5,4,12],"faces":{"north":{"uv":[11.25,8,7.25,4],"texture":"#0"},"east":{"uv":[11.25,8,7.25,4],"texture":"#0"},"south":{"uv":[11.25,8,7.25,4],"texture":"#0"},"west":{"uv":[11.25,8,7.25,4],"texture":"#0"},"up":{"uv":[11.25,8,7.25,4],"texture":"#0"},"down":{"uv":[11.25,8,7.25,4],"texture":"#0"}}},{"from":[10.5,2,2.5],"to":[11.5,3,3.5],"faces":{"north":{"uv":[11.25,8,7.25,4],"texture":"#0"},"east":{"uv":[11.25,8,7.25,4],"texture":"#0"},"south":{"uv":[11.25,8,7.25,4],"texture":"#0"},"west":{"uv":[11.25,8,7.25,4],"texture":"#0"},"up":{"uv":[11.25,8,7.25,4],"texture":"#0"},"down":{"uv":[11.25,8,7.25,4],"texture":"#0"}}},{"from":[10,3,2.5],"to":[12,4,3.5],"faces":{"north":{"uv":[11.25,8,7.25,4],"texture":"#0"},"east":{"uv":[11.25,8,7.25,4],"texture":"#0"},"south":{"uv":[11.25,8,7.25,4],"texture":"#0"},"west":{"uv":[11.25,8,7.25,4],"texture":"#0"},"up":{"uv":[11.25,8,7.25,4],"texture":"#0"},"down":{"uv":[11.25,8,7.25,4],"texture":"#0"}}},{"from":[8,3,2.5],"to":[10,4,3.5],"faces":{"north":{"uv":[11.25,8,7.25,4],"texture":"#0"},"east":{"uv":[11.25,8,7.25,4],"texture":"#0"},"south":{"uv":[11.25,8,7.25,4],"texture":"#0"},"west":{"uv":[11.25,8,7.25,4],"texture":"#0"},"up":{"uv":[11.25,8,7.25,4],"texture":"#0"},"down":{"uv":[11.25,8,7.25,4],"texture":"#0"}}},{"from":[8.5,2,2.5],"to":[9.5,3,3.5],"faces":{"north":{"uv":[11.25,8,7.25,4],"texture":"#0"},"east":{"uv":[11.25,8,7.25,4],"texture":"#0"},"south":{"uv":[11.25,8,7.25,4],"texture":"#0"},"west":{"uv":[11.25,8,7.25,4],"texture":"#0"},"up":{"uv":[11.25,8,7.25,4],"texture":"#0"},"down":{"uv":[11.25,8,7.25,4],"texture":"#0"}}},{"from":[6.5,2,2.5],"to":[7.5,3,3.5],"faces":{"north":{"uv":[11.25,8,7.25,4],"texture":"#0"},"east":{"uv":[11.25,8,7.25,4],"texture":"#0"},"south":{"uv":[11.25,8,7.25,4],"texture":"#0"},"west":{"uv":[11.25,8,7.25,4],"texture":"#0"},"up":{"uv":[11.25,8,7.25,4],"texture":"#0"},"down":{"uv":[11.25,8,7.25,4],"texture":"#0"}}},{"from":[6,3,2.5],"to":[8,4,3.5],"faces":{"north":{"uv":[11.25,8,7.25,4],"texture":"#0"},"east":{"uv":[11.25,8,7.25,4],"texture":"#0"},"south":{"uv":[11.25,8,7.25,4],"texture":"#0"},"west":{"uv":[11.25,8,7.25,4],"texture":"#0"},"up":{"uv":[11.25,8,7.25,4],"texture":"#0"},"down":{"uv":[11.25,8,7.25,4],"texture":"#0"}}},{"from":[4.5,2,2.5],"to":[5.5,3,3.5],"faces":{"north":{"uv":[11.25,8,7.25,4],"texture":"#0"},"east":{"uv":[11.25,8,7.25,4],"texture":"#0"},"south":{"uv":[11.25,8,7.25,4],"texture":"#0"},"west":{"uv":[11.25,8,7.25,4],"texture":"#0"},"up":{"uv":[11.25,8,7.25,4],"texture":"#0"},"down":{"uv":[11.25,8,7.25,4],"texture":"#0"}}},{"from":[4,3,2.5],"to":[6,4,3.5],"faces":{"north":{"uv":[11.25,8,7.25,4],"texture":"#0"},"east":{"uv":[11.25,8,7.25,4],"texture":"#0"},"south":{"uv":[11.25,8,7.25,4],"texture":"#0"},"west":{"uv":[11.25,8,7.25,4],"texture":"#0"},"up":{"uv":[11.25,8,7.25,4],"texture":"#0"},"down":{"uv":[11.25,8,7.25,4],"texture":"#0"}}},{"from":[6.5,4,2.5],"to":[7.5,5,3.5],"faces":{"north":{"uv":[11.25,8,7.25,4],"texture":"#0"},"east":{"uv":[11.25,8,7.25,4],"texture":"#0"},"south":{"uv":[11.25,8,7.25,4],"texture":"#0"},"west":{"uv":[11.25,8,7.25,4],"texture":"#0"},"up":{"uv":[11.25,8,7.25,4],"texture":"#0"},"down":{"uv":[11.25,8,7.25,4],"texture":"#0"}}},{"from":[6,5,2.5],"to":[8,6,3.5],"faces":{"north":{"uv":[11.25,8,7.25,4],"texture":"#0"},"east":{"uv":[11.25,8,7.25,4],"texture":"#0"},"south":{"uv":[11.25,8,7.25,4],"texture":"#0"},"west":{"uv":[11.25,8,7.25,4],"texture":"#0"},"up":{"uv":[11.25,8,7.25,4],"texture":"#0"},"down":{"uv":[11.25,8,7.25,4],"texture":"#0"}}},{"from":[8,5,2.5],"to":[10,6,3.5],"faces":{"north":{"uv":[11.25,8,7.25,4],"texture":"#0"},"east":{"uv":[11.25,8,7.25,4],"texture":"#0"},"south":{"uv":[11.25,8,7.25,4],"texture":"#0"},"west":{"uv":[11.25,8,7.25,4],"texture":"#0"},"up":{"uv":[11.25,8,7.25,4],"texture":"#0"},"down":{"uv":[11.25,8,7.25,4],"texture":"#0"}}},{"from":[12.5,3,6],"to":[13.5,4,8],"faces":{"north":{"uv":[11.25,8,7.25,4],"texture":"#0"},"east":{"uv":[11.25,8,7.25,4],"texture":"#0"},"south":{"uv":[11.25,8,7.25,4],"texture":"#0"},"west":{"uv":[11.25,8,7.25,4],"texture":"#0"},"up":{"uv":[11.25,8,7.25,4],"texture":"#0"},"down":{"uv":[11.25,8,7.25,4],"texture":"#0"}}},{"from":[12.5,3,4],"to":[13.5,4,6],"faces":{"north":{"uv":[11.25,8,7.25,4],"texture":"#0"},"east":{"uv":[11.25,8,7.25,4],"texture":"#0"},"south":{"uv":[11.25,8,7.25,4],"texture":"#0"},"west":{"uv":[11.25,8,7.25,4],"texture":"#0"},"up":{"uv":[11.25,8,7.25,4],"texture":"#0"},"down":{"uv":[11.25,8,7.25,4],"texture":"#0"}}},{"from":[12.5,3,8],"to":[13.5,4,10],"faces":{"north":{"uv":[11.25,8,7.25,4],"texture":"#0"},"east":{"uv":[11.25,8,7.25,4],"texture":"#0"},"south":{"uv":[11.25,8,7.25,4],"texture":"#0"},"west":{"uv":[11.25,8,7.25,4],"texture":"#0"},"up":{"uv":[11.25,8,7.25,4],"texture":"#0"},"down":{"uv":[11.25,8,7.25,4],"texture":"#0"}}},{"from":[12.5,3,10],"to":[13.5,4,12],"faces":{"north":{"uv":[11.25,8,7.25,4],"texture":"#0"},"east":{"uv":[11.25,8,7.25,4],"texture":"#0"},"south":{"uv":[11.25,8,7.25,4],"texture":"#0"},"west":{"uv":[11.25,8,7.25,4],"texture":"#0"},"up":{"uv":[11.25,8,7.25,4],"texture":"#0"},"down":{"uv":[11.25,8,7.25,4],"texture":"#0"}}},{"from":[12.5,2,10.5],"to":[13.5,3,11.5],"faces":{"north":{"uv":[11.25,8,7.25,4],"texture":"#0"},"east":{"uv":[11.25,8,7.25,4],"texture":"#0"},"south":{"uv":[11.25,8,7.25,4],"texture":"#0"},"west":{"uv":[11.25,8,7.25,4],"texture":"#0"},"up":{"uv":[11.25,8,7.25,4],"texture":"#0"},"down":{"uv":[11.25,8,7.25,4],"texture":"#0"}}},{"from":[12.5,2,8.5],"to":[13.5,3,9.5],"faces":{"north":{"uv":[11.25,8,7.25,4],"texture":"#0"},"east":{"uv":[11.25,8,7.25,4],"texture":"#0"},"south":{"uv":[11.25,8,7.25,4],"texture":"#0"},"west":{"uv":[11.25,8,7.25,4],"texture":"#0"},"up":{"uv":[11.25,8,7.25,4],"texture":"#0"},"down":{"uv":[11.25,8,7.25,4],"texture":"#0"}}},{"from":[12.5,2,6.5],"to":[13.5,3,7.5],"faces":{"north":{"uv":[11.25,8,7.25,4],"texture":"#0"},"east":{"uv":[11.25,8,7.25,4],"texture":"#0"},"south":{"uv":[11.25,8,7.25,4],"texture":"#0"},"west":{"uv":[11.25,8,7.25,4],"texture":"#0"},"up":{"uv":[11.25,8,7.25,4],"texture":"#0"},"down":{"uv":[11.25,8,7.25,4],"texture":"#0"}}},{"from":[12.5,2,4.5],"to":[13.5,3,5.5],"faces":{"north":{"uv":[11.25,8,7.25,4],"texture":"#0"},"east":{"uv":[11.25,8,7.25,4],"texture":"#0"},"south":{"uv":[11.25,8,7.25,4],"texture":"#0"},"west":{"uv":[11.25,8,7.25,4],"texture":"#0"},"up":{"uv":[11.25,8,7.25,4],"texture":"#0"},"down":{"uv":[11.25,8,7.25,4],"texture":"#0"}}},{"from":[12.5,4,4.5],"to":[13.5,5,5.5],"faces":{"north":{"uv":[11.25,8,7.25,4],"texture":"#0"},"east":{"uv":[11.25,8,7.25,4],"texture":"#0"},"south":{"uv":[11.25,8,7.25,4],"texture":"#0"},"west":{"uv":[11.25,8,7.25,4],"texture":"#0"},"up":{"uv":[11.25,8,7.25,4],"texture":"#0"},"down":{"uv":[11.25,8,7.25,4],"texture":"#0"}}},{"from":[12.5,5,10],"to":[13.5,6,12],"faces":{"north":{"uv":[11.25,8,7.25,4],"texture":"#0"},"east":{"uv":[11.25,8,7.25,4],"texture":"#0"},"south":{"uv":[11.25,8,7.25,4],"texture":"#0"},"west":{"uv":[11.25,8,7.25,4],"texture":"#0"},"up":{"uv":[11.25,8,7.25,4],"texture":"#0"},"down":{"uv":[11.25,8,7.25,4],"texture":"#0"}}},{"from":[12.5,5,8.5],"to":[13.5,6,10],"faces":{"north":{"uv":[11.25,8,7.25,4],"texture":"#0"},"east":{"uv":[11.25,8,7.25,4],"texture":"#0"},"south":{"uv":[11.25,8,7.25,4],"texture":"#0"},"west":{"uv":[11.25,8,7.25,4],"texture":"#0"},"up":{"uv":[11.25,8,7.25,4],"texture":"#0"},"down":{"uv":[11.25,8,7.25,4],"texture":"#0"}}},{"from":[12.5,5,4],"to":[13.5,6,5.5],"faces":{"north":{"uv":[11.25,8,7.25,4],"texture":"#0"},"east":{"uv":[11.25,8,7.25,4],"texture":"#0"},"south":{"uv":[11.25,8,7.25,4],"texture":"#0"},"west":{"uv":[11.25,8,7.25,4],"texture":"#0"},"up":{"uv":[11.25,8,7.25,4],"texture":"#0"},"down":{"uv":[11.25,8,7.25,4],"texture":"#0"}}},{"from":[12.5,4,10.5],"to":[13.5,5,11.5],"faces":{"north":{"uv":[11.25,8,7.25,4],"texture":"#0"},"east":{"uv":[11.25,8,7.25,4],"texture":"#0"},"south":{"uv":[11.25,8,7.25,4],"texture":"#0"},"west":{"uv":[11.25,8,7.25,4],"texture":"#0"},"up":{"uv":[11.25,8,7.25,4],"texture":"#0"},"down":{"uv":[11.25,8,7.25,4],"texture":"#0"}}},{"from":[12.5,4,8.5],"to":[13.5,5,9.5],"faces":{"north":{"uv":[11.25,8,7.25,4],"texture":"#0"},"east":{"uv":[11.25,8,7.25,4],"texture":"#0"},"south":{"uv":[11.25,8,7.25,4],"texture":"#0"},"west":{"uv":[11.25,8,7.25,4],"texture":"#0"},"up":{"uv":[11.25,8,7.25,4],"texture":"#0"},"down":{"uv":[11.25,8,7.25,4],"texture":"#0"}}}],"groups":[{"name":"allay","origin":[8,8,8],"color":0,"nbt":"{}","armAnimationEnabled":false,"children":[0,1,2,3,4,5,6,7,8,9,10,11,12,13,14,15,16,17,18,19,20,21,22,23,24,25,26,27,28,29,30,31,32,33,34,35,36,37,38,39,40,41,42,43,44,45,46,47,48,49,50,51,52,53,54,55,56,57,58,59,60,61,62,63,64,65,66,67,68,69,70,71,72,73,74,75,76,77,78,79,80,81,82,83,84,85,86,87,88,89,90,91,92,93,94,95,96,97,98,99,100,101,102,103,104,105,106,107,108,109,110]}]}