{"credit":"P13D_orginal","textures":{"0":"block_invocación","particle":"block_invocación"},"elements":[{"from":[5,8,5],"to":[11,14,11],"faces":{"north":{"uv":[0,0,8,8],"texture":"#0"},"east":{"uv":[0,0,8,8],"texture":"#0"},"south":{"uv":[0,0,8,8],"texture":"#0"},"west":{"uv":[0,0,8,8],"texture":"#0"},"up":{"uv":[0,0,8,8],"texture":"#0"},"down":{"uv":[0,0,8,8],"texture":"#0"}}},{"from":[3,0,3],"to":[13,8,13],"faces":{"north":{"uv":[8,2,16,8],"texture":"#0"},"east":{"uv":[8,2,16,8],"texture":"#0"},"south":{"uv":[8,2,16,8],"texture":"#0"},"west":{"uv":[8,2,16,8],"texture":"#0"},"up":{"uv":[0,8,8,16],"texture":"#0"},"down":{"uv":[8,2,16,8],"texture":"#0"}}},{"from":[3,8,3],"to":[13,16,13],"faces":{"north":{"uv":[8,8,16,16],"texture":"#0"},"east":{"uv":[8,8,16,16],"texture":"#0"},"south":{"uv":[8,8,16,16],"texture":"#0"},"west":{"uv":[8,8,16,16],"texture":"#0"},"up":{"uv":[8,8,16,16],"texture":"#0"}}}],"groups":[{"name":"block","origin":[0,0,0],"color":0,"nbt":"{}","armAnimationEnabled":false,"children":[0,1,2]}]}