{"credit":"P13D_orginal","texture_size":[32,32],"textures":{"0":"blokyblock_stone","particle":"blokyblock_stone"},"elements":[{"from":[0,0,0],"to":[16,16,16],"faces":{"north":{"uv":[8,0,16,8],"texture":"#0"},"east":{"uv":[0,0,8,8],"texture":"#0"},"south":{"uv":[8,0,16,8],"texture":"#0"},"west":{"uv":[0,0,8,8],"texture":"#0"},"up":{"uv":[0,0,8,8],"texture":"#0"},"down":{"uv":[0,0,8,8],"texture":"#0"}}},{"from":[5,17,1],"to":[7,21,3],"rotation":{"angle":22.5,"axis":"x","origin":[0,0,0]},"faces":{"north":{"uv":[0,8,3.5,11.5],"texture":"#0"},"east":{"uv":[0,8,3.5,11.5],"texture":"#0"},"south":{"uv":[0,8,3.5,11.5],"texture":"#0"},"west":{"uv":[0,8,3.5,11.5],"texture":"#0"},"up":{"uv":[0,8,3.5,11.5],"texture":"#0"},"down":{"uv":[0,8,3.5,11.5],"texture":"#0"}}},{"from":[13,8,15],"to":[15,12,17],"rotation":{"angle":-22.5,"axis":"x","origin":[0,0,0]},"faces":{"north":{"uv":[0,8,3.5,11.5],"texture":"#0"},"east":{"uv":[0,8,3.5,11.5],"texture":"#0"},"south":{"uv":[0,8,3.5,11.5],"texture":"#0"},"west":{"uv":[0,8,3.5,11.5],"texture":"#0"},"up":{"uv":[0,8,3.5,11.5],"texture":"#0"},"down":{"uv":[0,8,3.5,11.5],"texture":"#0"}}},{"from":[5,12,9],"to":[7,14,13],"rotation":{"angle":22.5,"axis":"x","origin":[0,0,0]},"faces":{"north":{"uv":[0,8,3.5,11.5],"rotation":180,"texture":"#0"},"east":{"uv":[0,8,3.5,11.5],"rotation":270,"texture":"#0"},"south":{"uv":[0,8,3.5,11.5],"texture":"#0"},"west":{"uv":[0,8,3.5,11.5],"rotation":90,"texture":"#0"},"up":{"uv":[0,8,3.5,11.5],"rotation":180,"texture":"#0"},"down":{"uv":[0,8,3.5,11.5],"texture":"#0"}}},{"from":[5,4,9],"to":[7,6,13],"rotation":{"angle":22.5,"axis":"x","origin":[0,0,0]},"faces":{"north":{"uv":[0,8,3.5,11.5],"rotation":180,"texture":"#0"},"east":{"uv":[0,8,3.5,11.5],"rotation":270,"texture":"#0"},"south":{"uv":[0,8,3.5,11.5],"texture":"#0"},"west":{"uv":[0,8,3.5,11.5],"rotation":90,"texture":"#0"},"up":{"uv":[0,8,3.5,11.5],"rotation":180,"texture":"#0"},"down":{"uv":[0,8,3.5,11.5],"texture":"#0"}}},{"from":[10,2,0],"to":[12,4,4],"rotation":{"angle":45,"axis":"x","origin":[0,0,0]},"faces":{"north":{"uv":[0,8,3.5,11.5],"rotation":180,"texture":"#0"},"east":{"uv":[0,8,3.5,11.5],"rotation":270,"texture":"#0"},"south":{"uv":[0,8,3.5,11.5],"texture":"#0"},"west":{"uv":[0,8,3.5,11.5],"rotation":90,"texture":"#0"},"up":{"uv":[0,8,3.5,11.5],"rotation":180,"texture":"#0"},"down":{"uv":[0,8,3.5,11.5],"texture":"#0"}}},{"from":[3,-4,2],"to":[5,0,4],"rotation":{"angle":-22.5,"axis":"x","origin":[0,0,0]},"faces":{"north":{"uv":[0,8,3.5,11.5],"rotation":180,"texture":"#0"},"east":{"uv":[0,8,3.5,11.5],"rotation":180,"texture":"#0"},"south":{"uv":[0,8,3.5,11.5],"rotation":180,"texture":"#0"},"west":{"uv":[0,8,3.5,11.5],"rotation":180,"texture":"#0"},"up":{"uv":[0,8,3.5,11.5],"texture":"#0"},"down":{"uv":[0,8,3.5,11.5],"texture":"#0"}}},{"from":[9,-1,8],"to":[12,3,11],"faces":{"north":{"uv":[0,8,3.5,11.5],"rotation":180,"texture":"#0"},"east":{"uv":[0,8,3.5,11.5],"rotation":180,"texture":"#0"},"south":{"uv":[0,8,3.5,11.5],"rotation":180,"texture":"#0"},"west":{"uv":[0,8,3.5,11.5],"rotation":180,"texture":"#0"},"up":{"uv":[0,8,3.5,11.5],"texture":"#0"},"down":{"uv":[0,8,3.5,11.5],"texture":"#0"}}},{"from":[7,12,8],"to":[11,14,10],"rotation":{"angle":45,"axis":"y","origin":[0,0,0]},"faces":{"north":{"uv":[0,8,3.5,11.5],"rotation":270,"texture":"#0"},"east":{"uv":[0,8,3.5,11.5],"texture":"#0"},"south":{"uv":[0,8,3.5,11.5],"rotation":90,"texture":"#0"},"west":{"uv":[0,8,3.5,11.5],"rotation":180,"texture":"#0"},"up":{"uv":[0,8,3.5,11.5],"rotation":90,"texture":"#0"},"down":{"uv":[0,8,3.5,11.5],"rotation":90,"texture":"#0"}}},{"from":[3,8,10],"to":[7,10,12],"rotation":{"angle":-22.5,"axis":"y","origin":[0,0,0]},"faces":{"north":{"uv":[0,8,3.5,11.5],"rotation":90,"texture":"#0"},"east":{"uv":[0,8,3.5,11.5],"rotation":90,"texture":"#0"},"south":{"uv":[0,8,3.5,11.5],"rotation":270,"texture":"#0"},"west":{"uv":[0,8,3.5,11.5],"rotation":90,"texture":"#0"},"up":{"uv":[0,8,3.5,11.5],"rotation":270,"texture":"#0"},"down":{"uv":[0,8,3.5,11.5],"rotation":270,"texture":"#0"}}},{"from":[-1,11,0],"to":[3,13,2],"rotation":{"angle":-22.5,"axis":"y","origin":[0,0,0]},"faces":{"north":{"uv":[0,8,3.5,11.5],"rotation":90,"texture":"#0"},"east":{"uv":[0,8,3.5,11.5],"rotation":90,"texture":"#0"},"south":{"uv":[0,8,3.5,11.5],"rotation":270,"texture":"#0"},"west":{"uv":[0,8,3.5,11.5],"rotation":90,"texture":"#0"},"up":{"uv":[0,8,3.5,11.5],"rotation":270,"texture":"#0"},"down":{"uv":[0,8,3.5,11.5],"rotation":270,"texture":"#0"}}},{"from":[18,8,5],"to":[22,10,7],"rotation":{"angle":-22.5,"axis":"y","origin":[0,0,0]},"faces":{"north":{"uv":[0,8,3.5,11.5],"rotation":90,"texture":"#0"},"east":{"uv":[0,8,3.5,11.5],"rotation":90,"texture":"#0"},"south":{"uv":[0,8,3.5,11.5],"rotation":270,"texture":"#0"},"west":{"uv":[0,8,3.5,11.5],"rotation":90,"texture":"#0"},"up":{"uv":[0,8,3.5,11.5],"rotation":270,"texture":"#0"},"down":{"uv":[0,8,3.5,11.5],"rotation":270,"texture":"#0"}}},{"from":[2,8,2],"to":[4,10,6],"rotation":{"angle":45,"axis":"y","origin":[0,0,0]},"faces":{"north":{"uv":[0,8,3.5,11.5],"rotation":90,"texture":"#0"},"east":{"uv":[0,8,3.5,11.5],"rotation":270,"texture":"#0"},"south":{"uv":[0,8,3.5,11.5],"rotation":90,"texture":"#0"},"west":{"uv":[0,8,3.5,11.5],"rotation":90,"texture":"#0"},"up":{"uv":[0,8,3.5,11.5],"rotation":180,"texture":"#0"},"down":{"uv":[0,8,3.5,11.5],"texture":"#0"}}},{"from":[-5,4,2],"to":[-1,6,4],"rotation":{"angle":45,"axis":"y","origin":[0,0,0]},"faces":{"north":{"uv":[0,8,3.5,11.5],"rotation":90,"texture":"#0"},"east":{"uv":[0,8,3.5,11.5],"rotation":270,"texture":"#0"},"south":{"uv":[0,8,3.5,11.5],"rotation":90,"texture":"#0"},"west":{"uv":[0,8,3.5,11.5],"rotation":90,"texture":"#0"},"up":{"uv":[0,8,3.5,11.5],"rotation":180,"texture":"#0"},"down":{"uv":[0,8,3.5,11.5],"texture":"#0"}}},{"from":[5,4,15],"to":[9,6,17],"rotation":{"angle":45,"axis":"y","origin":[0,0,0]},"faces":{"north":{"uv":[0,8,3.5,11.5],"rotation":90,"texture":"#0"},"east":{"uv":[0,8,3.5,11.5],"rotation":270,"texture":"#0"},"south":{"uv":[0,8,3.5,11.5],"rotation":90,"texture":"#0"},"west":{"uv":[0,8,3.5,11.5],"rotation":90,"texture":"#0"},"up":{"uv":[0,8,3.5,11.5],"rotation":180,"texture":"#0"},"down":{"uv":[0,8,3.5,11.5],"texture":"#0"}}},{"from":[5,8,12],"to":[8,11,17],"rotation":{"angle":45,"axis":"y","origin":[0,0,0]},"faces":{"north":{"uv":[0,8,3.5,11.5],"rotation":90,"texture":"#0"},"east":{"uv":[0,8,3.5,11.5],"rotation":270,"texture":"#0"},"south":{"uv":[0,8,3.5,11.5],"rotation":90,"texture":"#0"},"west":{"uv":[0,8,3.5,11.5],"rotation":90,"texture":"#0"},"up":{"uv":[0,8,3.5,11.5],"rotation":180,"texture":"#0"},"down":{"uv":[0,8,3.5,11.5],"texture":"#0"}}},{"from":[10,14,-4],"to":[13,17,-1],"rotation":{"angle":-22.5,"axis":"y","origin":[0,0,0]},"faces":{"north":{"uv":[0,8,3.5,11.5],"rotation":270,"texture":"#0"},"east":{"uv":[0,8,3.5,11.5],"rotation":90,"texture":"#0"},"south":{"uv":[0,8,3.5,11.5],"rotation":90,"texture":"#0"},"west":{"uv":[0,8,3.5,11.5],"rotation":90,"texture":"#0"},"up":{"uv":[0,8,3.5,11.5],"rotation":90,"texture":"#0"},"down":{"uv":[0,8,3.5,11.5],"rotation":90,"texture":"#0"}}}],"groups":[{"name":"bloque","origin":[8,8,8],"color":0,"children":[0,1,2,3,4,5,6,7,8,9,10,11,12,13,14,15,16]}]}