{
	"credit": "Made with Blockbench",
	"texture_size": [64, 64],
	"textures": {
		"3": "ghast"
	},
	"elements": [
		{
			"name": "obsidian",
			"from": [0, 0, 0],
			"to": [2, 2, 2],
			"faces": {
				"north": {"uv": [4, 8, 8, 12], "texture": "#3"},
				"east": {"uv": [4, 8, 8, 12], "texture": "#3"},
				"south": {"uv": [4, 8, 8, 12], "texture": "#3"},
				"west": {"uv": [4, 8, 8, 12], "texture": "#3"},
				"up": {"uv": [4, 8, 8, 12], "texture": "#3"},
				"down": {"uv": [4, 8, 8, 12], "texture": "#3"}
			}
		},
		{
			"name": "obsidian",
			"from": [2, 0, 0],
			"to": [4, 2, 2],
			"faces": {
				"north": {"uv": [4, 8, 8, 12], "texture": "#3"},
				"east": {"uv": [4, 8, 8, 12], "texture": "#3"},
				"south": {"uv": [4, 8, 8, 12], "texture": "#3"},
				"west": {"uv": [4, 8, 8, 12], "texture": "#3"},
				"up": {"uv": [4, 8, 8, 12], "texture": "#3"},
				"down": {"uv": [4, 8, 8, 12], "texture": "#3"}
			}
		},
		{
			"name": "obsidian",
			"from": [4, 0, 0],
			"to": [6, 2, 2],
			"faces": {
				"north": {"uv": [4, 8, 8, 12], "texture": "#3"},
				"east": {"uv": [4, 8, 8, 12], "texture": "#3"},
				"south": {"uv": [4, 8, 8, 12], "texture": "#3"},
				"west": {"uv": [4, 8, 8, 12], "texture": "#3"},
				"up": {"uv": [4, 8, 8, 12], "texture": "#3"},
				"down": {"uv": [4, 8, 8, 12], "texture": "#3"}
			}
		},
		{
			"name": "obsidian",
			"from": [8, 0, 0],
			"to": [10, 2, 2],
			"faces": {
				"north": {"uv": [4, 8, 8, 12], "texture": "#3"},
				"east": {"uv": [4, 8, 8, 12], "texture": "#3"},
				"south": {"uv": [4, 8, 8, 12], "texture": "#3"},
				"west": {"uv": [4, 8, 8, 12], "texture": "#3"},
				"up": {"uv": [4, 8, 8, 12], "texture": "#3"},
				"down": {"uv": [4, 8, 8, 12], "texture": "#3"}
			}
		},
		{
			"name": "obsidian",
			"from": [6, 0, 0],
			"to": [8, 2, 2],
			"faces": {
				"north": {"uv": [4, 8, 8, 12], "texture": "#3"},
				"east": {"uv": [4, 8, 8, 12], "texture": "#3"},
				"south": {"uv": [4, 8, 8, 12], "texture": "#3"},
				"west": {"uv": [4, 8, 8, 12], "texture": "#3"},
				"up": {"uv": [4, 8, 8, 12], "texture": "#3"},
				"down": {"uv": [4, 8, 8, 12], "texture": "#3"}
			}
		},
		{
			"name": "obsidian",
			"from": [10, 0, 0],
			"to": [12, 2, 2],
			"faces": {
				"north": {"uv": [4, 8, 8, 12], "texture": "#3"},
				"east": {"uv": [4, 8, 8, 12], "texture": "#3"},
				"south": {"uv": [4, 8, 8, 12], "texture": "#3"},
				"west": {"uv": [4, 8, 8, 12], "texture": "#3"},
				"up": {"uv": [4, 8, 8, 12], "texture": "#3"},
				"down": {"uv": [4, 8, 8, 12], "texture": "#3"}
			}
		},
		{
			"name": "obsidian",
			"from": [12, 0, 0],
			"to": [14, 2, 2],
			"faces": {
				"north": {"uv": [4, 8, 8, 12], "texture": "#3"},
				"east": {"uv": [4, 8, 8, 12], "texture": "#3"},
				"south": {"uv": [4, 8, 8, 12], "texture": "#3"},
				"west": {"uv": [4, 8, 8, 12], "texture": "#3"},
				"up": {"uv": [4, 8, 8, 12], "texture": "#3"},
				"down": {"uv": [4, 8, 8, 12], "texture": "#3"}
			}
		},
		{
			"name": "obsidian",
			"from": [14, 0, 0],
			"to": [16, 2, 2],
			"faces": {
				"north": {"uv": [4, 8, 8, 12], "texture": "#3"},
				"east": {"uv": [4, 8, 8, 12], "texture": "#3"},
				"south": {"uv": [4, 8, 8, 12], "texture": "#3"},
				"west": {"uv": [4, 8, 8, 12], "texture": "#3"},
				"up": {"uv": [4, 8, 8, 12], "texture": "#3"},
				"down": {"uv": [4, 8, 8, 12], "texture": "#3"}
			}
		},
		{
			"name": "obsidian",
			"from": [0, 0, 2],
			"to": [2, 2, 4],
			"faces": {
				"north": {"uv": [4, 8, 8, 12], "texture": "#3"},
				"east": {"uv": [4, 8, 8, 12], "texture": "#3"},
				"south": {"uv": [4, 8, 8, 12], "texture": "#3"},
				"west": {"uv": [4, 8, 8, 12], "texture": "#3"},
				"up": {"uv": [4, 8, 8, 12], "texture": "#3"},
				"down": {"uv": [4, 8, 8, 12], "texture": "#3"}
			}
		},
		{
			"name": "obsidian",
			"from": [2, 0, 2],
			"to": [4, 2, 4],
			"faces": {
				"north": {"uv": [4, 8, 8, 12], "texture": "#3"},
				"east": {"uv": [4, 8, 8, 12], "texture": "#3"},
				"south": {"uv": [4, 8, 8, 12], "texture": "#3"},
				"west": {"uv": [4, 8, 8, 12], "texture": "#3"},
				"up": {"uv": [4, 8, 8, 12], "texture": "#3"},
				"down": {"uv": [4, 8, 8, 12], "texture": "#3"}
			}
		},
		{
			"name": "obsidian",
			"from": [4, 0, 2],
			"to": [6, 2, 4],
			"faces": {
				"north": {"uv": [4, 8, 8, 12], "texture": "#3"},
				"east": {"uv": [4, 8, 8, 12], "texture": "#3"},
				"south": {"uv": [4, 8, 8, 12], "texture": "#3"},
				"west": {"uv": [4, 8, 8, 12], "texture": "#3"},
				"up": {"uv": [4, 8, 8, 12], "texture": "#3"},
				"down": {"uv": [4, 8, 8, 12], "texture": "#3"}
			}
		},
		{
			"name": "obsidian",
			"from": [8, 0, 2],
			"to": [10, 2, 4],
			"faces": {
				"north": {"uv": [4, 8, 8, 12], "texture": "#3"},
				"east": {"uv": [4, 8, 8, 12], "texture": "#3"},
				"south": {"uv": [4, 8, 8, 12], "texture": "#3"},
				"west": {"uv": [4, 8, 8, 12], "texture": "#3"},
				"up": {"uv": [4, 8, 8, 12], "texture": "#3"},
				"down": {"uv": [4, 8, 8, 12], "texture": "#3"}
			}
		},
		{
			"name": "obsidian",
			"from": [6, 0, 2],
			"to": [8, 2, 4],
			"faces": {
				"north": {"uv": [4, 8, 8, 12], "texture": "#3"},
				"east": {"uv": [4, 8, 8, 12], "texture": "#3"},
				"south": {"uv": [4, 8, 8, 12], "texture": "#3"},
				"west": {"uv": [4, 8, 8, 12], "texture": "#3"},
				"up": {"uv": [4, 8, 8, 12], "texture": "#3"},
				"down": {"uv": [4, 8, 8, 12], "texture": "#3"}
			}
		},
		{
			"name": "obsidian",
			"from": [10, 0, 2],
			"to": [12, 2, 4],
			"faces": {
				"north": {"uv": [4, 8, 8, 12], "texture": "#3"},
				"east": {"uv": [4, 8, 8, 12], "texture": "#3"},
				"south": {"uv": [4, 8, 8, 12], "texture": "#3"},
				"west": {"uv": [4, 8, 8, 12], "texture": "#3"},
				"up": {"uv": [4, 8, 8, 12], "texture": "#3"},
				"down": {"uv": [4, 8, 8, 12], "texture": "#3"}
			}
		},
		{
			"name": "obsidian",
			"from": [12, 0, 2],
			"to": [14, 2, 4],
			"faces": {
				"north": {"uv": [4, 8, 8, 12], "texture": "#3"},
				"east": {"uv": [4, 8, 8, 12], "texture": "#3"},
				"south": {"uv": [4, 8, 8, 12], "texture": "#3"},
				"west": {"uv": [4, 8, 8, 12], "texture": "#3"},
				"up": {"uv": [4, 8, 8, 12], "texture": "#3"},
				"down": {"uv": [4, 8, 8, 12], "texture": "#3"}
			}
		},
		{
			"name": "obsidian",
			"from": [14, 0, 2],
			"to": [16, 2, 4],
			"faces": {
				"north": {"uv": [4, 8, 8, 12], "texture": "#3"},
				"east": {"uv": [4, 8, 8, 12], "texture": "#3"},
				"south": {"uv": [4, 8, 8, 12], "texture": "#3"},
				"west": {"uv": [4, 8, 8, 12], "texture": "#3"},
				"up": {"uv": [4, 8, 8, 12], "texture": "#3"},
				"down": {"uv": [4, 8, 8, 12], "texture": "#3"}
			}
		},
		{
			"name": "obsidian",
			"from": [14, 0, 6],
			"to": [16, 2, 8],
			"faces": {
				"north": {"uv": [4, 8, 8, 12], "texture": "#3"},
				"east": {"uv": [4, 8, 8, 12], "texture": "#3"},
				"south": {"uv": [4, 8, 8, 12], "texture": "#3"},
				"west": {"uv": [4, 8, 8, 12], "texture": "#3"},
				"up": {"uv": [4, 8, 8, 12], "texture": "#3"},
				"down": {"uv": [4, 8, 8, 12], "texture": "#3"}
			}
		},
		{
			"name": "obsidian",
			"from": [12, 0, 6],
			"to": [14, 2, 8],
			"faces": {
				"north": {"uv": [4, 8, 8, 12], "texture": "#3"},
				"east": {"uv": [4, 8, 8, 12], "texture": "#3"},
				"south": {"uv": [4, 8, 8, 12], "texture": "#3"},
				"west": {"uv": [4, 8, 8, 12], "texture": "#3"},
				"up": {"uv": [4, 8, 8, 12], "texture": "#3"},
				"down": {"uv": [4, 8, 8, 12], "texture": "#3"}
			}
		},
		{
			"name": "obsidian",
			"from": [10, 0, 6],
			"to": [12, 2, 8],
			"faces": {
				"north": {"uv": [4, 8, 8, 12], "texture": "#3"},
				"east": {"uv": [4, 8, 8, 12], "texture": "#3"},
				"south": {"uv": [4, 8, 8, 12], "texture": "#3"},
				"west": {"uv": [4, 8, 8, 12], "texture": "#3"},
				"up": {"uv": [4, 8, 8, 12], "texture": "#3"},
				"down": {"uv": [4, 8, 8, 12], "texture": "#3"}
			}
		},
		{
			"name": "obsidian",
			"from": [6, 0, 6],
			"to": [8, 2, 8],
			"faces": {
				"north": {"uv": [4, 8, 8, 12], "texture": "#3"},
				"east": {"uv": [4, 8, 8, 12], "texture": "#3"},
				"south": {"uv": [4, 8, 8, 12], "texture": "#3"},
				"west": {"uv": [4, 8, 8, 12], "texture": "#3"},
				"up": {"uv": [4, 8, 8, 12], "texture": "#3"},
				"down": {"uv": [4, 8, 8, 12], "texture": "#3"}
			}
		},
		{
			"name": "obsidian",
			"from": [8, 0, 6],
			"to": [10, 2, 8],
			"faces": {
				"north": {"uv": [4, 8, 8, 12], "texture": "#3"},
				"east": {"uv": [4, 8, 8, 12], "texture": "#3"},
				"south": {"uv": [4, 8, 8, 12], "texture": "#3"},
				"west": {"uv": [4, 8, 8, 12], "texture": "#3"},
				"up": {"uv": [4, 8, 8, 12], "texture": "#3"},
				"down": {"uv": [4, 8, 8, 12], "texture": "#3"}
			}
		},
		{
			"name": "obsidian",
			"from": [4, 0, 6],
			"to": [6, 2, 8],
			"faces": {
				"north": {"uv": [4, 8, 8, 12], "texture": "#3"},
				"east": {"uv": [4, 8, 8, 12], "texture": "#3"},
				"south": {"uv": [4, 8, 8, 12], "texture": "#3"},
				"west": {"uv": [4, 8, 8, 12], "texture": "#3"},
				"up": {"uv": [4, 8, 8, 12], "texture": "#3"},
				"down": {"uv": [4, 8, 8, 12], "texture": "#3"}
			}
		},
		{
			"name": "obsidian",
			"from": [2, 0, 6],
			"to": [4, 2, 8],
			"faces": {
				"north": {"uv": [4, 8, 8, 12], "texture": "#3"},
				"east": {"uv": [4, 8, 8, 12], "texture": "#3"},
				"south": {"uv": [4, 8, 8, 12], "texture": "#3"},
				"west": {"uv": [4, 8, 8, 12], "texture": "#3"},
				"up": {"uv": [4, 8, 8, 12], "texture": "#3"},
				"down": {"uv": [4, 8, 8, 12], "texture": "#3"}
			}
		},
		{
			"name": "obsidian",
			"from": [0, 0, 6],
			"to": [2, 2, 8],
			"faces": {
				"north": {"uv": [4, 8, 8, 12], "texture": "#3"},
				"east": {"uv": [4, 8, 8, 12], "texture": "#3"},
				"south": {"uv": [4, 8, 8, 12], "texture": "#3"},
				"west": {"uv": [4, 8, 8, 12], "texture": "#3"},
				"up": {"uv": [4, 8, 8, 12], "texture": "#3"},
				"down": {"uv": [4, 8, 8, 12], "texture": "#3"}
			}
		},
		{
			"name": "obsidian",
			"from": [14, 0, 4],
			"to": [16, 2, 6],
			"faces": {
				"north": {"uv": [4, 8, 8, 12], "texture": "#3"},
				"east": {"uv": [4, 8, 8, 12], "texture": "#3"},
				"south": {"uv": [4, 8, 8, 12], "texture": "#3"},
				"west": {"uv": [4, 8, 8, 12], "texture": "#3"},
				"up": {"uv": [4, 8, 8, 12], "texture": "#3"},
				"down": {"uv": [4, 8, 8, 12], "texture": "#3"}
			}
		},
		{
			"name": "obsidian",
			"from": [12, 0, 4],
			"to": [14, 2, 6],
			"faces": {
				"north": {"uv": [4, 8, 8, 12], "texture": "#3"},
				"east": {"uv": [4, 8, 8, 12], "texture": "#3"},
				"south": {"uv": [4, 8, 8, 12], "texture": "#3"},
				"west": {"uv": [4, 8, 8, 12], "texture": "#3"},
				"up": {"uv": [4, 8, 8, 12], "texture": "#3"},
				"down": {"uv": [4, 8, 8, 12], "texture": "#3"}
			}
		},
		{
			"name": "obsidian",
			"from": [10, 0, 4],
			"to": [12, 2, 6],
			"faces": {
				"north": {"uv": [4, 8, 8, 12], "texture": "#3"},
				"east": {"uv": [4, 8, 8, 12], "texture": "#3"},
				"south": {"uv": [4, 8, 8, 12], "texture": "#3"},
				"west": {"uv": [4, 8, 8, 12], "texture": "#3"},
				"up": {"uv": [4, 8, 8, 12], "texture": "#3"},
				"down": {"uv": [4, 8, 8, 12], "texture": "#3"}
			}
		},
		{
			"name": "obsidian",
			"from": [6, 0, 4],
			"to": [8, 2, 6],
			"faces": {
				"north": {"uv": [4, 8, 8, 12], "texture": "#3"},
				"east": {"uv": [4, 8, 8, 12], "texture": "#3"},
				"south": {"uv": [4, 8, 8, 12], "texture": "#3"},
				"west": {"uv": [4, 8, 8, 12], "texture": "#3"},
				"up": {"uv": [4, 8, 8, 12], "texture": "#3"},
				"down": {"uv": [4, 8, 8, 12], "texture": "#3"}
			}
		},
		{
			"name": "obsidian",
			"from": [8, 0, 4],
			"to": [10, 2, 6],
			"faces": {
				"north": {"uv": [4, 8, 8, 12], "texture": "#3"},
				"east": {"uv": [4, 8, 8, 12], "texture": "#3"},
				"south": {"uv": [4, 8, 8, 12], "texture": "#3"},
				"west": {"uv": [4, 8, 8, 12], "texture": "#3"},
				"up": {"uv": [4, 8, 8, 12], "texture": "#3"},
				"down": {"uv": [4, 8, 8, 12], "texture": "#3"}
			}
		},
		{
			"name": "obsidian",
			"from": [4, 0, 4],
			"to": [6, 2, 6],
			"faces": {
				"north": {"uv": [4, 8, 8, 12], "texture": "#3"},
				"east": {"uv": [4, 8, 8, 12], "texture": "#3"},
				"south": {"uv": [4, 8, 8, 12], "texture": "#3"},
				"west": {"uv": [4, 8, 8, 12], "texture": "#3"},
				"up": {"uv": [4, 8, 8, 12], "texture": "#3"},
				"down": {"uv": [4, 8, 8, 12], "texture": "#3"}
			}
		},
		{
			"name": "obsidian",
			"from": [2, 0, 4],
			"to": [4, 2, 6],
			"faces": {
				"north": {"uv": [4, 8, 8, 12], "texture": "#3"},
				"east": {"uv": [4, 8, 8, 12], "texture": "#3"},
				"south": {"uv": [4, 8, 8, 12], "texture": "#3"},
				"west": {"uv": [4, 8, 8, 12], "texture": "#3"},
				"up": {"uv": [4, 8, 8, 12], "texture": "#3"},
				"down": {"uv": [4, 8, 8, 12], "texture": "#3"}
			}
		},
		{
			"name": "obsidian",
			"from": [0, 0, 4],
			"to": [2, 2, 6],
			"faces": {
				"north": {"uv": [4, 8, 8, 12], "texture": "#3"},
				"east": {"uv": [4, 8, 8, 12], "texture": "#3"},
				"south": {"uv": [4, 8, 8, 12], "texture": "#3"},
				"west": {"uv": [4, 8, 8, 12], "texture": "#3"},
				"up": {"uv": [4, 8, 8, 12], "texture": "#3"},
				"down": {"uv": [4, 8, 8, 12], "texture": "#3"}
			}
		},
		{
			"name": "obsidian",
			"from": [0, 0, 12],
			"to": [2, 2, 14],
			"faces": {
				"north": {"uv": [4, 8, 8, 12], "texture": "#3"},
				"east": {"uv": [4, 8, 8, 12], "texture": "#3"},
				"south": {"uv": [4, 8, 8, 12], "texture": "#3"},
				"west": {"uv": [4, 8, 8, 12], "texture": "#3"},
				"up": {"uv": [4, 8, 8, 12], "texture": "#3"},
				"down": {"uv": [4, 8, 8, 12], "texture": "#3"}
			}
		},
		{
			"name": "obsidian",
			"from": [2, 0, 12],
			"to": [4, 2, 14],
			"faces": {
				"north": {"uv": [4, 8, 8, 12], "texture": "#3"},
				"east": {"uv": [4, 8, 8, 12], "texture": "#3"},
				"south": {"uv": [4, 8, 8, 12], "texture": "#3"},
				"west": {"uv": [4, 8, 8, 12], "texture": "#3"},
				"up": {"uv": [4, 8, 8, 12], "texture": "#3"},
				"down": {"uv": [4, 8, 8, 12], "texture": "#3"}
			}
		},
		{
			"name": "obsidian",
			"from": [4, 0, 12],
			"to": [6, 2, 14],
			"faces": {
				"north": {"uv": [4, 8, 8, 12], "texture": "#3"},
				"east": {"uv": [4, 8, 8, 12], "texture": "#3"},
				"south": {"uv": [4, 8, 8, 12], "texture": "#3"},
				"west": {"uv": [4, 8, 8, 12], "texture": "#3"},
				"up": {"uv": [4, 8, 8, 12], "texture": "#3"},
				"down": {"uv": [4, 8, 8, 12], "texture": "#3"}
			}
		},
		{
			"name": "obsidian",
			"from": [8, 0, 12],
			"to": [10, 2, 14],
			"faces": {
				"north": {"uv": [4, 8, 8, 12], "texture": "#3"},
				"east": {"uv": [4, 8, 8, 12], "texture": "#3"},
				"south": {"uv": [4, 8, 8, 12], "texture": "#3"},
				"west": {"uv": [4, 8, 8, 12], "texture": "#3"},
				"up": {"uv": [4, 8, 8, 12], "texture": "#3"},
				"down": {"uv": [4, 8, 8, 12], "texture": "#3"}
			}
		},
		{
			"name": "obsidian",
			"from": [6, 0, 12],
			"to": [8, 2, 14],
			"faces": {
				"north": {"uv": [4, 8, 8, 12], "texture": "#3"},
				"east": {"uv": [4, 8, 8, 12], "texture": "#3"},
				"south": {"uv": [4, 8, 8, 12], "texture": "#3"},
				"west": {"uv": [4, 8, 8, 12], "texture": "#3"},
				"up": {"uv": [4, 8, 8, 12], "texture": "#3"},
				"down": {"uv": [4, 8, 8, 12], "texture": "#3"}
			}
		},
		{
			"name": "obsidian",
			"from": [10, 0, 12],
			"to": [12, 2, 14],
			"faces": {
				"north": {"uv": [4, 8, 8, 12], "texture": "#3"},
				"east": {"uv": [4, 8, 8, 12], "texture": "#3"},
				"south": {"uv": [4, 8, 8, 12], "texture": "#3"},
				"west": {"uv": [4, 8, 8, 12], "texture": "#3"},
				"up": {"uv": [4, 8, 8, 12], "texture": "#3"},
				"down": {"uv": [4, 8, 8, 12], "texture": "#3"}
			}
		},
		{
			"name": "obsidian",
			"from": [12, 0, 12],
			"to": [14, 2, 14],
			"faces": {
				"north": {"uv": [4, 8, 8, 12], "texture": "#3"},
				"east": {"uv": [4, 8, 8, 12], "texture": "#3"},
				"south": {"uv": [4, 8, 8, 12], "texture": "#3"},
				"west": {"uv": [4, 8, 8, 12], "texture": "#3"},
				"up": {"uv": [4, 8, 8, 12], "texture": "#3"},
				"down": {"uv": [4, 8, 8, 12], "texture": "#3"}
			}
		},
		{
			"name": "obsidian",
			"from": [14, 0, 12],
			"to": [16, 2, 14],
			"faces": {
				"north": {"uv": [4, 8, 8, 12], "texture": "#3"},
				"east": {"uv": [4, 8, 8, 12], "texture": "#3"},
				"south": {"uv": [4, 8, 8, 12], "texture": "#3"},
				"west": {"uv": [4, 8, 8, 12], "texture": "#3"},
				"up": {"uv": [4, 8, 8, 12], "texture": "#3"},
				"down": {"uv": [4, 8, 8, 12], "texture": "#3"}
			}
		},
		{
			"name": "obsidian",
			"from": [0, 0, 14],
			"to": [2, 2, 16],
			"faces": {
				"north": {"uv": [4, 8, 8, 12], "texture": "#3"},
				"east": {"uv": [4, 8, 8, 12], "texture": "#3"},
				"south": {"uv": [4, 8, 8, 12], "texture": "#3"},
				"west": {"uv": [4, 8, 8, 12], "texture": "#3"},
				"up": {"uv": [4, 8, 8, 12], "texture": "#3"},
				"down": {"uv": [4, 8, 8, 12], "texture": "#3"}
			}
		},
		{
			"name": "obsidian",
			"from": [2, 0, 14],
			"to": [4, 2, 16],
			"faces": {
				"north": {"uv": [4, 8, 8, 12], "texture": "#3"},
				"east": {"uv": [4, 8, 8, 12], "texture": "#3"},
				"south": {"uv": [4, 8, 8, 12], "texture": "#3"},
				"west": {"uv": [4, 8, 8, 12], "texture": "#3"},
				"up": {"uv": [4, 8, 8, 12], "texture": "#3"},
				"down": {"uv": [4, 8, 8, 12], "texture": "#3"}
			}
		},
		{
			"name": "obsidian",
			"from": [4, 0, 14],
			"to": [6, 2, 16],
			"faces": {
				"north": {"uv": [4, 8, 8, 12], "texture": "#3"},
				"east": {"uv": [4, 8, 8, 12], "texture": "#3"},
				"south": {"uv": [4, 8, 8, 12], "texture": "#3"},
				"west": {"uv": [4, 8, 8, 12], "texture": "#3"},
				"up": {"uv": [4, 8, 8, 12], "texture": "#3"},
				"down": {"uv": [4, 8, 8, 12], "texture": "#3"}
			}
		},
		{
			"name": "obsidian",
			"from": [8, 0, 14],
			"to": [10, 2, 16],
			"faces": {
				"north": {"uv": [4, 8, 8, 12], "texture": "#3"},
				"east": {"uv": [4, 8, 8, 12], "texture": "#3"},
				"south": {"uv": [4, 8, 8, 12], "texture": "#3"},
				"west": {"uv": [4, 8, 8, 12], "texture": "#3"},
				"up": {"uv": [4, 8, 8, 12], "texture": "#3"},
				"down": {"uv": [4, 8, 8, 12], "texture": "#3"}
			}
		},
		{
			"name": "obsidian",
			"from": [6, 0, 14],
			"to": [8, 2, 16],
			"faces": {
				"north": {"uv": [4, 8, 8, 12], "texture": "#3"},
				"east": {"uv": [4, 8, 8, 12], "texture": "#3"},
				"south": {"uv": [4, 8, 8, 12], "texture": "#3"},
				"west": {"uv": [4, 8, 8, 12], "texture": "#3"},
				"up": {"uv": [4, 8, 8, 12], "texture": "#3"},
				"down": {"uv": [4, 8, 8, 12], "texture": "#3"}
			}
		},
		{
			"name": "obsidian",
			"from": [10, 0, 14],
			"to": [12, 2, 16],
			"faces": {
				"north": {"uv": [4, 8, 8, 12], "texture": "#3"},
				"east": {"uv": [4, 8, 8, 12], "texture": "#3"},
				"south": {"uv": [4, 8, 8, 12], "texture": "#3"},
				"west": {"uv": [4, 8, 8, 12], "texture": "#3"},
				"up": {"uv": [4, 8, 8, 12], "texture": "#3"},
				"down": {"uv": [4, 8, 8, 12], "texture": "#3"}
			}
		},
		{
			"name": "obsidian",
			"from": [12, 0, 14],
			"to": [14, 2, 16],
			"faces": {
				"north": {"uv": [4, 8, 8, 12], "texture": "#3"},
				"east": {"uv": [4, 8, 8, 12], "texture": "#3"},
				"south": {"uv": [4, 8, 8, 12], "texture": "#3"},
				"west": {"uv": [4, 8, 8, 12], "texture": "#3"},
				"up": {"uv": [4, 8, 8, 12], "texture": "#3"},
				"down": {"uv": [4, 8, 8, 12], "texture": "#3"}
			}
		},
		{
			"name": "obsidian",
			"from": [14, 0, 14],
			"to": [16, 2, 16],
			"faces": {
				"north": {"uv": [4, 8, 8, 12], "texture": "#3"},
				"east": {"uv": [4, 8, 8, 12], "texture": "#3"},
				"south": {"uv": [4, 8, 8, 12], "texture": "#3"},
				"west": {"uv": [4, 8, 8, 12], "texture": "#3"},
				"up": {"uv": [4, 8, 8, 12], "texture": "#3"},
				"down": {"uv": [4, 8, 8, 12], "texture": "#3"}
			}
		},
		{
			"name": "obsidian",
			"from": [14, 0, 10],
			"to": [16, 2, 12],
			"faces": {
				"north": {"uv": [4, 8, 8, 12], "texture": "#3"},
				"east": {"uv": [4, 8, 8, 12], "texture": "#3"},
				"south": {"uv": [4, 8, 8, 12], "texture": "#3"},
				"west": {"uv": [4, 8, 8, 12], "texture": "#3"},
				"up": {"uv": [4, 8, 8, 12], "texture": "#3"},
				"down": {"uv": [4, 8, 8, 12], "texture": "#3"}
			}
		},
		{
			"name": "obsidian",
			"from": [12, 0, 10],
			"to": [14, 2, 12],
			"faces": {
				"north": {"uv": [4, 8, 8, 12], "texture": "#3"},
				"east": {"uv": [4, 8, 8, 12], "texture": "#3"},
				"south": {"uv": [4, 8, 8, 12], "texture": "#3"},
				"west": {"uv": [4, 8, 8, 12], "texture": "#3"},
				"up": {"uv": [4, 8, 8, 12], "texture": "#3"},
				"down": {"uv": [4, 8, 8, 12], "texture": "#3"}
			}
		},
		{
			"name": "obsidian",
			"from": [10, 0, 10],
			"to": [12, 2, 12],
			"faces": {
				"north": {"uv": [4, 8, 8, 12], "texture": "#3"},
				"east": {"uv": [4, 8, 8, 12], "texture": "#3"},
				"south": {"uv": [4, 8, 8, 12], "texture": "#3"},
				"west": {"uv": [4, 8, 8, 12], "texture": "#3"},
				"up": {"uv": [4, 8, 8, 12], "texture": "#3"},
				"down": {"uv": [4, 8, 8, 12], "texture": "#3"}
			}
		},
		{
			"name": "obsidian",
			"from": [6, 0, 10],
			"to": [8, 2, 12],
			"faces": {
				"north": {"uv": [4, 8, 8, 12], "texture": "#3"},
				"east": {"uv": [4, 8, 8, 12], "texture": "#3"},
				"south": {"uv": [4, 8, 8, 12], "texture": "#3"},
				"west": {"uv": [4, 8, 8, 12], "texture": "#3"},
				"up": {"uv": [4, 8, 8, 12], "texture": "#3"},
				"down": {"uv": [4, 8, 8, 12], "texture": "#3"}
			}
		},
		{
			"name": "obsidian",
			"from": [8, 0, 10],
			"to": [10, 2, 12],
			"faces": {
				"north": {"uv": [4, 8, 8, 12], "texture": "#3"},
				"east": {"uv": [4, 8, 8, 12], "texture": "#3"},
				"south": {"uv": [4, 8, 8, 12], "texture": "#3"},
				"west": {"uv": [4, 8, 8, 12], "texture": "#3"},
				"up": {"uv": [4, 8, 8, 12], "texture": "#3"},
				"down": {"uv": [4, 8, 8, 12], "texture": "#3"}
			}
		},
		{
			"name": "obsidian",
			"from": [4, 0, 10],
			"to": [6, 2, 12],
			"faces": {
				"north": {"uv": [4, 8, 8, 12], "texture": "#3"},
				"east": {"uv": [4, 8, 8, 12], "texture": "#3"},
				"south": {"uv": [4, 8, 8, 12], "texture": "#3"},
				"west": {"uv": [4, 8, 8, 12], "texture": "#3"},
				"up": {"uv": [4, 8, 8, 12], "texture": "#3"},
				"down": {"uv": [4, 8, 8, 12], "texture": "#3"}
			}
		},
		{
			"name": "obsidian",
			"from": [2, 0, 10],
			"to": [4, 2, 12],
			"faces": {
				"north": {"uv": [4, 8, 8, 12], "texture": "#3"},
				"east": {"uv": [4, 8, 8, 12], "texture": "#3"},
				"south": {"uv": [4, 8, 8, 12], "texture": "#3"},
				"west": {"uv": [4, 8, 8, 12], "texture": "#3"},
				"up": {"uv": [4, 8, 8, 12], "texture": "#3"},
				"down": {"uv": [4, 8, 8, 12], "texture": "#3"}
			}
		},
		{
			"name": "obsidian",
			"from": [0, 0, 10],
			"to": [2, 2, 12],
			"faces": {
				"north": {"uv": [4, 8, 8, 12], "texture": "#3"},
				"east": {"uv": [4, 8, 8, 12], "texture": "#3"},
				"south": {"uv": [4, 8, 8, 12], "texture": "#3"},
				"west": {"uv": [4, 8, 8, 12], "texture": "#3"},
				"up": {"uv": [4, 8, 8, 12], "texture": "#3"},
				"down": {"uv": [4, 8, 8, 12], "texture": "#3"}
			}
		},
		{
			"name": "obsidian",
			"from": [14, 0, 8],
			"to": [16, 2, 10],
			"faces": {
				"north": {"uv": [4, 8, 8, 12], "texture": "#3"},
				"east": {"uv": [4, 8, 8, 12], "texture": "#3"},
				"south": {"uv": [4, 8, 8, 12], "texture": "#3"},
				"west": {"uv": [4, 8, 8, 12], "texture": "#3"},
				"up": {"uv": [4, 8, 8, 12], "texture": "#3"},
				"down": {"uv": [4, 8, 8, 12], "texture": "#3"}
			}
		},
		{
			"name": "obsidian",
			"from": [12, 0, 8],
			"to": [14, 2, 10],
			"faces": {
				"north": {"uv": [4, 8, 8, 12], "texture": "#3"},
				"east": {"uv": [4, 8, 8, 12], "texture": "#3"},
				"south": {"uv": [4, 8, 8, 12], "texture": "#3"},
				"west": {"uv": [4, 8, 8, 12], "texture": "#3"},
				"up": {"uv": [4, 8, 8, 12], "texture": "#3"},
				"down": {"uv": [4, 8, 8, 12], "texture": "#3"}
			}
		},
		{
			"name": "obsidian",
			"from": [10, 0, 8],
			"to": [12, 2, 10],
			"faces": {
				"north": {"uv": [4, 8, 8, 12], "texture": "#3"},
				"east": {"uv": [4, 8, 8, 12], "texture": "#3"},
				"south": {"uv": [4, 8, 8, 12], "texture": "#3"},
				"west": {"uv": [4, 8, 8, 12], "texture": "#3"},
				"up": {"uv": [4, 8, 8, 12], "texture": "#3"},
				"down": {"uv": [4, 8, 8, 12], "texture": "#3"}
			}
		},
		{
			"name": "obsidian",
			"from": [6, 0, 8],
			"to": [8, 2, 10],
			"faces": {
				"north": {"uv": [4, 8, 8, 12], "texture": "#3"},
				"east": {"uv": [4, 8, 8, 12], "texture": "#3"},
				"south": {"uv": [4, 8, 8, 12], "texture": "#3"},
				"west": {"uv": [4, 8, 8, 12], "texture": "#3"},
				"up": {"uv": [4, 8, 8, 12], "texture": "#3"},
				"down": {"uv": [4, 8, 8, 12], "texture": "#3"}
			}
		},
		{
			"name": "obsidian",
			"from": [8, 0, 8],
			"to": [10, 2, 10],
			"faces": {
				"north": {"uv": [4, 8, 8, 12], "texture": "#3"},
				"east": {"uv": [4, 8, 8, 12], "texture": "#3"},
				"south": {"uv": [4, 8, 8, 12], "texture": "#3"},
				"west": {"uv": [4, 8, 8, 12], "texture": "#3"},
				"up": {"uv": [4, 8, 8, 12], "texture": "#3"},
				"down": {"uv": [4, 8, 8, 12], "texture": "#3"}
			}
		},
		{
			"name": "obsidian",
			"from": [4, 0, 8],
			"to": [6, 2, 10],
			"faces": {
				"north": {"uv": [4, 8, 8, 12], "texture": "#3"},
				"east": {"uv": [4, 8, 8, 12], "texture": "#3"},
				"south": {"uv": [4, 8, 8, 12], "texture": "#3"},
				"west": {"uv": [4, 8, 8, 12], "texture": "#3"},
				"up": {"uv": [4, 8, 8, 12], "texture": "#3"},
				"down": {"uv": [4, 8, 8, 12], "texture": "#3"}
			}
		},
		{
			"name": "obsidian",
			"from": [2, 0, 8],
			"to": [4, 2, 10],
			"faces": {
				"north": {"uv": [4, 8, 8, 12], "texture": "#3"},
				"east": {"uv": [4, 8, 8, 12], "texture": "#3"},
				"south": {"uv": [4, 8, 8, 12], "texture": "#3"},
				"west": {"uv": [4, 8, 8, 12], "texture": "#3"},
				"up": {"uv": [4, 8, 8, 12], "texture": "#3"},
				"down": {"uv": [4, 8, 8, 12], "texture": "#3"}
			}
		},
		{
			"name": "obsidian",
			"from": [0, 0, 8],
			"to": [2, 2, 10],
			"faces": {
				"north": {"uv": [4, 8, 8, 12], "texture": "#3"},
				"east": {"uv": [4, 8, 8, 12], "texture": "#3"},
				"south": {"uv": [4, 8, 8, 12], "texture": "#3"},
				"west": {"uv": [4, 8, 8, 12], "texture": "#3"},
				"up": {"uv": [4, 8, 8, 12], "texture": "#3"},
				"down": {"uv": [4, 8, 8, 12], "texture": "#3"}
			}
		},
		{
			"from": [16, 2, 0],
			"to": [16, 16, 16],
			"faces": {
				"north": {"uv": [0, 8, 4, 12], "texture": "#3"},
				"east": {"uv": [0, 8, 4, 12], "texture": "#3"},
				"south": {"uv": [0, 8, 4, 12], "texture": "#3"},
				"west": {"uv": [0, 8, 4, 12], "texture": "#3"},
				"up": {"uv": [0, 8, 4, 12], "texture": "#3"},
				"down": {"uv": [0, 8, 4, 12], "texture": "#3"}
			}
		},
		{
			"from": [0, 2, 16],
			"to": [16, 16, 16],
			"faces": {
				"north": {"uv": [0, 8, 4, 12], "texture": "#3"},
				"east": {"uv": [0, 8, 4, 12], "texture": "#3"},
				"south": {"uv": [0, 8, 4, 12], "texture": "#3"},
				"west": {"uv": [0, 8, 4, 12], "texture": "#3"},
				"up": {"uv": [0, 8, 4, 12], "texture": "#3"},
				"down": {"uv": [0, 8, 4, 12], "texture": "#3"}
			}
		},
		{
			"from": [0, 16, 0],
			"to": [16, 16, 16],
			"faces": {
				"north": {"uv": [0, 8, 4, 12], "texture": "#3"},
				"east": {"uv": [0, 8, 4, 12], "texture": "#3"},
				"south": {"uv": [0, 8, 4, 12], "texture": "#3"},
				"west": {"uv": [0, 8, 4, 12], "texture": "#3"},
				"up": {"uv": [0, 8, 4, 12], "texture": "#3"},
				"down": {"uv": [0, 8, 4, 12], "texture": "#3"}
			}
		},
		{
			"from": [0, 2, 0],
			"to": [0, 16, 16],
			"faces": {
				"north": {"uv": [0, 12, 4, 8], "texture": "#3"},
				"east": {"uv": [0, 12, 4, 8], "texture": "#3"},
				"south": {"uv": [0, 12, 4, 8], "texture": "#3"},
				"west": {"uv": [0, 12, 4, 8], "texture": "#3"},
				"up": {"uv": [0, 12, 4, 8], "texture": "#3"},
				"down": {"uv": [0, 12, 4, 8], "texture": "#3"}
			}
		},
		{
			"from": [0, 2, 0],
			"to": [16, 16, 0],
			"faces": {
				"north": {"uv": [0, 12, 4, 8], "texture": "#3"},
				"east": {"uv": [0, 12, 4, 8], "texture": "#3"},
				"south": {"uv": [0, 12, 4, 8], "texture": "#3"},
				"west": {"uv": [0, 12, 4, 8], "texture": "#3"},
				"up": {"uv": [0, 12, 4, 8], "texture": "#3"},
				"down": {"uv": [0, 12, 4, 8], "texture": "#3"}
			}
		},
		{
			"name": "body",
			"from": [6, 7, 5],
			"to": [10, 11, 9],
			"rotation": {"angle": 0, "axis": "y", "origin": [1, 0, 1]},
			"faces": {
				"north": {"uv": [4, 4, 8, 8], "texture": "#3"},
				"east": {"uv": [0, 4, 4, 8], "texture": "#3"},
				"south": {"uv": [12, 4, 16, 8], "texture": "#3"},
				"west": {"uv": [8, 4, 12, 8], "texture": "#3"},
				"up": {"uv": [8, 4, 4, 0], "texture": "#3"},
				"down": {"uv": [12, 0, 8, 4.25], "texture": "#3"}
			}
		},
		{
			"name": "tentacles_0",
			"from": [8.8, 5.5, 5.5],
			"to": [9.3, 7.5, 6],
			"rotation": {"angle": -45, "axis": "x", "origin": [7, 7, 6]},
			"faces": {
				"north": {"uv": [0.5, 1, 1, 5.5], "texture": "#3"},
				"east": {"uv": [0, 1, 0.5, 5.5], "texture": "#3"},
				"south": {"uv": [1.5, 1, 2, 5.5], "texture": "#3"},
				"west": {"uv": [0, 0.5, 0.5, 5], "texture": "#3"},
				"up": {"uv": [1, 1, 0.5, 0], "texture": "#3"},
				"down": {"uv": [1.5, 0, 1, 1], "texture": "#3"}
			}
		},
		{
			"name": "tentacles_1",
			"from": [7.7, 5.5, 5.5],
			"to": [8.2, 7.5, 6],
			"rotation": {"angle": -45, "axis": "x", "origin": [7, 7, 6]},
			"faces": {
				"north": {"uv": [0.5, 1, 1, 6.5], "texture": "#3"},
				"east": {"uv": [0, 1, 0.5, 6.5], "texture": "#3"},
				"south": {"uv": [1.5, 1, 2, 6.5], "texture": "#3"},
				"west": {"uv": [0, 0.5, 0.5, 6], "texture": "#3"},
				"up": {"uv": [1, 1, 0.5, 0], "texture": "#3"},
				"down": {"uv": [1.5, 0, 1, 1], "texture": "#3"}
			}
		},
		{
			"name": "tentacles_2",
			"from": [7, 5.5, 5.5],
			"to": [7.5, 8, 6],
			"rotation": {"angle": -22.5, "axis": "x", "origin": [7, 7, 6]},
			"faces": {
				"north": {"uv": [0.5, 1, 1, 5], "texture": "#3"},
				"east": {"uv": [0, 1, 0.5, 5], "texture": "#3"},
				"south": {"uv": [1.5, 1, 2, 5], "texture": "#3"},
				"west": {"uv": [0, 0.5, 0.5, 4.5], "texture": "#3"},
				"up": {"uv": [1, 1, 0.5, 0], "texture": "#3"},
				"down": {"uv": [1.5, 0, 1, 1], "texture": "#3"}
			}
		},
		{
			"name": "tentacles_3",
			"from": [6.3, 5.5, 6.5],
			"to": [6.8, 8, 7],
			"rotation": {"angle": -45, "axis": "x", "origin": [7, 7, 7]},
			"faces": {
				"north": {"uv": [0.5, 1, 1, 5.5], "texture": "#3"},
				"east": {"uv": [0, 1, 0.5, 5.5], "texture": "#3"},
				"south": {"uv": [1.5, 1, 2, 5.5], "texture": "#3"},
				"west": {"uv": [0, 0.5, 0.5, 5], "texture": "#3"},
				"up": {"uv": [1, 1, 0.5, 0], "texture": "#3"},
				"down": {"uv": [1.5, 0, 1, 1], "texture": "#3"}
			}
		},
		{
			"name": "tentacles_4",
			"from": [8.3, 5.5, 6.5],
			"to": [8.8, 7.5, 7],
			"rotation": {"angle": -45, "axis": "x", "origin": [7, 7, 7]},
			"faces": {
				"north": {"uv": [0.5, 1, 1, 7.5], "texture": "#3"},
				"east": {"uv": [0, 1, 0.5, 7.5], "texture": "#3"},
				"south": {"uv": [1.5, 1, 2, 7.5], "texture": "#3"},
				"west": {"uv": [0, 0.5, 0.5, 7], "texture": "#3"},
				"up": {"uv": [1, 1, 0.5, 0], "texture": "#3"},
				"down": {"uv": [1.5, 0, 1, 1], "texture": "#3"}
			}
		},
		{
			"name": "tentacles_5",
			"from": [7.2, 5.5, 6.5],
			"to": [7.7, 7.5, 7],
			"rotation": {"angle": -22.5, "axis": "x", "origin": [7, 7, 7]},
			"faces": {
				"north": {"uv": [0.5, 1, 1, 6.5], "texture": "#3"},
				"east": {"uv": [0, 1, 0.5, 6.5], "texture": "#3"},
				"south": {"uv": [1.5, 1, 2, 6.5], "texture": "#3"},
				"west": {"uv": [0, 0.5, 0.5, 6], "texture": "#3"},
				"up": {"uv": [1, 1, 0.5, 0], "texture": "#3"},
				"down": {"uv": [1.5, 0, 1, 1], "texture": "#3"}
			}
		},
		{
			"name": "tentacles_6",
			"from": [8.8, 5.5, 8],
			"to": [9.3, 7.5, 8.5],
			"rotation": {"angle": -22.5, "axis": "x", "origin": [7, 7, 8]},
			"faces": {
				"north": {"uv": [0.5, 1, 1, 7], "texture": "#3"},
				"east": {"uv": [0, 1, 0.5, 7], "texture": "#3"},
				"south": {"uv": [1.5, 1, 2, 7], "texture": "#3"},
				"west": {"uv": [0, 0.5, 0.5, 6.5], "texture": "#3"},
				"up": {"uv": [1, 1, 0.5, 0], "texture": "#3"},
				"down": {"uv": [1.5, 0, 1, 1], "texture": "#3"}
			}
		},
		{
			"name": "tentacles_7",
			"from": [6.7, 5.5, 8],
			"to": [7.2, 7.5, 8.5],
			"rotation": {"angle": -22.5, "axis": "x", "origin": [7, 7, 8]},
			"faces": {
				"north": {"uv": [0.5, 1, 1, 7], "texture": "#3"},
				"east": {"uv": [0, 1, 0.5, 7], "texture": "#3"},
				"south": {"uv": [1.5, 1, 2, 7], "texture": "#3"},
				"west": {"uv": [0, 0.5, 0.5, 6.5], "texture": "#3"},
				"up": {"uv": [1, 1, 0.5, 0], "texture": "#3"},
				"down": {"uv": [1.5, 0, 1, 1], "texture": "#3"}
			}
		},
		{
			"name": "tentacles_8",
			"from": [7.7, 5.5, 8],
			"to": [8.2, 7.5, 8.5],
			"rotation": {"angle": -45, "axis": "x", "origin": [7, 7, 8]},
			"faces": {
				"north": {"uv": [0.5, 1, 1, 7.5], "texture": "#3"},
				"east": {"uv": [0, 1, 0.5, 7.5], "texture": "#3"},
				"south": {"uv": [1.5, 1, 2, 7.5], "texture": "#3"},
				"west": {"uv": [0, 0.5, 0.5, 7], "texture": "#3"},
				"up": {"uv": [1, 1, 0.5, 0], "texture": "#3"},
				"down": {"uv": [1.5, 0, 1, 1], "texture": "#3"}
			}
		}
	],
	"groups": [
		{
			"name": "maqueta",
			"origin": [8, 8, 8],
			"color": 0,
			"children": [
				{
					"name": "obsidian",
					"origin": [0, 0, 0],
					"color": 0,
					"children": [
						0,
						1,
						2,
						3,
						4,
						5,
						6,
						7,
						8,
						9,
						10,
						11,
						12,
						13,
						14,
						15,
						16,
						17,
						18,
						19,
						20,
						21,
						22,
						23,
						24,
						25,
						26,
						27,
						28,
						29,
						30,
						31,
						32,
						33,
						34,
						35,
						36,
						37,
						38,
						39,
						40,
						41,
						42,
						43,
						44,
						45,
						46,
						47,
						48,
						49,
						50,
						51,
						52,
						53,
						54,
						55,
						56,
						57,
						58,
						59,
						60,
						61,
						62,
						63
					]
				},
				{
					"name": "gristal",
					"origin": [8, 8, 8],
					"color": 0,
					"children": [64, 65, 66, 67, 68]
				},
				{
					"name": "ghast",
					"origin": [0, 1.5, 0],
					"color": 9,
					"children": [
						69,
						{
							"name": "tentacles_0",
							"origin": [3.8, 1, -5],
							"color": 0,
							"children": [70]
						},
						{
							"name": "tentacles_1",
							"origin": [-1.3, 1, -5],
							"color": 1,
							"children": [71]
						},
						{
							"name": "tentacles_2",
							"origin": [-6.3, 1, -5],
							"color": 2,
							"children": [72]
						},
						{
							"name": "tentacles_3",
							"origin": [6.3, 1, 0],
							"color": 3,
							"children": [73]
						},
						{
							"name": "tentacles_4",
							"origin": [1.3, 1, 0],
							"color": 4,
							"children": [74]
						},
						{
							"name": "tentacles_5",
							"origin": [-3.8, 1, 0],
							"color": 5,
							"children": [75]
						},
						{
							"name": "tentacles_6",
							"origin": [3.8, 1, 5],
							"color": 6,
							"children": [76]
						},
						{
							"name": "tentacles_7",
							"origin": [-1.3, 1, 5],
							"color": 7,
							"children": [77]
						},
						{
							"name": "tentacles_8",
							"origin": [-6.3, 1, 5],
							"color": 8,
							"children": [78]
						}
					]
				}
			]
		}
	]
}