{"credit":"P13D_orginal","texture_size":[128,128],"textures":{"0":"glare","particle":"glare"},"elements":[{"from":[5,5,5],"to":[11,9,11],"faces":{"north":{"uv":[8.625,1.625,10.125,2.5],"texture":"#0"},"east":{"uv":[7,1.625,8.5,2.5],"texture":"#0"},"south":{"uv":[7,1.625,8.5,2.5],"texture":"#0"},"west":{"uv":[7,1.625,8.5,2.5],"texture":"#0"},"up":{"uv":[7,1.625,8.5,2.5],"texture":"#0"},"down":{"uv":[7,1.625,8.5,2.5],"texture":"#0"}}},{"from":[5.2,2.7,5.2],"to":[10.8,5.3,10.8],"faces":{"north":{"uv":[5.9,7,7.4,8],"texture":"#0"},"east":{"uv":[5.875,7,7.375,8],"texture":"#0"},"south":{"uv":[8.875,7,10.375,8],"texture":"#0"},"west":{"uv":[4.375,7,5.875,8],"texture":"#0"},"up":{"uv":[5.9,5.5,7.4,7],"texture":"#0"},"down":{"uv":[7.375,5.5,8.875,7],"texture":"#0"}}},{"from":[5.19,3.19,5.19],"to":[10.81,5.81,10.81],"faces":{"north":{"uv":[1.525,12.5,3.025,13.5],"texture":"#0"},"east":{"uv":[3,12.5,4.5,13.5],"texture":"#0"},"south":{"uv":[4.5,12.5,6,13.5],"texture":"#0"},"west":{"uv":[0,12.5,1.5,13.5],"texture":"#0"},"up":{"uv":[1.525,11,3.025,12.5],"texture":"#0"},"down":{"uv":[3,11,4.5,12.5],"texture":"#0"}}},{"from":[5.5,2.5,5.5],"to":[10.5,4.5,10.5],"faces":{"north":{"uv":[1.525,12.5,3.025,13.5],"texture":"#0"},"east":{"uv":[3,12.5,4.5,13.5],"texture":"#0"},"south":{"uv":[4.5,12.5,6,13.5],"texture":"#0"},"west":{"uv":[0,12.5,1.5,13.5],"texture":"#0"},"up":{"uv":[1.525,11,3.025,12.5],"texture":"#0"},"down":{"uv":[3,11,4.5,12.5],"texture":"#0"}}},{"from":[5.8,1.4,5.8],"to":[10.2,3.8,10.2],"faces":{"north":{"uv":[5.9,7,7.4,8],"texture":"#0"},"east":{"uv":[5.875,7,7.375,8],"texture":"#0"},"south":{"uv":[8.875,7,10.375,8],"texture":"#0"},"west":{"uv":[4.375,7,5.875,8],"texture":"#0"},"up":{"uv":[5.9,5.5,7.4,7],"texture":"#0"},"down":{"uv":[7.375,5.5,8.875,7],"texture":"#0"}}},{"from":[6.5,0.5,6.5],"to":[9.5,2.5,9.5],"faces":{"north":{"uv":[5.9,7,7.4,8],"texture":"#0"},"east":{"uv":[5.875,7,7.375,8],"texture":"#0"},"south":{"uv":[8.875,7,10.375,8],"texture":"#0"},"west":{"uv":[4.375,7,5.875,8],"texture":"#0"},"up":{"uv":[5.9,5.5,7.4,7],"texture":"#0"},"down":{"uv":[7.375,5.5,8.875,7],"texture":"#0"}}},{"from":[4.97,4.87,4.97],"to":[11.03,5.93,11.03],"faces":{"north":{"uv":[6.875,4.125,8.625,4.5],"texture":"#0"},"east":{"uv":[6.875,4.125,8.625,4.5],"texture":"#0"},"south":{"uv":[6.875,4.125,8.625,4.5],"texture":"#0"},"west":{"uv":[6.875,4.125,8.625,4.5],"texture":"#0"},"up":{"uv":[6.875,2.75,8.625,4.5],"texture":"#0"},"down":{"uv":[6.875,2.75,8.625,4.5],"texture":"#0"}}},{"from":[4.97,8.87,4.97],"to":[11.03,9.93,11.03],"faces":{"north":{"uv":[6.875,4.125,8.625,4.5],"texture":"#0"},"east":{"uv":[6.875,4.125,8.625,4.5],"texture":"#0"},"south":{"uv":[6.875,4.125,8.625,4.5],"texture":"#0"},"west":{"uv":[6.875,4.125,8.625,4.5],"texture":"#0"},"up":{"uv":[6.875,2.75,8.625,4.5],"texture":"#0"},"down":{"uv":[6.875,2.75,8.625,4.5],"texture":"#0"}}},{"from":[4.6,4.1,4.6],"to":[11.4,10.9,11.4],"faces":{"north":{"uv":[1.75,1.75,3.5,3.375],"texture":"#0"},"east":{"uv":[0,1.75,1.75,3.375],"texture":"#0"},"south":{"uv":[5.25,1.75,7,3.375],"texture":"#0"},"west":{"uv":[3.5,1.75,5.25,3.375],"texture":"#0"},"up":{"uv":[1.75,0.125,3.5,1.75],"texture":"#0"},"down":{"uv":[3.5,0.125,5.25,1.75],"texture":"#0"}}},{"from":[4.59,6.89,4.59],"to":[11.41,10.71,11.41],"faces":{"north":{"uv":[6.875,4.5,8.625,5.5],"texture":"#0"},"east":{"uv":[5.125,4.5,6.875,5.5],"texture":"#0"},"south":{"uv":[10.375,4.5,12.125,5.5],"texture":"#0"},"west":{"uv":[8.625,4.5,10.375,5.5],"texture":"#0"},"up":{"uv":[6.875,2.75,8.625,4.5],"texture":"#0"},"down":{"uv":[8.625,2.875,10.375,4.5],"texture":"#0"}}},{"from":[4.58,5.08,4.58],"to":[11.42,10.92,11.42],"faces":{"north":{"uv":[1.75,9.75,3.5,11.25],"texture":"#0"},"east":{"uv":[0,9.75,1.75,11.25],"texture":"#0"},"south":{"uv":[5.25,9.75,7,11.25],"texture":"#0"},"west":{"uv":[3.5,9.75,5.25,11.25],"texture":"#0"},"up":{"uv":[1.75,8.125,3.5,9.75],"texture":"#0"},"down":{"uv":[3.5,8.125,5.25,9.75],"texture":"#0"}}},{"from":[6.5,7.3,4.95],"to":[7,7.8,4.95],"faces":{"north":{"uv":[1.5,1.5,1.625,1.625],"texture":"#0"},"east":{"uv":[1.5,1.5,1.625,1.625],"texture":"#0"},"south":{"uv":[1.5,1.5,1.625,1.625],"texture":"#0"},"west":{"uv":[1.5,1.5,1.625,1.625],"texture":"#0"},"up":{"uv":[1.5,1.5,1.625,1.625],"texture":"#0"},"down":{"uv":[1.5,1.5,1.625,1.625],"texture":"#0"}}},{"from":[9,7.3,4.95],"to":[9.5,7.8,4.95],"faces":{"north":{"uv":[1.5,1.5,1.625,1.625],"texture":"#0"},"east":{"uv":[1.5,1.5,1.625,1.625],"texture":"#0"},"south":{"uv":[1.5,1.5,1.625,1.625],"texture":"#0"},"west":{"uv":[1.5,1.5,1.625,1.625],"texture":"#0"},"up":{"uv":[1.5,1.5,1.625,1.625],"texture":"#0"},"down":{"uv":[1.5,1.5,1.625,1.625],"texture":"#0"}}}],"groups":[{"name":"glare","origin":[0,0,0],"color":0,"children":[0,1,2,3,4,5,6,7,8,9,10,11,12]}]}