{"credit":"P13D_orginal","texture_size":[128,128],"textures":{"0":"Golem_copper","particle":"Golem_copper"},"elements":[{"from":[7.45,4.9,3.1],"to":[8.45,6.25,4.5],"rotation":{"angle":0,"axis":"y","origin":[8,0,8]},"faces":{"north":{"uv":[0.75,4.5,1.25,5.25],"texture":"#0"},"east":{"uv":[4.625,0.75,4.875,1.25],"texture":"#0"},"south":{"uv":[4.5,0,4.75,0.75],"texture":"#0"},"west":{"uv":[3,4,3.25,4.75],"texture":"#0"},"up":{"uv":[4.875,1.25,4.375,0.75],"rotation":270,"texture":"#0"},"down":{"uv":[5,2,4.75,2.5],"rotation":90,"texture":"#0"}}},{"from":[6.2,5,3.5],"to":[9.7,7.5,5.5],"rotation":{"angle":0,"axis":"y","origin":[8,0,8]},"faces":{"north":{"uv":[0,0,2,1.5],"texture":"#0"},"east":{"uv":[3.25,0,4.5,1.5],"texture":"#0"},"south":{"uv":[0,1.5,2,3],"texture":"#0"},"west":{"uv":[0,3.05,1.25,4.55],"texture":"#0"},"up":{"uv":[3.25,2,2,0],"texture":"#0"},"down":{"uv":[3.25,2,2,4],"rotation":90,"texture":"#0"}}},{"from":[7.2,8.2,3.8],"to":[8.7,9.7,5.3],"rotation":{"angle":0,"axis":"y","origin":[8,0,8]},"faces":{"north":{"uv":[0,6.5,1,7.25],"texture":"#0"},"east":{"uv":[0,6.5,1,7.25],"texture":"#0"},"south":{"uv":[0,6.5,1,7.25],"texture":"#0"},"west":{"uv":[0,6.5,1,7.25],"texture":"#0"},"up":{"uv":[0,6.5,1,7.25],"texture":"#0"},"down":{"uv":[0,6.5,1,7.25],"texture":"#0"}}},{"from":[7.7,7.2,4.2],"to":[8.3,8.3,4.8],"rotation":{"angle":0,"axis":"y","origin":[8,0,8]},"faces":{"north":{"uv":[3.75,5,4.25,5.5],"texture":"#0"},"east":{"uv":[3.75,5,4.25,5.5],"texture":"#0"},"south":{"uv":[3.75,5,4.25,5.5],"texture":"#0"},"west":{"uv":[3.75,5,4.25,5.5],"texture":"#0"},"up":{"uv":[3.75,5,4.25,5.5],"texture":"#0"},"down":{"uv":[3.75,5,4.25,5.5],"texture":"#0"}}},{"from":[6.5,3,3.8],"to":[9.5,5,5.2],"rotation":{"angle":0,"axis":"y","origin":[8,0,8]},"faces":{"north":{"uv":[3.25,1.5,4.75,2.5],"texture":"#0"},"east":{"uv":[0.75,5.5,1.75,6.5],"texture":"#0"},"south":{"uv":[3.25,2.5,4.75,3.5],"texture":"#0"},"west":{"uv":[0.75,5.5,1.75,6.5],"texture":"#0"},"up":{"uv":[4.75,3.5,3.25,2.5],"rotation":270,"texture":"#0"},"down":{"uv":[2.25,4,1.25,5.5],"rotation":90,"texture":"#0"}}},{"from":[9.5,2,4],"to":[10.5,5,5],"rotation":{"angle":0,"axis":"y","origin":[8,0,8]},"faces":{"north":{"uv":[3,5,3.75,7],"texture":"#0"},"east":{"uv":[3,5,3.75,7],"texture":"#0"},"south":{"uv":[3,5,3.75,7],"texture":"#0"},"west":{"uv":[3,5,3.75,7],"texture":"#0"},"up":{"uv":[3,5,3.75,7],"texture":"#0"},"down":{"uv":[3,5,3.75,7],"texture":"#0"}}},{"from":[5.5,2,4],"to":[6.5,5,5],"rotation":{"angle":0,"axis":"y","origin":[8,0,8]},"faces":{"north":{"uv":[3,5,3.75,7],"texture":"#0"},"east":{"uv":[3,5,3.75,7],"texture":"#0"},"south":{"uv":[3,5,3.75,7],"texture":"#0"},"west":{"uv":[3,5,3.75,7],"texture":"#0"},"up":{"uv":[3,5,3.75,7],"texture":"#0"},"down":{"uv":[3,5,3.75,7],"texture":"#0"}}},{"from":[8.3,2,4],"to":[9.3,3,5],"rotation":{"angle":0,"axis":"y","origin":[8,0,8]},"faces":{"north":{"uv":[6.75,2,5.75,3],"texture":"#0"},"east":{"uv":[6.75,2,5.75,3],"texture":"#0"},"south":{"uv":[6.75,2,5.75,3],"texture":"#0"},"west":{"uv":[6.75,2,5.75,3],"texture":"#0"},"up":{"uv":[6.75,2,5.75,3],"texture":"#0"},"down":{"uv":[6.75,2,5.75,3],"texture":"#0"}}},{"from":[6.7,2,4],"to":[7.7,3,5],"rotation":{"angle":0,"axis":"y","origin":[8,0,8]},"faces":{"north":{"uv":[5.75,2,6.75,3],"texture":"#0"},"east":{"uv":[5.75,2,6.75,3],"texture":"#0"},"south":{"uv":[5.75,2,6.75,3],"texture":"#0"},"west":{"uv":[5.75,2,6.75,3],"texture":"#0"},"up":{"uv":[5.75,2,6.75,3],"texture":"#0"},"down":{"uv":[5.75,2,6.75,3],"texture":"#0"}}},{"from":[0,0,0],"to":[2,2,2],"faces":{"north":{"uv":[0,7.625,2,9.625],"texture":"#0"},"east":{"uv":[0,7.625,2,9.625],"texture":"#0"},"south":{"uv":[0,7.625,2,9.625],"texture":"#0"},"west":{"uv":[0,7.625,2,9.625],"texture":"#0"},"up":{"uv":[0,7.625,2,9.625],"texture":"#0"},"down":{"uv":[0,7.625,2,9.625],"texture":"#0"}}},{"from":[14,0,2],"to":[16,2,4],"faces":{"north":{"uv":[0,7.625,2,9.625],"texture":"#0"},"east":{"uv":[0,7.625,2,9.625],"texture":"#0"},"south":{"uv":[0,7.625,2,9.625],"texture":"#0"},"west":{"uv":[0,7.625,2,9.625],"texture":"#0"},"up":{"uv":[0,7.625,2,9.625],"texture":"#0"},"down":{"uv":[0,7.625,2,9.625],"texture":"#0"}}},{"from":[12,0,2],"to":[14,2,4],"faces":{"north":{"uv":[0,7.625,2,9.625],"texture":"#0"},"east":{"uv":[0,7.625,2,9.625],"texture":"#0"},"south":{"uv":[0,7.625,2,9.625],"texture":"#0"},"west":{"uv":[0,7.625,2,9.625],"texture":"#0"},"up":{"uv":[0,7.625,2,9.625],"texture":"#0"},"down":{"uv":[0,7.625,2,9.625],"texture":"#0"}}},{"from":[8,0,2],"to":[10,2,4],"faces":{"north":{"uv":[0,7.625,2,9.625],"texture":"#0"},"east":{"uv":[0,7.625,2,9.625],"texture":"#0"},"south":{"uv":[0,7.625,2,9.625],"texture":"#0"},"west":{"uv":[0,7.625,2,9.625],"texture":"#0"},"up":{"uv":[0,7.625,2,9.625],"texture":"#0"},"down":{"uv":[0,7.625,2,9.625],"texture":"#0"}}},{"from":[10,0,2],"to":[12,2,4],"faces":{"north":{"uv":[0,7.625,2,9.625],"texture":"#0"},"east":{"uv":[0,7.625,2,9.625],"texture":"#0"},"south":{"uv":[0,7.625,2,9.625],"texture":"#0"},"west":{"uv":[0,7.625,2,9.625],"texture":"#0"},"up":{"uv":[0,7.625,2,9.625],"texture":"#0"},"down":{"uv":[0,7.625,2,9.625],"texture":"#0"}}},{"from":[7,2,6],"to":[9,4,8],"faces":{"north":{"uv":[0,7.625,2,9.625],"texture":"#0"},"east":{"uv":[0,7.625,2,9.625],"texture":"#0"},"south":{"uv":[0,7.625,2,9.625],"texture":"#0"},"west":{"uv":[0,7.625,2,9.625],"texture":"#0"},"up":{"uv":[0,7.625,2,9.625],"texture":"#0"},"down":{"uv":[0,7.625,2,9.625],"texture":"#0"}}},{"from":[6,0,2],"to":[8,2,4],"faces":{"north":{"uv":[0,7.625,2,9.625],"texture":"#0"},"east":{"uv":[0,7.625,2,9.625],"texture":"#0"},"south":{"uv":[0,7.625,2,9.625],"texture":"#0"},"west":{"uv":[0,7.625,2,9.625],"texture":"#0"},"up":{"uv":[0,7.625,2,9.625],"texture":"#0"},"down":{"uv":[0,7.625,2,9.625],"texture":"#0"}}},{"from":[4,0,2],"to":[6,2,4],"faces":{"north":{"uv":[0,7.625,2,9.625],"texture":"#0"},"east":{"uv":[0,7.625,2,9.625],"texture":"#0"},"south":{"uv":[0,7.625,2,9.625],"texture":"#0"},"west":{"uv":[0,7.625,2,9.625],"texture":"#0"},"up":{"uv":[0,7.625,2,9.625],"texture":"#0"},"down":{"uv":[0,7.625,2,9.625],"texture":"#0"}}},{"from":[2,0,2],"to":[4,2,4],"faces":{"north":{"uv":[0,7.625,2,9.625],"texture":"#0"},"east":{"uv":[0,7.625,2,9.625],"texture":"#0"},"south":{"uv":[0,7.625,2,9.625],"texture":"#0"},"west":{"uv":[0,7.625,2,9.625],"texture":"#0"},"up":{"uv":[0,7.625,2,9.625],"texture":"#0"},"down":{"uv":[0,7.625,2,9.625],"texture":"#0"}}},{"from":[2,2,2],"to":[4,4,4],"faces":{"north":{"uv":[0,7.625,2,9.625],"texture":"#0"},"east":{"uv":[0,7.625,2,9.625],"texture":"#0"},"south":{"uv":[0,7.625,2,9.625],"texture":"#0"},"west":{"uv":[0,7.625,2,9.625],"texture":"#0"},"up":{"uv":[0,7.625,2,9.625],"texture":"#0"},"down":{"uv":[0,7.625,2,9.625],"texture":"#0"}}},{"from":[0,0,2],"to":[2,2,4],"faces":{"north":{"uv":[0,7.625,2,9.625],"texture":"#0"},"east":{"uv":[0,7.625,2,9.625],"texture":"#0"},"south":{"uv":[0,7.625,2,9.625],"texture":"#0"},"west":{"uv":[0,7.625,2,9.625],"texture":"#0"},"up":{"uv":[0,7.625,2,9.625],"texture":"#0"},"down":{"uv":[0,7.625,2,9.625],"texture":"#0"}}},{"from":[2,0,0],"to":[4,2,2],"faces":{"north":{"uv":[0,7.625,2,9.625],"texture":"#0"},"east":{"uv":[0,7.625,2,9.625],"texture":"#0"},"south":{"uv":[0,7.625,2,9.625],"texture":"#0"},"west":{"uv":[0,7.625,2,9.625],"texture":"#0"},"up":{"uv":[0,7.625,2,9.625],"texture":"#0"},"down":{"uv":[0,7.625,2,9.625],"texture":"#0"}}},{"from":[4,0,0],"to":[6,2,2],"faces":{"north":{"uv":[0,7.625,2,9.625],"texture":"#0"},"east":{"uv":[0,7.625,2,9.625],"texture":"#0"},"south":{"uv":[0,7.625,2,9.625],"texture":"#0"},"west":{"uv":[0,7.625,2,9.625],"texture":"#0"},"up":{"uv":[0,7.625,2,9.625],"texture":"#0"},"down":{"uv":[0,7.625,2,9.625],"texture":"#0"}}},{"from":[6,0,0],"to":[8,2,2],"faces":{"north":{"uv":[0,7.625,2,9.625],"texture":"#0"},"east":{"uv":[0,7.625,2,9.625],"texture":"#0"},"south":{"uv":[0,7.625,2,9.625],"texture":"#0"},"west":{"uv":[0,7.625,2,9.625],"texture":"#0"},"up":{"uv":[0,7.625,2,9.625],"texture":"#0"},"down":{"uv":[0,7.625,2,9.625],"texture":"#0"}}},{"from":[10,0,0],"to":[12,2,2],"faces":{"north":{"uv":[0,7.625,2,9.625],"texture":"#0"},"east":{"uv":[0,7.625,2,9.625],"texture":"#0"},"south":{"uv":[0,7.625,2,9.625],"texture":"#0"},"west":{"uv":[0,7.625,2,9.625],"texture":"#0"},"up":{"uv":[0,7.625,2,9.625],"texture":"#0"},"down":{"uv":[0,7.625,2,9.625],"texture":"#0"}}},{"from":[11.6,2,4],"to":[13.6,4,6],"faces":{"north":{"uv":[0,7.625,2,9.625],"texture":"#0"},"east":{"uv":[0,7.625,2,9.625],"texture":"#0"},"south":{"uv":[0,7.625,2,9.625],"texture":"#0"},"west":{"uv":[0,7.625,2,9.625],"texture":"#0"},"up":{"uv":[0,7.625,2,9.625],"texture":"#0"},"down":{"uv":[0,7.625,2,9.625],"texture":"#0"}}},{"from":[3,2,9],"to":[5,4,11],"faces":{"north":{"uv":[0,7.625,2,9.625],"texture":"#0"},"east":{"uv":[0,7.625,2,9.625],"texture":"#0"},"south":{"uv":[0,7.625,2,9.625],"texture":"#0"},"west":{"uv":[0,7.625,2,9.625],"texture":"#0"},"up":{"uv":[0,7.625,2,9.625],"texture":"#0"},"down":{"uv":[0,7.625,2,9.625],"texture":"#0"}}},{"from":[1,2,9],"to":[3,4,11],"faces":{"north":{"uv":[0,7.625,2,9.625],"texture":"#0"},"east":{"uv":[0,7.625,2,9.625],"texture":"#0"},"south":{"uv":[0,7.625,2,9.625],"texture":"#0"},"west":{"uv":[0,7.625,2,9.625],"texture":"#0"},"up":{"uv":[0,7.625,2,9.625],"texture":"#0"},"down":{"uv":[0,7.625,2,9.625],"texture":"#0"}}},{"from":[2,2,7],"to":[4,4,9],"faces":{"north":{"uv":[0,7.625,2,9.625],"texture":"#0"},"east":{"uv":[0,7.625,2,9.625],"texture":"#0"},"south":{"uv":[0,7.625,2,9.625],"texture":"#0"},"west":{"uv":[0,7.625,2,9.625],"texture":"#0"},"up":{"uv":[0,7.625,2,9.625],"texture":"#0"},"down":{"uv":[0,7.625,2,9.625],"texture":"#0"}}},{"from":[2,2,11],"to":[4,4,13],"faces":{"north":{"uv":[0,7.625,2,9.625],"texture":"#0"},"east":{"uv":[0,7.625,2,9.625],"texture":"#0"},"south":{"uv":[0,7.625,2,9.625],"texture":"#0"},"west":{"uv":[0,7.625,2,9.625],"texture":"#0"},"up":{"uv":[0,7.625,2,9.625],"texture":"#0"},"down":{"uv":[0,7.625,2,9.625],"texture":"#0"}}},{"from":[2,4,9],"to":[4,6,11],"faces":{"north":{"uv":[0,7.625,2,9.625],"texture":"#0"},"east":{"uv":[0,7.625,2,9.625],"texture":"#0"},"south":{"uv":[0,7.625,2,9.625],"texture":"#0"},"west":{"uv":[0,7.625,2,9.625],"texture":"#0"},"up":{"uv":[0,7.625,2,9.625],"texture":"#0"},"down":{"uv":[0,7.625,2,9.625],"texture":"#0"}}},{"from":[8,0,0],"to":[10,2,2],"faces":{"north":{"uv":[0,7.625,2,9.625],"texture":"#0"},"east":{"uv":[0,7.625,2,9.625],"texture":"#0"},"south":{"uv":[0,7.625,2,9.625],"texture":"#0"},"west":{"uv":[0,7.625,2,9.625],"texture":"#0"},"up":{"uv":[0,7.625,2,9.625],"texture":"#0"},"down":{"uv":[0,7.625,2,9.625],"texture":"#0"}}},{"from":[12,0,0],"to":[14,2,2],"faces":{"north":{"uv":[0,7.625,2,9.625],"texture":"#0"},"east":{"uv":[0,7.625,2,9.625],"texture":"#0"},"south":{"uv":[0,7.625,2,9.625],"texture":"#0"},"west":{"uv":[0,7.625,2,9.625],"texture":"#0"},"up":{"uv":[0,7.625,2,9.625],"texture":"#0"},"down":{"uv":[0,7.625,2,9.625],"texture":"#0"}}},{"from":[14,0,0],"to":[16,2,2],"faces":{"north":{"uv":[0,7.625,2,9.625],"texture":"#0"},"east":{"uv":[0,7.625,2,9.625],"texture":"#0"},"south":{"uv":[0,7.625,2,9.625],"texture":"#0"},"west":{"uv":[0,7.625,2,9.625],"texture":"#0"},"up":{"uv":[0,7.625,2,9.625],"texture":"#0"},"down":{"uv":[0,7.625,2,9.625],"texture":"#0"}}},{"from":[9,2,6],"to":[13,6,10],"faces":{"north":{"uv":[0,7.625,2,9.625],"texture":"#0"},"east":{"uv":[0,7.625,2,9.625],"texture":"#0"},"south":{"uv":[0,7.625,2,9.625],"texture":"#0"},"west":{"uv":[0,7.625,2,9.625],"texture":"#0"},"up":{"uv":[0,7.625,2,9.625],"texture":"#0"},"down":{"uv":[0,7.625,2,9.625],"texture":"#0"}}},{"from":[0,0,4],"to":[2,2,6],"faces":{"north":{"uv":[0,7.625,2,9.625],"texture":"#0"},"east":{"uv":[0,7.625,2,9.625],"texture":"#0"},"south":{"uv":[0,7.625,2,9.625],"texture":"#0"},"west":{"uv":[0,7.625,2,9.625],"texture":"#0"},"up":{"uv":[0,7.625,2,9.625],"texture":"#0"},"down":{"uv":[0,7.625,2,9.625],"texture":"#0"}}},{"from":[14,0,6],"to":[16,2,8],"faces":{"north":{"uv":[0,7.625,2,9.625],"texture":"#0"},"east":{"uv":[0,7.625,2,9.625],"texture":"#0"},"south":{"uv":[0,7.625,2,9.625],"texture":"#0"},"west":{"uv":[0,7.625,2,9.625],"texture":"#0"},"up":{"uv":[0,7.625,2,9.625],"texture":"#0"},"down":{"uv":[0,7.625,2,9.625],"texture":"#0"}}},{"from":[10.6,2,12],"to":[12.6,4,14],"faces":{"north":{"uv":[0,7.625,2,9.625],"texture":"#0"},"east":{"uv":[0,7.625,2,9.625],"texture":"#0"},"south":{"uv":[0,7.625,2,9.625],"texture":"#0"},"west":{"uv":[0,7.625,2,9.625],"texture":"#0"},"up":{"uv":[0,7.625,2,9.625],"texture":"#0"},"down":{"uv":[0,7.625,2,9.625],"texture":"#0"}}},{"from":[12,0,6],"to":[14,2,8],"faces":{"north":{"uv":[0,7.625,2,9.625],"texture":"#0"},"east":{"uv":[0,7.625,2,9.625],"texture":"#0"},"south":{"uv":[0,7.625,2,9.625],"texture":"#0"},"west":{"uv":[0,7.625,2,9.625],"texture":"#0"},"up":{"uv":[0,7.625,2,9.625],"texture":"#0"},"down":{"uv":[0,7.625,2,9.625],"texture":"#0"}}},{"from":[8,0,6],"to":[10,2,8],"faces":{"north":{"uv":[0,7.625,2,9.625],"texture":"#0"},"east":{"uv":[0,7.625,2,9.625],"texture":"#0"},"south":{"uv":[0,7.625,2,9.625],"texture":"#0"},"west":{"uv":[0,7.625,2,9.625],"texture":"#0"},"up":{"uv":[0,7.625,2,9.625],"texture":"#0"},"down":{"uv":[0,7.625,2,9.625],"texture":"#0"}}},{"from":[10,0,6],"to":[12,2,8],"faces":{"north":{"uv":[0,7.625,2,9.625],"texture":"#0"},"east":{"uv":[0,7.625,2,9.625],"texture":"#0"},"south":{"uv":[0,7.625,2,9.625],"texture":"#0"},"west":{"uv":[0,7.625,2,9.625],"texture":"#0"},"up":{"uv":[0,7.625,2,9.625],"texture":"#0"},"down":{"uv":[0,7.625,2,9.625],"texture":"#0"}}},{"from":[6,0,6],"to":[8,2,8],"faces":{"north":{"uv":[0,7.625,2,9.625],"texture":"#0"},"east":{"uv":[0,7.625,2,9.625],"texture":"#0"},"south":{"uv":[0,7.625,2,9.625],"texture":"#0"},"west":{"uv":[0,7.625,2,9.625],"texture":"#0"},"up":{"uv":[0,7.625,2,9.625],"texture":"#0"},"down":{"uv":[0,7.625,2,9.625],"texture":"#0"}}},{"from":[4,0,6],"to":[6,2,8],"faces":{"north":{"uv":[0,7.625,2,9.625],"texture":"#0"},"east":{"uv":[0,7.625,2,9.625],"texture":"#0"},"south":{"uv":[0,7.625,2,9.625],"texture":"#0"},"west":{"uv":[0,7.625,2,9.625],"texture":"#0"},"up":{"uv":[0,7.625,2,9.625],"texture":"#0"},"down":{"uv":[0,7.625,2,9.625],"texture":"#0"}}},{"from":[2,0,6],"to":[4,2,8],"faces":{"north":{"uv":[0,7.625,2,9.625],"texture":"#0"},"east":{"uv":[0,7.625,2,9.625],"texture":"#0"},"south":{"uv":[0,7.625,2,9.625],"texture":"#0"},"west":{"uv":[0,7.625,2,9.625],"texture":"#0"},"up":{"uv":[0,7.625,2,9.625],"texture":"#0"},"down":{"uv":[0,7.625,2,9.625],"texture":"#0"}}},{"from":[0,0,6],"to":[2,2,8],"faces":{"north":{"uv":[0,7.625,2,9.625],"texture":"#0"},"east":{"uv":[0,7.625,2,9.625],"texture":"#0"},"south":{"uv":[0,7.625,2,9.625],"texture":"#0"},"west":{"uv":[0,7.625,2,9.625],"texture":"#0"},"up":{"uv":[0,7.625,2,9.625],"texture":"#0"},"down":{"uv":[0,7.625,2,9.625],"texture":"#0"}}},{"from":[2,0,4],"to":[4,2,6],"faces":{"north":{"uv":[0,7.625,2,9.625],"texture":"#0"},"east":{"uv":[0,7.625,2,9.625],"texture":"#0"},"south":{"uv":[0,7.625,2,9.625],"texture":"#0"},"west":{"uv":[0,7.625,2,9.625],"texture":"#0"},"up":{"uv":[0,7.625,2,9.625],"texture":"#0"},"down":{"uv":[0,7.625,2,9.625],"texture":"#0"}}},{"from":[4,0,4],"to":[6,2,6],"faces":{"north":{"uv":[0,7.625,2,9.625],"texture":"#0"},"east":{"uv":[0,7.625,2,9.625],"texture":"#0"},"south":{"uv":[0,7.625,2,9.625],"texture":"#0"},"west":{"uv":[0,7.625,2,9.625],"texture":"#0"},"up":{"uv":[0,7.625,2,9.625],"texture":"#0"},"down":{"uv":[0,7.625,2,9.625],"texture":"#0"}}},{"from":[6,0,4],"to":[8,2,6],"faces":{"north":{"uv":[0,7.625,2,9.625],"texture":"#0"},"east":{"uv":[0,7.625,2,9.625],"texture":"#0"},"south":{"uv":[0,7.625,2,9.625],"texture":"#0"},"west":{"uv":[0,7.625,2,9.625],"texture":"#0"},"up":{"uv":[0,7.625,2,9.625],"texture":"#0"},"down":{"uv":[0,7.625,2,9.625],"texture":"#0"}}},{"from":[10,0,4],"to":[12,2,6],"faces":{"north":{"uv":[0,7.625,2,9.625],"texture":"#0"},"east":{"uv":[0,7.625,2,9.625],"texture":"#0"},"south":{"uv":[0,7.625,2,9.625],"texture":"#0"},"west":{"uv":[0,7.625,2,9.625],"texture":"#0"},"up":{"uv":[0,7.625,2,9.625],"texture":"#0"},"down":{"uv":[0,7.625,2,9.625],"texture":"#0"}}},{"from":[8,0,4],"to":[10,2,6],"faces":{"north":{"uv":[0,7.625,2,9.625],"texture":"#0"},"east":{"uv":[0,7.625,2,9.625],"texture":"#0"},"south":{"uv":[0,7.625,2,9.625],"texture":"#0"},"west":{"uv":[0,7.625,2,9.625],"texture":"#0"},"up":{"uv":[0,7.625,2,9.625],"texture":"#0"},"down":{"uv":[0,7.625,2,9.625],"texture":"#0"}}},{"from":[12,0,4],"to":[14,2,6],"faces":{"north":{"uv":[0,7.625,2,9.625],"texture":"#0"},"east":{"uv":[0,7.625,2,9.625],"texture":"#0"},"south":{"uv":[0,7.625,2,9.625],"texture":"#0"},"west":{"uv":[0,7.625,2,9.625],"texture":"#0"},"up":{"uv":[0,7.625,2,9.625],"texture":"#0"},"down":{"uv":[0,7.625,2,9.625],"texture":"#0"}}},{"from":[14,0,4],"to":[16,2,6],"faces":{"north":{"uv":[0,7.625,2,9.625],"texture":"#0"},"east":{"uv":[0,7.625,2,9.625],"texture":"#0"},"south":{"uv":[0,7.625,2,9.625],"texture":"#0"},"west":{"uv":[0,7.625,2,9.625],"texture":"#0"},"up":{"uv":[0,7.625,2,9.625],"texture":"#0"},"down":{"uv":[0,7.625,2,9.625],"texture":"#0"}}},{"from":[11.6,2,10],"to":[13.6,4,12],"faces":{"north":{"uv":[0,7.625,2,9.625],"texture":"#0"},"east":{"uv":[0,7.625,2,9.625],"texture":"#0"},"south":{"uv":[0,7.625,2,9.625],"texture":"#0"},"west":{"uv":[0,7.625,2,9.625],"texture":"#0"},"up":{"uv":[0,7.625,2,9.625],"texture":"#0"},"down":{"uv":[0,7.625,2,9.625],"texture":"#0"}}},{"from":[10.4,4,10],"to":[12.4,6,12],"faces":{"north":{"uv":[0,7.625,2,9.625],"texture":"#0"},"east":{"uv":[0,7.625,2,9.625],"texture":"#0"},"south":{"uv":[0,7.625,2,9.625],"texture":"#0"},"west":{"uv":[0,7.625,2,9.625],"texture":"#0"},"up":{"uv":[0,7.625,2,9.625],"texture":"#0"},"down":{"uv":[0,7.625,2,9.625],"texture":"#0"}}},{"from":[0,0,8],"to":[2,2,10],"faces":{"north":{"uv":[0,7.625,2,9.625],"texture":"#0"},"east":{"uv":[0,7.625,2,9.625],"texture":"#0"},"south":{"uv":[0,7.625,2,9.625],"texture":"#0"},"west":{"uv":[0,7.625,2,9.625],"texture":"#0"},"up":{"uv":[0,7.625,2,9.625],"texture":"#0"},"down":{"uv":[0,7.625,2,9.625],"texture":"#0"}}},{"from":[14,0,10],"to":[16,2,12],"faces":{"north":{"uv":[0,7.625,2,9.625],"texture":"#0"},"east":{"uv":[0,7.625,2,9.625],"texture":"#0"},"south":{"uv":[0,7.625,2,9.625],"texture":"#0"},"west":{"uv":[0,7.625,2,9.625],"texture":"#0"},"up":{"uv":[0,7.625,2,9.625],"texture":"#0"},"down":{"uv":[0,7.625,2,9.625],"texture":"#0"}}},{"from":[12,0,10],"to":[14,2,12],"faces":{"north":{"uv":[0,7.625,2,9.625],"texture":"#0"},"east":{"uv":[0,7.625,2,9.625],"texture":"#0"},"south":{"uv":[0,7.625,2,9.625],"texture":"#0"},"west":{"uv":[0,7.625,2,9.625],"texture":"#0"},"up":{"uv":[0,7.625,2,9.625],"texture":"#0"},"down":{"uv":[0,7.625,2,9.625],"texture":"#0"}}},{"from":[8,0,10],"to":[10,2,12],"faces":{"north":{"uv":[0,7.625,2,9.625],"texture":"#0"},"east":{"uv":[0,7.625,2,9.625],"texture":"#0"},"south":{"uv":[0,7.625,2,9.625],"texture":"#0"},"west":{"uv":[0,7.625,2,9.625],"texture":"#0"},"up":{"uv":[0,7.625,2,9.625],"texture":"#0"},"down":{"uv":[0,7.625,2,9.625],"texture":"#0"}}},{"from":[10,0,10],"to":[12,2,12],"faces":{"north":{"uv":[0,7.625,2,9.625],"texture":"#0"},"east":{"uv":[0,7.625,2,9.625],"texture":"#0"},"south":{"uv":[0,7.625,2,9.625],"texture":"#0"},"west":{"uv":[0,7.625,2,9.625],"texture":"#0"},"up":{"uv":[0,7.625,2,9.625],"texture":"#0"},"down":{"uv":[0,7.625,2,9.625],"texture":"#0"}}},{"from":[6,0,10],"to":[8,2,12],"faces":{"north":{"uv":[0,7.625,2,9.625],"texture":"#0"},"east":{"uv":[0,7.625,2,9.625],"texture":"#0"},"south":{"uv":[0,7.625,2,9.625],"texture":"#0"},"west":{"uv":[0,7.625,2,9.625],"texture":"#0"},"up":{"uv":[0,7.625,2,9.625],"texture":"#0"},"down":{"uv":[0,7.625,2,9.625],"texture":"#0"}}},{"from":[7,2,11],"to":[9,4,13],"faces":{"north":{"uv":[0,7.625,2,9.625],"texture":"#0"},"east":{"uv":[0,7.625,2,9.625],"texture":"#0"},"south":{"uv":[0,7.625,2,9.625],"texture":"#0"},"west":{"uv":[0,7.625,2,9.625],"texture":"#0"},"up":{"uv":[0,7.625,2,9.625],"texture":"#0"},"down":{"uv":[0,7.625,2,9.625],"texture":"#0"}}},{"from":[7,4,11],"to":[9,6,13],"faces":{"north":{"uv":[0,7.625,2,9.625],"texture":"#0"},"east":{"uv":[0,7.625,2,9.625],"texture":"#0"},"south":{"uv":[0,7.625,2,9.625],"texture":"#0"},"west":{"uv":[0,7.625,2,9.625],"texture":"#0"},"up":{"uv":[0,7.625,2,9.625],"texture":"#0"},"down":{"uv":[0,7.625,2,9.625],"texture":"#0"}}},{"from":[7,6,11],"to":[9,8,13],"faces":{"north":{"uv":[0,7.625,2,9.625],"texture":"#0"},"east":{"uv":[0,7.625,2,9.625],"texture":"#0"},"south":{"uv":[0,7.625,2,9.625],"texture":"#0"},"west":{"uv":[0,7.625,2,9.625],"texture":"#0"},"up":{"uv":[0,7.625,2,9.625],"texture":"#0"},"down":{"uv":[0,7.625,2,9.625],"texture":"#0"}}},{"from":[7,8,11],"to":[9,10,13],"faces":{"north":{"uv":[0,7.625,2,9.625],"texture":"#0"},"east":{"uv":[0,7.625,2,9.625],"texture":"#0"},"south":{"uv":[0,7.625,2,9.625],"texture":"#0"},"west":{"uv":[0,7.625,2,9.625],"texture":"#0"},"up":{"uv":[0,7.625,2,9.625],"texture":"#0"},"down":{"uv":[0,7.625,2,9.625],"texture":"#0"}}},{"from":[7,10,11],"to":[9,12,13],"faces":{"north":{"uv":[0,7.625,2,9.625],"texture":"#0"},"east":{"uv":[0,7.625,2,9.625],"texture":"#0"},"south":{"uv":[0,7.625,2,9.625],"texture":"#0"},"west":{"uv":[0,7.625,2,9.625],"texture":"#0"},"up":{"uv":[0,7.625,2,9.625],"texture":"#0"},"down":{"uv":[0,7.625,2,9.625],"texture":"#0"}}},{"from":[6,12,10],"to":[10,16,14],"faces":{"north":{"uv":[0,7.625,2,9.625],"texture":"#0"},"east":{"uv":[0,7.625,2,9.625],"texture":"#0"},"south":{"uv":[0,7.625,2,9.625],"texture":"#0"},"west":{"uv":[0,7.625,2,9.625],"texture":"#0"},"up":{"uv":[0,7.625,2,9.625],"texture":"#0"},"down":{"uv":[0,7.625,2,9.625],"texture":"#0"}}},{"from":[4,0,10],"to":[6,2,12],"faces":{"north":{"uv":[0,7.625,2,9.625],"texture":"#0"},"east":{"uv":[0,7.625,2,9.625],"texture":"#0"},"south":{"uv":[0,7.625,2,9.625],"texture":"#0"},"west":{"uv":[0,7.625,2,9.625],"texture":"#0"},"up":{"uv":[0,7.625,2,9.625],"texture":"#0"},"down":{"uv":[0,7.625,2,9.625],"texture":"#0"}}},{"from":[2,0,10],"to":[4,2,12],"faces":{"north":{"uv":[0,7.625,2,9.625],"texture":"#0"},"east":{"uv":[0,7.625,2,9.625],"texture":"#0"},"south":{"uv":[0,7.625,2,9.625],"texture":"#0"},"west":{"uv":[0,7.625,2,9.625],"texture":"#0"},"up":{"uv":[0,7.625,2,9.625],"texture":"#0"},"down":{"uv":[0,7.625,2,9.625],"texture":"#0"}}},{"from":[0,0,10],"to":[2,2,12],"faces":{"north":{"uv":[0,7.625,2,9.625],"texture":"#0"},"east":{"uv":[0,7.625,2,9.625],"texture":"#0"},"south":{"uv":[0,7.625,2,9.625],"texture":"#0"},"west":{"uv":[0,7.625,2,9.625],"texture":"#0"},"up":{"uv":[0,7.625,2,9.625],"texture":"#0"},"down":{"uv":[0,7.625,2,9.625],"texture":"#0"}}},{"from":[2,0,8],"to":[4,2,10],"faces":{"north":{"uv":[0,7.625,2,9.625],"texture":"#0"},"east":{"uv":[0,7.625,2,9.625],"texture":"#0"},"south":{"uv":[0,7.625,2,9.625],"texture":"#0"},"west":{"uv":[0,7.625,2,9.625],"texture":"#0"},"up":{"uv":[0,7.625,2,9.625],"texture":"#0"},"down":{"uv":[0,7.625,2,9.625],"texture":"#0"}}},{"from":[4,0,8],"to":[6,2,10],"faces":{"north":{"uv":[0,7.625,2,9.625],"texture":"#0"},"east":{"uv":[0,7.625,2,9.625],"texture":"#0"},"south":{"uv":[0,7.625,2,9.625],"texture":"#0"},"west":{"uv":[0,7.625,2,9.625],"texture":"#0"},"up":{"uv":[0,7.625,2,9.625],"texture":"#0"},"down":{"uv":[0,7.625,2,9.625],"texture":"#0"}}},{"from":[6,0,8],"to":[8,2,10],"faces":{"north":{"uv":[0,7.625,2,9.625],"texture":"#0"},"east":{"uv":[0,7.625,2,9.625],"texture":"#0"},"south":{"uv":[0,7.625,2,9.625],"texture":"#0"},"west":{"uv":[0,7.625,2,9.625],"texture":"#0"},"up":{"uv":[0,7.625,2,9.625],"texture":"#0"},"down":{"uv":[0,7.625,2,9.625],"texture":"#0"}}},{"from":[10,0,8],"to":[12,2,10],"faces":{"north":{"uv":[0,7.625,2,9.625],"texture":"#0"},"east":{"uv":[0,7.625,2,9.625],"texture":"#0"},"south":{"uv":[0,7.625,2,9.625],"texture":"#0"},"west":{"uv":[0,7.625,2,9.625],"texture":"#0"},"up":{"uv":[0,7.625,2,9.625],"texture":"#0"},"down":{"uv":[0,7.625,2,9.625],"texture":"#0"}}},{"from":[8,0,8],"to":[10,2,10],"faces":{"north":{"uv":[0,7.625,2,9.625],"texture":"#0"},"east":{"uv":[0,7.625,2,9.625],"texture":"#0"},"south":{"uv":[0,7.625,2,9.625],"texture":"#0"},"west":{"uv":[0,7.625,2,9.625],"texture":"#0"},"up":{"uv":[0,7.625,2,9.625],"texture":"#0"},"down":{"uv":[0,7.625,2,9.625],"texture":"#0"}}},{"from":[12,0,8],"to":[14,2,10],"faces":{"north":{"uv":[0,7.625,2,9.625],"texture":"#0"},"east":{"uv":[0,7.625,2,9.625],"texture":"#0"},"south":{"uv":[0,7.625,2,9.625],"texture":"#0"},"west":{"uv":[0,7.625,2,9.625],"texture":"#0"},"up":{"uv":[0,7.625,2,9.625],"texture":"#0"},"down":{"uv":[0,7.625,2,9.625],"texture":"#0"}}},{"from":[14,0,8],"to":[16,2,10],"faces":{"north":{"uv":[0,7.625,2,9.625],"texture":"#0"},"east":{"uv":[0,7.625,2,9.625],"texture":"#0"},"south":{"uv":[0,7.625,2,9.625],"texture":"#0"},"west":{"uv":[0,7.625,2,9.625],"texture":"#0"},"up":{"uv":[0,7.625,2,9.625],"texture":"#0"},"down":{"uv":[0,7.625,2,9.625],"texture":"#0"}}},{"from":[0,0,12],"to":[2,2,14],"faces":{"north":{"uv":[0,7.625,2,9.625],"texture":"#0"},"east":{"uv":[0,7.625,2,9.625],"texture":"#0"},"south":{"uv":[0,7.625,2,9.625],"texture":"#0"},"west":{"uv":[0,7.625,2,9.625],"texture":"#0"},"up":{"uv":[0,7.625,2,9.625],"texture":"#0"},"down":{"uv":[0,7.625,2,9.625],"texture":"#0"}}},{"from":[14,0,14],"to":[16,2,16],"faces":{"north":{"uv":[0,7.625,2,9.625],"texture":"#0"},"east":{"uv":[0,7.625,2,9.625],"texture":"#0"},"south":{"uv":[0,7.625,2,9.625],"texture":"#0"},"west":{"uv":[0,7.625,2,9.625],"texture":"#0"},"up":{"uv":[0,7.625,2,9.625],"texture":"#0"},"down":{"uv":[0,7.625,2,9.625],"texture":"#0"}}},{"from":[12,0,14],"to":[14,2,16],"faces":{"north":{"uv":[0,7.625,2,9.625],"texture":"#0"},"east":{"uv":[0,7.625,2,9.625],"texture":"#0"},"south":{"uv":[0,7.625,2,9.625],"texture":"#0"},"west":{"uv":[0,7.625,2,9.625],"texture":"#0"},"up":{"uv":[0,7.625,2,9.625],"texture":"#0"},"down":{"uv":[0,7.625,2,9.625],"texture":"#0"}}},{"from":[8,0,14],"to":[10,2,16],"faces":{"north":{"uv":[0,7.625,2,9.625],"texture":"#0"},"east":{"uv":[0,7.625,2,9.625],"texture":"#0"},"south":{"uv":[0,7.625,2,9.625],"texture":"#0"},"west":{"uv":[0,7.625,2,9.625],"texture":"#0"},"up":{"uv":[0,7.625,2,9.625],"texture":"#0"},"down":{"uv":[0,7.625,2,9.625],"texture":"#0"}}},{"from":[10,0,14],"to":[12,2,16],"faces":{"north":{"uv":[0,7.625,2,9.625],"texture":"#0"},"east":{"uv":[0,7.625,2,9.625],"texture":"#0"},"south":{"uv":[0,7.625,2,9.625],"texture":"#0"},"west":{"uv":[0,7.625,2,9.625],"texture":"#0"},"up":{"uv":[0,7.625,2,9.625],"texture":"#0"},"down":{"uv":[0,7.625,2,9.625],"texture":"#0"}}},{"from":[6,0,14],"to":[8,2,16],"faces":{"north":{"uv":[0,7.625,2,9.625],"texture":"#0"},"east":{"uv":[0,7.625,2,9.625],"texture":"#0"},"south":{"uv":[0,7.625,2,9.625],"texture":"#0"},"west":{"uv":[0,7.625,2,9.625],"texture":"#0"},"up":{"uv":[0,7.625,2,9.625],"texture":"#0"},"down":{"uv":[0,7.625,2,9.625],"texture":"#0"}}},{"from":[4,0,14],"to":[6,2,16],"faces":{"north":{"uv":[0,7.625,2,9.625],"texture":"#0"},"east":{"uv":[0,7.625,2,9.625],"texture":"#0"},"south":{"uv":[0,7.625,2,9.625],"texture":"#0"},"west":{"uv":[0,7.625,2,9.625],"texture":"#0"},"up":{"uv":[0,7.625,2,9.625],"texture":"#0"},"down":{"uv":[0,7.625,2,9.625],"texture":"#0"}}},{"from":[2,0,14],"to":[4,2,16],"faces":{"north":{"uv":[0,7.625,2,9.625],"texture":"#0"},"east":{"uv":[0,7.625,2,9.625],"texture":"#0"},"south":{"uv":[0,7.625,2,9.625],"texture":"#0"},"west":{"uv":[0,7.625,2,9.625],"texture":"#0"},"up":{"uv":[0,7.625,2,9.625],"texture":"#0"},"down":{"uv":[0,7.625,2,9.625],"texture":"#0"}}},{"from":[0,0,14],"to":[2,2,16],"faces":{"north":{"uv":[0,7.625,2,9.625],"texture":"#0"},"east":{"uv":[0,7.625,2,9.625],"texture":"#0"},"south":{"uv":[0,7.625,2,9.625],"texture":"#0"},"west":{"uv":[0,7.625,2,9.625],"texture":"#0"},"up":{"uv":[0,7.625,2,9.625],"texture":"#0"},"down":{"uv":[0,7.625,2,9.625],"texture":"#0"}}},{"from":[2,0,12],"to":[4,2,14],"faces":{"north":{"uv":[0,7.625,2,9.625],"texture":"#0"},"east":{"uv":[0,7.625,2,9.625],"texture":"#0"},"south":{"uv":[0,7.625,2,9.625],"texture":"#0"},"west":{"uv":[0,7.625,2,9.625],"texture":"#0"},"up":{"uv":[0,7.625,2,9.625],"texture":"#0"},"down":{"uv":[0,7.625,2,9.625],"texture":"#0"}}},{"from":[4,0,12],"to":[6,2,14],"faces":{"north":{"uv":[0,7.625,2,9.625],"texture":"#0"},"east":{"uv":[0,7.625,2,9.625],"texture":"#0"},"south":{"uv":[0,7.625,2,9.625],"texture":"#0"},"west":{"uv":[0,7.625,2,9.625],"texture":"#0"},"up":{"uv":[0,7.625,2,9.625],"texture":"#0"},"down":{"uv":[0,7.625,2,9.625],"texture":"#0"}}},{"from":[6,0,12],"to":[8,2,14],"faces":{"north":{"uv":[0,7.625,2,9.625],"texture":"#0"},"east":{"uv":[0,7.625,2,9.625],"texture":"#0"},"south":{"uv":[0,7.625,2,9.625],"texture":"#0"},"west":{"uv":[0,7.625,2,9.625],"texture":"#0"},"up":{"uv":[0,7.625,2,9.625],"texture":"#0"},"down":{"uv":[0,7.625,2,9.625],"texture":"#0"}}},{"from":[10,0,12],"to":[12,2,14],"faces":{"north":{"uv":[0,7.625,2,9.625],"texture":"#0"},"east":{"uv":[0,7.625,2,9.625],"texture":"#0"},"south":{"uv":[0,7.625,2,9.625],"texture":"#0"},"west":{"uv":[0,7.625,2,9.625],"texture":"#0"},"up":{"uv":[0,7.625,2,9.625],"texture":"#0"},"down":{"uv":[0,7.625,2,9.625],"texture":"#0"}}},{"from":[8,0,12],"to":[10,2,14],"faces":{"north":{"uv":[0,7.625,2,9.625],"texture":"#0"},"east":{"uv":[0,7.625,2,9.625],"texture":"#0"},"south":{"uv":[0,7.625,2,9.625],"texture":"#0"},"west":{"uv":[0,7.625,2,9.625],"texture":"#0"},"up":{"uv":[0,7.625,2,9.625],"texture":"#0"},"down":{"uv":[0,7.625,2,9.625],"texture":"#0"}}},{"from":[12,0,12],"to":[14,2,14],"faces":{"north":{"uv":[0,7.625,2,9.625],"texture":"#0"},"east":{"uv":[0,7.625,2,9.625],"texture":"#0"},"south":{"uv":[0,7.625,2,9.625],"texture":"#0"},"west":{"uv":[0,7.625,2,9.625],"texture":"#0"},"up":{"uv":[0,7.625,2,9.625],"texture":"#0"},"down":{"uv":[0,7.625,2,9.625],"texture":"#0"}}},{"from":[14,0,12],"to":[16,2,14],"faces":{"north":{"uv":[0,7.625,2,9.625],"texture":"#0"},"east":{"uv":[0,7.625,2,9.625],"texture":"#0"},"south":{"uv":[0,7.625,2,9.625],"texture":"#0"},"west":{"uv":[0,7.625,2,9.625],"texture":"#0"},"up":{"uv":[0,7.625,2,9.625],"texture":"#0"},"down":{"uv":[0,7.625,2,9.625],"texture":"#0"}}}],"groups":[{"name":"Golem","origin":[-0.16667,8.22222,-1],"rotation":[0,90,0],"color":0,"children":[0,1,2,3,4,5,6,7,8,9,10,11,12,13,14,15,16,17,18,19,20,21,22,23,24,25,26,27,28,29,30,31,32,33,34,35,36,37,38,39,40,41,42,43,44,45,46,47,48,49,50,51,52,53,54,55,56,57,58,59,60,61,62,63,64,65,66,67,68,69,70,71,72,73,74,75,76,77,78,79,80,81,82,83,84,85,86,87,88,89,90]}]}