{
	"credit": "P13D_original",
	"texture_size": [64, 64],
	"textures": {
		"1": "kaneki_uniformado"
	},
	"elements": [
		{
			"from": [7.19776, -0.15, -0.91537],
			"to": [9.49776, 2.15, 6.38463],
			"rotation": {"angle": -22.5, "axis": "y", "origin": [7.5, 1, 8.5]},
			"faces": {
				"north": {"uv": [2, 8, 3, 9], "texture": "#1"},
				"east": {"uv": [0, 9, 1, 12], "rotation": 270, "texture": "#1"},
				"south": {"uv": [2, 9, 1, 8], "texture": "#1"},
				"west": {"uv": [3, 12, 2, 9], "rotation": 270, "texture": "#1"},
				"up": {"uv": [2, 12, 1, 9], "texture": "#1"},
				"down": {"uv": [3, 9, 4, 12], "texture": "#1"}
			}
		},
		{
			"from": [6.42612, -0.15, -0.53268],
			"to": [8.72612, 2.15, 6.76732],
			"rotation": {"angle": 22.5, "axis": "y", "origin": [7.5, 1, 8.5]},
			"faces": {
				"north": {"uv": [2, 12, 3, 13], "texture": "#1"},
				"east": {"uv": [0, 13, 1, 16], "rotation": 270, "texture": "#1"},
				"south": {"uv": [2, 13, 1, 12], "texture": "#1"},
				"west": {"uv": [3, 16, 2, 13], "rotation": 270, "texture": "#1"},
				"up": {"uv": [2, 16, 1, 13], "texture": "#1"},
				"down": {"uv": [3, 13, 4, 16], "texture": "#1"}
			}
		},
		{
			"from": [7.34776, 0, -0.76537],
			"to": [9.34776, 2, 6.23463],
			"rotation": {"angle": -22.5, "axis": "y", "origin": [7.5, 1, 8.5]},
			"faces": {
				"north": {"uv": [2, 4, 2.75, 5], "texture": "#1"},
				"east": {"uv": [0, 5, 1, 8], "rotation": 270, "texture": "#1"},
				"south": {"uv": [2, 5, 1, 4], "texture": "#1"},
				"west": {"uv": [3, 8, 1.75, 5], "rotation": 270, "texture": "#1"},
				"up": {"uv": [2, 8, 1, 5], "texture": "#1"},
				"down": {"uv": [3.025, 5, 4.025, 8], "texture": "#1"}
			}
		},
		{
			"from": [6.57612, 0, -0.38268],
			"to": [8.57612, 2, 6.61732],
			"rotation": {"angle": 22.5, "axis": "y", "origin": [7.5, 1, 8.5]},
			"faces": {
				"north": {"uv": [6, 12, 7, 13], "texture": "#1"},
				"east": {"uv": [4, 13, 5, 16], "rotation": 270, "texture": "#1"},
				"south": {"uv": [6, 13, 5, 12], "texture": "#1"},
				"west": {"uv": [7, 16, 6, 13], "rotation": 270, "texture": "#1"},
				"up": {"uv": [6, 16, 5, 13], "texture": "#1"},
				"down": {"uv": [7, 13, 8, 16], "texture": "#1"}
			}
		},
		{
			"from": [5.5, 0.34566, 5.73777],
			"to": [10.5, 4.34566, 8.73777],
			"rotation": {"angle": 22.5, "axis": "x", "origin": [7.5, 1, 8.5]},
			"faces": {
				"north": {"uv": [5, 6.5, 7, 8], "texture": "#1"},
				"east": {"uv": [4, 6.5, 5, 8], "texture": "#1"},
				"south": {"uv": [8, 6.5, 10, 8], "texture": "#1"},
				"west": {"uv": [7, 6.75, 8, 8], "texture": "#1"},
				"down": {"uv": [9, 4, 7, 5], "texture": "#1"}
			}
		},
		{
			"from": [5.4, 0.24566, 5.63777],
			"to": [10.6, 4.44566, 8.83777],
			"rotation": {"angle": 22.5, "axis": "x", "origin": [7.5, 1, 8.5]},
			"faces": {
				"north": {"uv": [5, 10.25, 7, 11.75], "texture": "#1"},
				"east": {"uv": [4, 10.25, 5, 11.75], "texture": "#1"},
				"south": {"uv": [8, 10.25, 10, 11.75], "texture": "#1"},
				"west": {"uv": [7, 10.25, 8, 11.75], "texture": "#1"},
				"down": {"uv": [7, 8, 5, 8.75], "texture": "#1"}
			}
		},
		{
			"from": [5.5, 4, 7],
			"to": [10.5, 8, 10],
			"rotation": {"angle": 0, "axis": "y", "origin": [7.5, 1, 8.5]},
			"faces": {
				"north": {"uv": [5, 5, 7, 6.5], "texture": "#1"},
				"east": {"uv": [4, 5, 5, 6.5], "texture": "#1"},
				"south": {"uv": [8, 5, 10, 6.5], "texture": "#1"},
				"west": {"uv": [7, 5, 8, 6.5], "texture": "#1"},
				"up": {"uv": [7, 5, 5, 4], "texture": "#1"}
			}
		},
		{
			"from": [5.4, 3.9, 6.9],
			"to": [10.6, 8.1, 10.1],
			"rotation": {"angle": 0, "axis": "y", "origin": [7.5, 1, 8.5]},
			"faces": {
				"north": {"uv": [5, 8.75, 7, 10.25], "texture": "#1"},
				"east": {"uv": [4, 8.75, 5, 10.25], "texture": "#1"},
				"south": {"uv": [8, 8.75, 10, 10.25], "texture": "#1"},
				"west": {"uv": [7, 8.75, 8, 10.25], "texture": "#1"},
				"up": {"uv": [7, 8.75, 5, 8], "texture": "#1"}
			}
		},
		{
			"from": [12.46774, -0.70477, 7.4],
			"to": [14.66774, 6.49523, 9.6],
			"rotation": {"angle": 22.5, "axis": "z", "origin": [7.5, 1, 8.5]},
			"faces": {
				"north": {"uv": [11, 9, 12, 12], "texture": "#1"},
				"east": {"uv": [10, 9, 11, 12], "texture": "#1"},
				"south": {"uv": [13, 9, 14, 12], "texture": "#1"},
				"west": {"uv": [12, 9, 13, 12], "texture": "#1"},
				"up": {"uv": [12, 9, 11, 8], "texture": "#1"},
				"down": {"uv": [13, 8, 12, 9], "texture": "#1"}
			}
		},
		{
			"from": [1.25614, -0.32209, 7.4],
			"to": [3.45614, 6.87791, 9.6],
			"rotation": {"angle": -22.5, "axis": "z", "origin": [7.5, 1, 8.5]},
			"faces": {
				"north": {"uv": [13, 13, 14, 16], "texture": "#1"},
				"east": {"uv": [12, 13, 13, 16], "texture": "#1"},
				"south": {"uv": [15, 13, 16, 16], "texture": "#1"},
				"west": {"uv": [14, 13, 15, 16], "texture": "#1"},
				"up": {"uv": [14, 13, 13, 12], "texture": "#1"},
				"down": {"uv": [15, 12, 14, 13], "texture": "#1"}
			}
		},
		{
			"from": [12.56774, -0.60477, 7.5],
			"to": [14.56774, 6.39523, 9.5],
			"rotation": {"angle": 22.5, "axis": "z", "origin": [7.5, 1, 8.5]},
			"faces": {
				"north": {"uv": [11, 5, 12, 8], "texture": "#1"},
				"east": {"uv": [10, 5, 11, 8], "texture": "#1"},
				"south": {"uv": [13, 5, 14, 8], "texture": "#1"},
				"west": {"uv": [12, 5, 13, 8], "texture": "#1"},
				"up": {"uv": [12, 5, 11, 4], "texture": "#1"},
				"down": {"uv": [13, 4, 12, 5], "texture": "#1"}
			}
		},
		{
			"from": [1.35614, -0.22209, 7.5],
			"to": [3.35614, 6.77791, 9.5],
			"rotation": {"angle": -22.5, "axis": "z", "origin": [7.5, 1, 8.5]},
			"faces": {
				"north": {"uv": [9, 13, 10, 16], "texture": "#1"},
				"east": {"uv": [8, 13, 9, 16], "texture": "#1"},
				"south": {"uv": [11, 13, 12, 16], "texture": "#1"},
				"west": {"uv": [10, 13, 11, 16], "texture": "#1"},
				"up": {"uv": [10, 13, 9, 12], "texture": "#1"},
				"down": {"uv": [11, 12, 10, 13], "texture": "#1"}
			}
		},
		{
			"from": [4.7, 7.7, 5.2],
			"to": [11.3, 14.3, 11.8],
			"rotation": {"angle": 0, "axis": "y", "origin": [7.5, 1, 8.5]},
			"faces": {
				"north": {"uv": [10, 2, 12, 4], "texture": "#1"},
				"east": {"uv": [8, 2, 10, 4], "texture": "#1"},
				"south": {"uv": [14, 2, 16, 4], "texture": "#1"},
				"west": {"uv": [12, 2, 14, 4], "texture": "#1"},
				"up": {"uv": [12, 2, 10, 0], "texture": "#1"},
				"down": {"uv": [14, 0, 12, 2], "texture": "#1"}
			}
		},
		{
			"from": [5, 8, 5.5],
			"to": [11, 14, 11.5],
			"rotation": {"angle": 0, "axis": "y", "origin": [7.5, 1, 8.5]},
			"faces": {
				"north": {"uv": [2, 2, 4, 4], "texture": "#1"},
				"east": {"uv": [0, 2, 2, 4], "texture": "#1"},
				"south": {"uv": [6, 2, 8, 4], "texture": "#1"},
				"west": {"uv": [4, 2, 6, 4], "texture": "#1"},
				"up": {"uv": [4, 2, 2, 0], "texture": "#1"},
				"down": {"uv": [6, 0, 4, 2], "texture": "#1"}
			}
		}
	],
	"display": {
		"thirdperson_righthand": {
			"rotation": [46, -4, 0],
			"translation": [0.25, 1.5, 1.5],
			"scale": [0.42, 0.42, 0.41]
		},
		"thirdperson_lefthand": {
			"rotation": [75, -135, 0],
			"translation": [0, 2.5, 0],
			"scale": [0.375, 0.375, 0.375]
		},
		"firstperson_righthand": {
			"rotation": [-16, 124, 0],
			"translation": [0, 5, 3.5],
			"scale": [0.4, 0.4, 0.4]
		},
		"firstperson_lefthand": {
			"rotation": [-5, 116, 0],
			"translation": [0, 4, 2.75],
			"scale": [0.4, 0.4, 0.4]
		},
		"ground": {
			"translation": [0, 3, 0],
			"scale": [0.72, 0.72, 0.72]
		},
		"gui": {
			"rotation": [34, 139, 0],
			"translation": [0, 1, 0],
			"scale": [0.625, 0.625, 0.625]
		},
		"head": {
			"translation": [0, 14.5, 0]
		},
		"fixed": {
			"translation": [0, 0, -1],
			"scale": [0.5, 0.5, 0.5]
		}
	},
	"groups": [
		{
			"name": "1",
			"origin": [8, 8, 8],
			"color": 0,
			"nbt": "{}",
			"armAnimationEnabled": false,
			"children": [0, 1, 2, 3, 4, 5, 6, 7, 8, 9, 10, 11, 12, 13]
		}
	]
}