{"credit":"P13D_original, Bobicraft","texture_size":[64,64],"textures":{"0":"molde","particle":"molde"},"elements":[{"from":[7.19776,-0.15,-0.91537],"to":[9.49776,2.15,6.38463],"rotation":{"angle":-22.5,"axis":"y","origin":[7.5,1,8.5]},"faces":{"north":{"uv":[4,4,2,2],"texture":"#0"},"east":{"uv":[4,4,2,2],"texture":"#0"},"south":{"uv":[4,4,2,2],"texture":"#0"},"west":{"uv":[4,4,2,2],"texture":"#0"},"up":{"uv":[4,4,2,2],"texture":"#0"},"down":{"uv":[4,4,2,2],"texture":"#0"}}},{"from":[6.42612,-0.15,-0.53268],"to":[8.72612,2.15,6.76732],"rotation":{"angle":22.5,"axis":"y","origin":[7.5,1,8.5]},"faces":{"north":{"uv":[4,4,2,2],"texture":"#0"},"east":{"uv":[4,4,2,2],"texture":"#0"},"south":{"uv":[4,4,2,2],"texture":"#0"},"west":{"uv":[4,4,2,2],"texture":"#0"},"up":{"uv":[4,4,2,2],"texture":"#0"},"down":{"uv":[4,4,2,2],"texture":"#0"}}},{"from":[7.34776,0,-0.76537],"to":[9.34776,2,6.23463],"rotation":{"angle":-22.5,"axis":"y","origin":[7.5,1,8.5]},"faces":{"north":{"uv":[4,4,2,2],"texture":"#0"},"east":{"uv":[4,4,2,2],"texture":"#0"},"south":{"uv":[4,4,2,2],"texture":"#0"},"west":{"uv":[4,4,2,2],"texture":"#0"},"up":{"uv":[4,4,2,2],"texture":"#0"},"down":{"uv":[4,4,2,2],"texture":"#0"}}},{"from":[6.57612,0,-0.38268],"to":[8.57612,2,6.61732],"rotation":{"angle":22.5,"axis":"y","origin":[7.5,1,8.5]},"faces":{"north":{"uv":[4,4,2,2],"texture":"#0"},"east":{"uv":[4,4,2,2],"texture":"#0"},"south":{"uv":[4,4,2,2],"texture":"#0"},"west":{"uv":[4,4,2,2],"texture":"#0"},"up":{"uv":[4,4,2,2],"texture":"#0"},"down":{"uv":[4,4,2,2],"texture":"#0"}}},{"from":[5.5,0.34566,5.73777],"to":[10.5,4.34566,8.73777],"rotation":{"angle":22.5,"axis":"x","origin":[7.5,1,8.5]},"faces":{"north":{"uv":[2,2,4,4],"texture":"#0"},"east":{"uv":[2,2,4,4],"texture":"#0"},"south":{"uv":[2,2,4,4],"texture":"#0"},"west":{"uv":[2,2,4,4],"texture":"#0"},"up":{"uv":[2,2,4,4],"texture":"#0"},"down":{"uv":[2,2,4,4],"texture":"#0"}}},{"from":[5.4,0.24566,5.63777],"to":[10.6,4.44566,8.83777],"rotation":{"angle":22.5,"axis":"x","origin":[7.5,1,8.5]},"faces":{"north":{"uv":[4,2,2,4],"texture":"#0"},"east":{"uv":[4,2,2,4],"texture":"#0"},"south":{"uv":[4,2,2,4],"texture":"#0"},"west":{"uv":[4,2,2,4],"texture":"#0"},"up":{"uv":[4,2,2,4],"texture":"#0"},"down":{"uv":[4,2,2,4],"texture":"#0"}}},{"from":[5.5,4,7],"to":[10.5,8,10],"rotation":{"angle":0,"axis":"y","origin":[7.5,1,8.5]},"faces":{"north":{"uv":[4,4,2,2],"texture":"#0"},"east":{"uv":[4,4,2,2],"texture":"#0"},"south":{"uv":[4,4,2,2],"texture":"#0"},"west":{"uv":[4,4,2,2],"texture":"#0"},"up":{"uv":[4,4,2,2],"texture":"#0"},"down":{"uv":[4,4,2,2],"texture":"#0"}}},{"from":[5.4,3.9,6.9],"to":[10.6,8.1,10.1],"rotation":{"angle":0,"axis":"y","origin":[7.5,1,8.5]},"faces":{"north":{"uv":[2,2,4,4],"texture":"#0"},"east":{"uv":[2,2,4,4],"texture":"#0"},"south":{"uv":[2,2,4,4],"texture":"#0"},"west":{"uv":[2,2,4,4],"texture":"#0"},"up":{"uv":[2,2,4,4],"texture":"#0"},"down":{"uv":[2,2,4,4],"texture":"#0"}}},{"from":[12.46774,-0.70477,7.4],"to":[14.66774,6.49523,9.6],"rotation":{"angle":22.5,"axis":"z","origin":[7.5,1,8.5]},"faces":{"north":{"uv":[2,2,4,4],"texture":"#0"},"east":{"uv":[2,2,4,4],"texture":"#0"},"south":{"uv":[2,2,4,4],"texture":"#0"},"west":{"uv":[2,2,4,4],"texture":"#0"},"up":{"uv":[2,2,4,4],"texture":"#0"},"down":{"uv":[2,2,4,4],"texture":"#0"}}},{"from":[1.25614,-0.32209,7.4],"to":[3.45614,6.87791,9.6],"rotation":{"angle":-22.5,"axis":"z","origin":[7.5,1,8.5]},"faces":{"north":{"uv":[4,4,2,2],"texture":"#0"},"east":{"uv":[4,4,2,2],"texture":"#0"},"south":{"uv":[4,4,2,2],"texture":"#0"},"west":{"uv":[4,4,2,2],"texture":"#0"},"up":{"uv":[4,4,2,2],"texture":"#0"},"down":{"uv":[4,4,2,2],"texture":"#0"}}},{"from":[12.56774,-0.60477,7.5],"to":[14.56774,6.39523,9.5],"rotation":{"angle":22.5,"axis":"z","origin":[7.5,1,8.5]},"faces":{"north":{"uv":[4,4,2,2],"texture":"#0"},"east":{"uv":[4,4,2,2],"texture":"#0"},"south":{"uv":[4,4,2,2],"texture":"#0"},"west":{"uv":[4,4,2,2],"texture":"#0"},"up":{"uv":[4,4,2,2],"texture":"#0"},"down":{"uv":[4,4,2,2],"texture":"#0"}}},{"from":[1.35614,-0.22209,7.5],"to":[3.35614,6.77791,9.5],"rotation":{"angle":-22.5,"axis":"z","origin":[7.5,1,8.5]},"faces":{"north":{"uv":[2,2,4,4],"texture":"#0"},"east":{"uv":[2,2,4,4],"texture":"#0"},"south":{"uv":[2,2,4,4],"texture":"#0"},"west":{"uv":[2,2,4,4],"texture":"#0"},"up":{"uv":[2,2,4,4],"texture":"#0"},"down":{"uv":[2,2,4,4],"texture":"#0"}}},{"from":[4.7,7.7,5.2],"to":[11.3,14.3,11.8],"rotation":{"angle":0,"axis":"y","origin":[7.5,1,8.5]},"faces":{"north":{"uv":[2,2,4,4],"texture":"#0"},"east":{"uv":[2,2,4,4],"texture":"#0"},"south":{"uv":[2,2,4,4],"texture":"#0"},"west":{"uv":[2,2,4,4],"texture":"#0"},"up":{"uv":[2,2,4,4],"texture":"#0"},"down":{"uv":[2,2,4,4],"texture":"#0"}}},{"from":[5,8,5.5],"to":[11,14,11.5],"rotation":{"angle":0,"axis":"y","origin":[7.5,1,8.5]},"faces":{"north":{"uv":[2,2,4,4],"texture":"#0"},"east":{"uv":[2,2,4,4],"texture":"#0"},"south":{"uv":[2,2,4,4],"texture":"#0"},"west":{"uv":[2,2,4,4],"texture":"#0"},"up":{"uv":[2,2,4,4],"texture":"#0"},"down":{"uv":[2,2,4,4],"texture":"#0"}}}],"display":{"thirdperson_righthand":{"rotation":[46,-4,0],"translation":[0.25,1.5,1.5],"scale":[0.42,0.42,0.41]},"thirdperson_lefthand":{"rotation":[75,-135,0],"translation":[0,2.5,0],"scale":[0.375,0.375,0.375]},"firstperson_righthand":{"rotation":[-16,124,0],"translation":[0,5,3.5],"scale":[0.4,0.4,0.4]},"firstperson_lefthand":{"rotation":[-5,116,0],"translation":[0,4,2.75],"scale":[0.4,0.4,0.4]},"ground":{"translation":[0,3,0],"scale":[0.72,0.72,0.72]},"gui":{"rotation":[34,139,0],"translation":[0,1,0],"scale":[0.625,0.625,0.625]},"head":{"translation":[0,14.5,0]},"fixed":{"translation":[0,0,-1],"scale":[0.5,0.5,0.5]}},"groups":[{"name":"1","origin":[8,8,8],"color":0,"nbt":"{}","armAnimationEnabled":false,"children":[0,1,2,3,4,5,6,7,8,9,10,11,12,13]}]}