{"credit":"P13D_orginal","texture_size":[128,128],"textures":{"0":"sniffer","particle":"sniffer"},"elements":[{"from":[3.5,2,5],"to":[11.5,7,16],"rotation":{"angle":0,"axis":"y","origin":[0,-2,2]},"faces":{"north":{"uv":[2.25,5.75,3.625,6.625],"texture":"#0"},"east":{"uv":[0,5.75,2.25,6.625],"texture":"#0"},"south":{"uv":[3.625,5.75,5,6.625],"texture":"#0"},"west":{"uv":[5,5.75,7.25,6.625],"texture":"#0"},"up":{"uv":[3.625,5.75,2.25,3.5],"texture":"#0"},"down":{"uv":[5,3.5,3.625,5.75],"texture":"#0"}}},{"from":[4,0,5.8],"to":[6.5,2,8.3],"rotation":{"angle":0,"axis":"y","origin":[0,-2,2]},"faces":{"north":{"uv":[5,7.125,5.5,7.75],"texture":"#0"},"east":{"uv":[4.5,7.125,5,7.75],"texture":"#0"},"south":{"uv":[6,7.125,6.5,7.75],"texture":"#0"},"west":{"uv":[5.5,7.125,6,7.75],"texture":"#0"},"up":{"uv":[5.5,7.125,5,6.625],"texture":"#0"},"down":{"uv":[6,6.625,5.5,7.125],"texture":"#0"}}},{"from":[8,0,5.8],"to":[10.5,2,8.3],"rotation":{"angle":0,"axis":"y","origin":[0,-2,2]},"faces":{"north":{"uv":[3,7.125,3.5,7.75],"texture":"#0"},"east":{"uv":[2.5,7.125,3,7.75],"texture":"#0"},"south":{"uv":[4,7.125,4.5,7.75],"texture":"#0"},"west":{"uv":[3.5,7.125,4,7.75],"texture":"#0"},"up":{"uv":[3.5,7.125,3,6.625],"texture":"#0"},"down":{"uv":[4,6.625,3.5,7.125],"texture":"#0"}}},{"from":[4,0,9.5],"to":[6.5,2,12],"rotation":{"angle":0,"axis":"y","origin":[0,-2,2]},"faces":{"north":{"uv":[0.5,5.125,1,5.75],"texture":"#0"},"east":{"uv":[0,5.125,0.5,5.75],"texture":"#0"},"south":{"uv":[1.5,5.125,2,5.75],"texture":"#0"},"west":{"uv":[1,5.125,1.5,5.75],"texture":"#0"},"up":{"uv":[1,5.125,0.5,4.625],"texture":"#0"},"down":{"uv":[1.5,4.625,1,5.125],"texture":"#0"}}},{"from":[8,0,9.5],"to":[10.5,2,12],"rotation":{"angle":0,"axis":"y","origin":[0,-2,2]},"faces":{"north":{"uv":[0.5,4,1,4.625],"texture":"#0"},"east":{"uv":[0,4,0.5,4.625],"texture":"#0"},"south":{"uv":[1.5,4,2,4.625],"texture":"#0"},"west":{"uv":[1,4,1.5,4.625],"texture":"#0"},"up":{"uv":[1,4,0.5,3.5],"texture":"#0"},"down":{"uv":[1.5,3.5,1,4],"texture":"#0"}}},{"from":[4,0,13],"to":[6.5,2,15.5],"rotation":{"angle":0,"axis":"y","origin":[0,-2,2]},"faces":{"north":{"uv":[0.5,1.625,1,2.25],"texture":"#0"},"east":{"uv":[0,1.625,0.5,2.25],"texture":"#0"},"south":{"uv":[1.5,1.625,2,2.25],"texture":"#0"},"west":{"uv":[1,1.625,1.5,2.25],"texture":"#0"},"up":{"uv":[1,1.625,0.5,1.125],"texture":"#0"},"down":{"uv":[1.5,1.125,1,1.625],"texture":"#0"}}},{"from":[8,0,13],"to":[10.5,2,15.5],"rotation":{"angle":0,"axis":"y","origin":[0,-2,2]},"faces":{"north":{"uv":[0.5,0.5,1,1.125],"texture":"#0"},"east":{"uv":[0,0.5,0.5,1.125],"texture":"#0"},"south":{"uv":[1.5,0.5,2,1.125],"texture":"#0"},"west":{"uv":[1,0.5,1.5,1.125],"texture":"#0"},"up":{"uv":[1,0.5,0.5,0],"texture":"#0"},"down":{"uv":[1.5,0,1,0.5],"texture":"#0"}}},{"from":[3.3,3.9,4.7],"to":[11.8,10.3,16.4],"rotation":{"angle":0,"axis":"y","origin":[0,-2,2]},"faces":{"north":{"uv":[2.25,2.25,3.625,3.5],"texture":"#0"},"east":{"uv":[0,2.25,2.25,3.5],"texture":"#0"},"south":{"uv":[3.625,2.25,5.875,3.5],"texture":"#0"},"west":{"uv":[5.875,2.25,7.25,3.5],"texture":"#0"},"up":{"uv":[3.625,2.25,2.25,0],"texture":"#0"},"down":{"uv":[5,0,3.625,2.25],"texture":"#0"}}},{"from":[5.5,4,1],"to":[9.5,8,3],"rotation":{"angle":0,"axis":"y","origin":[0,-2,2]},"faces":{"north":{"uv":[0.375,7,1.25,7.75],"texture":"#0"},"east":{"uv":[0,7,0.375,7.75],"texture":"#0"},"south":{"uv":[1.625,7,2.5,7.75],"texture":"#0"},"west":{"uv":[1.25,7,1.625,7.75],"texture":"#0"},"up":{"uv":[1.25,7,0.375,6.625],"texture":"#0"},"down":{"uv":[2.125,6.625,1.25,7],"texture":"#0"}}},{"from":[5,3,3],"to":[10,8,6],"rotation":{"angle":0,"axis":"y","origin":[0,-2,2]},"faces":{"north":{"uv":[5.375,3.875,6,4.5],"texture":"#0"},"east":{"uv":[5,3.875,5.375,4.5],"texture":"#0"},"south":{"uv":[6.375,3.875,7,4.5],"texture":"#0"},"west":{"uv":[6,3.875,6.375,4.5],"texture":"#0"},"up":{"uv":[6,3.875,5.375,3.5],"texture":"#0"},"down":{"uv":[6.625,3.5,6,3.875],"texture":"#0"}}},{"from":[5.8,4,-1],"to":[9.2,7.4,1],"rotation":{"angle":0,"axis":"y","origin":[0,-2,2]},"faces":{"north":{"uv":[5.5,1.625,6.25,2.25],"texture":"#0"},"east":{"uv":[5,1.625,5.5,2.25],"texture":"#0"},"south":{"uv":[6.875,1.625,7.5,2.25],"texture":"#0"},"west":{"uv":[6.25,1.625,6.875,2.25],"texture":"#0"},"up":{"uv":[6.25,1.625,5.5,1.125],"texture":"#0"},"down":{"uv":[7,1.125,6.25,1.625],"texture":"#0"}}},{"from":[5.76537,3.45224,2.8],"to":[6.76537,7.45224,4.8],"rotation":{"angle":-22.5,"axis":"z","origin":[5,11,0]},"faces":{"north":{"uv":[6.875,7,7,7.75],"texture":"#0"},"east":{"uv":[6.5,7,6.875,7.75],"texture":"#0"},"south":{"uv":[7.375,7,7.5,7.75],"texture":"#0"},"west":{"uv":[7,7,7.375,7.75],"texture":"#0"},"up":{"uv":[7,7,6.875,6.625],"texture":"#0"},"down":{"uv":[7.125,6.625,7,7],"texture":"#0"}}},{"from":[8.23463,3.45224,2.7],"to":[9.23463,7.45224,4.7],"rotation":{"angle":22.5,"axis":"z","origin":[10,11,0]},"faces":{"north":{"uv":[6.875,7,7,7.75],"texture":"#0"},"east":{"uv":[6.5,7,6.875,7.75],"texture":"#0"},"south":{"uv":[7.375,7,7.5,7.75],"texture":"#0"},"west":{"uv":[7,7,7.375,7.75],"texture":"#0"},"up":{"uv":[7,7,6.875,6.625],"texture":"#0"},"down":{"uv":[7.125,6.625,7,7],"texture":"#0"}}},{"from":[5.5,3,-1],"to":[9.5,4,3],"rotation":{"angle":0,"axis":"y","origin":[0,-2,2]},"faces":{"north":{"uv":[5.875,0.875,6.75,1.125],"texture":"#0"},"east":{"uv":[5,0.875,5.875,1.125],"texture":"#0"},"south":{"uv":[7.625,0.875,8.5,1.125],"texture":"#0"},"west":{"uv":[6.75,0.875,7.625,1.125],"texture":"#0"},"up":{"uv":[6.75,0.875,5.875,0],"texture":"#0"},"down":{"uv":[7.625,0,6.75,0.875],"texture":"#0"}}}],"groups":[{"name":"sniffer","origin":[0,0,0],"color":0,"nbt":"{}","armAnimationEnabled":false,"children":[0,{"name":"leg0","origin":[-3,4.5,-4],"color":1,"nbt":"{}","armAnimationEnabled":false,"children":[1]},{"name":"leg1","origin":[3,4.5,-4],"color":2,"nbt":"{}","armAnimationEnabled":false,"children":[2]},{"name":"leg2","origin":[-3,4.5,2],"color":3,"nbt":"{}","armAnimationEnabled":false,"children":[3]},{"name":"leg3","origin":[3,4.5,2],"color":4,"nbt":"{}","armAnimationEnabled":false,"children":[4]},{"name":"leg4","origin":[-3,4.5,8],"color":5,"nbt":"{}","armAnimationEnabled":false,"children":[5]},{"name":"leg5","origin":[3,4.5,8],"color":6,"nbt":"{}","armAnimationEnabled":false,"children":[6]},{"name":"grass_shell","origin":[0,11,2],"color":7,"nbt":"{}","armAnimationEnabled":false,"children":[7]},{"name":"head","origin":[0,8.5,-7.66667],"color":8,"nbt":"{}","armAnimationEnabled":false,"children":[8,9,10,{"name":"leftEar","origin":[-4.5,10,-8.5],"rotation":[0,-5,-12.5],"color":9,"nbt":"{}","armAnimationEnabled":false,"children":[11]},{"name":"rightEar","origin":[4.5,10,-8.5],"rotation":[0,5,12.5],"color":0,"nbt":"{}","armAnimationEnabled":false,"children":[12]},{"name":"jaw","origin":[0,7,-9.5],"color":1,"nbt":"{}","armAnimationEnabled":false,"children":[13]}]}]}]}