{
	"credit": "Made with Blockbench",
	"texture_size": [32, 32],
	"textures": {
		"0": "Vanilla_Resource_Pack_1.19.30:entity/trident",
		"1": "Vanilla_Resource_Pack_1.19.30:blocks/bedrock",
		"particle": "Vanilla_Resource_Pack_1.19.30:entity/trident"
	},
	"elements": [
		{
			"name": "pole",
			"from": [7.49, 3.09051, 7.98],
			"to": [8.51, 32, 9],
			"rotation": {"angle": 0, "axis": "x", "origin": [-6, 14, 0]},
			"faces": {
				"north": {"uv": [1.5, 0.5, 2, 16], "rotation": 180, "texture": "#0"},
				"east": {"uv": [0, 0.5, 0.5, 16], "rotation": 180, "texture": "#0"},
				"south": {"uv": [0.5, 0.5, 1, 16], "rotation": 180, "texture": "#0"},
				"west": {"uv": [1, 0.5, 1.5, 16], "rotation": 180, "texture": "#0"},
				"up": {"uv": [1.5, 0, 1, 0.5], "texture": "#0"},
				"down": {"uv": [1, 0.5, 0.5, 0], "texture": "#0"}
			}
		},
		{
			"name": "pole",
			"from": [6.5, 7.10051, 8],
			"to": [9.5, 9.10051, 9],
			"rotation": {"angle": 0, "axis": "x", "origin": [-6, 14, 0]},
			"faces": {
				"north": {"uv": [4.5, 0.5, 6, 1.5], "rotation": 180, "texture": "#0"},
				"east": {"uv": [2, 0.5, 2.5, 1.5], "rotation": 180, "texture": "#0"},
				"south": {"uv": [2.5, 0.5, 4, 1.5], "rotation": 180, "texture": "#0"},
				"west": {"uv": [4, 0.5, 4.5, 1.5], "rotation": 180, "texture": "#0"},
				"up": {"uv": [5.5, 0, 4, 0.5], "texture": "#0"},
				"down": {"uv": [4, 0.5, 2.5, 0], "texture": "#0"}
			}
		},
		{
			"name": "pole",
			"from": [9.5, 4.10051, 8],
			"to": [10.5, 8.10051, 9],
			"rotation": {"angle": 0, "axis": "x", "origin": [-6, 14, 0]},
			"faces": {
				"north": {"uv": [3.5, 2, 4, 4], "rotation": 180, "texture": "#0"},
				"east": {"uv": [2, 2, 2.5, 4], "rotation": 180, "texture": "#0"},
				"south": {"uv": [2.5, 2, 3, 4], "rotation": 180, "texture": "#0"},
				"west": {"uv": [3, 2, 3.5, 4], "rotation": 180, "texture": "#0"},
				"up": {"uv": [3.5, 1.5, 3, 2], "texture": "#0"},
				"down": {"uv": [3, 2, 2.5, 1.5], "texture": "#0"}
			}
		},
		{
			"name": "pole",
			"from": [5.5, 4.10051, 8],
			"to": [6.5, 8.10051, 9],
			"rotation": {"angle": 0, "axis": "x", "origin": [-6, 14, 0]},
			"faces": {
				"north": {"uv": [3.5, 2, 4, 4], "rotation": 180, "texture": "#0"},
				"east": {"uv": [2, 2, 2.5, 4], "rotation": 180, "texture": "#0"},
				"south": {"uv": [2.5, 2, 3, 4], "rotation": 180, "texture": "#0"},
				"west": {"uv": [3, 2, 3.5, 4], "rotation": 180, "texture": "#0"},
				"up": {"uv": [3.5, 1.5, 3, 2], "texture": "#0"},
				"down": {"uv": [3, 2, 2.5, 1.5], "texture": "#0"}
			}
		},
		{
			"from": [2, 0, 2],
			"to": [14, 2, 14],
			"faces": {
				"north": {"uv": [0, 0, 16, 3], "texture": "#1"},
				"east": {"uv": [0, 0, 16, 3], "texture": "#1"},
				"south": {"uv": [0, 0, 16, 3], "texture": "#1"},
				"west": {"uv": [0, 0, 16, 3], "texture": "#1"},
				"up": {"uv": [0, 0, 16, 16], "texture": "#1"},
				"down": {"uv": [0, 0, 16, 16], "texture": "#1"}
			}
		},
		{
			"from": [3, 2, 3],
			"to": [13, 4, 13],
			"faces": {
				"north": {"uv": [0, 0, 16, 3], "texture": "#1"},
				"east": {"uv": [0, 0, 16, 3], "texture": "#1"},
				"south": {"uv": [0, 0, 16, 3], "texture": "#1"},
				"west": {"uv": [0, 0, 16, 3], "texture": "#1"},
				"up": {"uv": [0, 0, 16, 16], "texture": "#1"},
				"down": {"uv": [0, 0, 16, 16], "texture": "#1"}
			}
		}
	],
	"groups": [
		{
			"name": "pole",
			"origin": [0, 24, 0],
			"color": 0,
			"children": [0, 1, 2, 3]
		},
		{
			"name": "base",
			"origin": [8, 8, 8],
			"color": 0,
			"children": [4, 5]
		}
	]
}