{"credit":"P13D_orginal","texture_size":[64,64],"textures":{"0":"tuff_golem","particle":"tuff_golem"},"elements":[{"from":[4,4,8],"to":[12,9,14],"faces":{"north":{"uv":[7,7.25,9,8.5],"texture":"#0"},"east":{"uv":[5.5,7.25,7,8.5],"texture":"#0"},"south":{"uv":[10.5,7.25,12.5,8.5],"texture":"#0"},"west":{"uv":[9,7.25,10.5,8.5],"texture":"#0"},"up":{"uv":[9,7.25,7,5.75],"texture":"#0"},"down":{"uv":[11,5.75,9,7.25],"texture":"#0"}}},{"from":[4,10,1],"to":[12,10,7],"faces":{"north":{"uv":[6,1.5,8,1.5],"texture":"#0"},"east":{"uv":[4.5,1.5,6,1.5],"texture":"#0"},"south":{"uv":[9.5,1.5,11.5,1.5],"texture":"#0"},"west":{"uv":[8,1.5,9.5,1.5],"texture":"#0"},"up":{"uv":[8,1.5,6,0],"texture":"#0"},"down":{"uv":[8,0,6,1.5],"texture":"#0"}}},{"from":[4,6,1],"to":[12,10,1],"faces":{"north":{"uv":[5.5,4.5,7.5,5.5],"texture":"#0"},"east":{"uv":[5.5,4.5,5.5,5.5],"texture":"#0"},"south":{"uv":[7.5,4.5,9.5,5.5],"texture":"#0"},"west":{"uv":[7.5,4.5,7.5,5.5],"texture":"#0"},"up":{"uv":[7.5,4.5,5.5,4.5],"texture":"#0"},"down":{"uv":[9.5,4.5,7.5,4.5],"texture":"#0"}}},{"from":[3.8,3.8,7.8],"to":[12.2,9.2,14.2],"faces":{"north":{"uv":[1.5,6,3.5,7.25],"texture":"#0"},"east":{"uv":[0,6,1.5,7.25],"texture":"#0"},"south":{"uv":[5,6,7,7.25],"texture":"#0"},"west":{"uv":[3.5,6,5,7.25],"texture":"#0"},"up":{"uv":[3.5,6,1.5,4.5],"texture":"#0"},"down":{"uv":[5.5,4.5,3.5,6],"texture":"#0"}}},{"from":[7,9,5],"to":[9,13,7],"faces":{"north":{"uv":[0.5,0.5,1,1.5],"texture":"#0"},"east":{"uv":[0,0.5,0.5,1.5],"texture":"#0"},"south":{"uv":[1.5,0.5,2,1.5],"texture":"#0"},"west":{"uv":[1,0.5,1.5,1.5],"texture":"#0"},"up":{"uv":[1,0.5,0.5,0],"texture":"#0"},"down":{"uv":[1.5,0,1,0.5],"texture":"#0"}}},{"from":[4,9,7],"to":[12,19,15],"faces":{"north":{"uv":[2,2,4,4.5],"texture":"#0"},"east":{"uv":[0,2,2,4.5],"texture":"#0"},"south":{"uv":[6,2,8,4.5],"texture":"#0"},"west":{"uv":[4,2,6,4.5],"texture":"#0"},"up":{"uv":[4,2,2,0],"texture":"#0"},"down":{"uv":[6,0,4,2],"texture":"#0"}}},{"from":[9,13,6.9],"to":[11,15,6.9],"faces":{"north":{"uv":[1,1.5,1.5,2],"texture":"#0"},"east":{"uv":[1,1.5,1,2],"texture":"#0"},"south":{"uv":[1.5,1.5,2,2],"texture":"#0"},"west":{"uv":[1.5,1.5,1.5,2],"texture":"#0"},"up":{"uv":[1.5,1.5,1,1.5],"texture":"#0"},"down":{"uv":[2,1.5,1.5,1.5],"texture":"#0"}}},{"from":[5,13,6.9],"to":[7,15,6.9],"faces":{"north":{"uv":[0,1.5,0.5,2],"texture":"#0"},"east":{"uv":[0,1.5,0,2],"texture":"#0"},"south":{"uv":[0.5,1.5,1,2],"texture":"#0"},"west":{"uv":[0.5,1.5,0.5,2],"texture":"#0"},"up":{"uv":[0.5,1.5,0,1.5],"texture":"#0"},"down":{"uv":[1,1.5,0.5,1.5],"texture":"#0"}}},{"from":[4,0,9],"to":[8,4,13],"faces":{"north":{"uv":[9,9.5,10,10.5],"texture":"#0"},"east":{"uv":[8,9.5,9,10.5],"texture":"#0"},"south":{"uv":[11,9.5,12,10.5],"texture":"#0"},"west":{"uv":[10,9.5,11,10.5],"texture":"#0"},"up":{"uv":[10,9.5,9,8.5],"texture":"#0"},"down":{"uv":[11,8.5,10,9.5],"texture":"#0"}}},{"from":[8,0,9],"to":[12,4,13],"faces":{"north":{"uv":[5,9.5,6,10.5],"texture":"#0"},"east":{"uv":[4,9.5,5,10.5],"texture":"#0"},"south":{"uv":[7,9.5,8,10.5],"texture":"#0"},"west":{"uv":[6,9.5,7,10.5],"texture":"#0"},"up":{"uv":[6,9.5,5,8.5],"texture":"#0"},"down":{"uv":[7,8.5,6,9.5],"texture":"#0"}}},{"from":[0,6,1],"to":[4,10,9],"rotation":{"angle":0,"axis":"x","origin":[0,7,10]},"faces":{"north":{"uv":[11,1.5,10,2.5],"rotation":180,"texture":"#0"},"east":{"uv":[8,2.5,9,4.5],"rotation":270,"texture":"#0"},"south":{"uv":[10,2.5,9,1.5],"texture":"#0"},"west":{"uv":[10,2.5,11,4.5],"rotation":90,"texture":"#0"},"up":{"uv":[9,2.5,10,4.5],"rotation":180,"texture":"#0"},"down":{"uv":[11,2.5,12,4.5],"texture":"#0"}}},{"from":[12,6,1],"to":[16,10,9],"rotation":{"angle":0,"axis":"x","origin":[7,7,10]},"faces":{"north":{"uv":[3,7.25,2,8.25],"rotation":180,"texture":"#0"},"east":{"uv":[0,8.25,1,10.25],"rotation":270,"texture":"#0"},"south":{"uv":[2,8.25,1,7.25],"texture":"#0"},"west":{"uv":[2,8.25,3,10.25],"rotation":90,"texture":"#0"},"up":{"uv":[1,8.25,2,10.25],"rotation":180,"texture":"#0"},"down":{"uv":[3,8.25,4,10.25],"texture":"#0"}}}],"display":{"firstperson_righthand":{"rotation":[0,137,0]},"firstperson_lefthand":{"rotation":[0,129,0]},"gui":{"rotation":[0,180,0]},"head":{"translation":[0,6.25,0]}},"groups":[{"name":"tuff_golem","origin":[0,0,0],"color":0,"nbt":"{}","armAnimationEnabled":false,"children":[0,{"name":"cloak","origin":[0,10,-4],"color":1,"nbt":"{}","armAnimationEnabled":false,"children":[1,{"name":"front1","origin":[0,10,-10],"color":2,"nbt":"{}","armAnimationEnabled":false,"children":[2]}]},{"name":"cloak_back","origin":[0,10.5,0],"color":3,"nbt":"{}","armAnimationEnabled":false,"children":[3]},{"name":"golem_head","origin":[0,9.5,-0.5],"color":4,"nbt":"{}","armAnimationEnabled":false,"children":[4,5,{"name":"eyes","origin":[0,14,-4.1],"color":5,"nbt":"{}","armAnimationEnabled":false,"children":[6,7]}]},{"name":"head","origin":[0,8.5,-7.5],"color":6,"nbt":"{}","armAnimationEnabled":false,"children":[]},{"name":"leftLeg","origin":[-2,4,0],"color":7,"nbt":"{}","armAnimationEnabled":false,"children":[8]},{"name":"rightLeg","origin":[2,4,0],"color":8,"nbt":"{}","armAnimationEnabled":false,"children":[9]},{"name":"leftArm","origin":[-6,8,-2],"rotation":[90,0,0],"color":9,"nbt":"{}","armAnimationEnabled":false,"children":[10]},{"name":"rightArm","origin":[6,8,-2],"rotation":[90,0,0],"color":0,"nbt":"{}","armAnimationEnabled":false,"children":[11]},{"name":"rightItem","origin":[4,13,-4],"rotation":[22,45,0],"color":1,"nbt":"{}","armAnimationEnabled":false,"children":[]}]}]}