{
	"credit": "Made with Blockbench",
	"texture_size": [128, 128],
	"textures": {
		"9": "warden"
	},
	"elements": [
		{
			"name": "body",
			"from": [5, 6, 4.5],
			"to": [11, 13, 7],
			"faces": {
				"north": {"uv": [1.375, 1.375, 3.625, 4], "texture": "#9"},
				"east": {"uv": [0, 1.375, 1.375, 4], "texture": "#9"},
				"south": {"uv": [5, 1.375, 7.25, 4], "texture": "#9"},
				"west": {"uv": [3.625, 1.375, 5, 4], "texture": "#9"},
				"up": {"uv": [3.625, 1.375, 1.375, 0], "texture": "#9"},
				"down": {"uv": [5.875, 0, 3.625, 1.375], "texture": "#9"}
			}
		},
		{
			"name": "right_ribcage",
			"from": [8, 6, 4.4],
			"to": [11, 13, 4.4],
			"faces": {
				"north": {"uv": [11.25, 1.375, 12.375, 4], "texture": "#9"},
				"east": {"uv": [11.25, 1.375, 11.25, 4], "texture": "#9"},
				"south": {"uv": [12.375, 1.375, 13.5, 4], "texture": "#9"},
				"west": {"uv": [12.375, 1.375, 12.375, 4], "texture": "#9"},
				"up": {"uv": [12.375, 1.375, 11.25, 1.375], "texture": "#9"},
				"down": {"uv": [13.5, 1.375, 12.375, 1.375], "texture": "#9"}
			}
		},
		{
			"name": "left_ribcage",
			"from": [5, 6, 4.4],
			"to": [8, 13, 4.4],
			"faces": {
				"north": {"uv": [12.375, 1.375, 11.25, 4], "texture": "#9"},
				"east": {"uv": [12.375, 1.375, 12.375, 4], "texture": "#9"},
				"south": {"uv": [13.5, 1.375, 12.375, 4], "texture": "#9"},
				"west": {"uv": [11.25, 1.375, 11.25, 4], "texture": "#9"},
				"up": {"uv": [11.25, 1.375, 12.375, 1.375], "texture": "#9"},
				"down": {"uv": [12.375, 1.375, 13.5, 1.375], "texture": "#9"}
			}
		},
		{
			"name": "head",
			"from": [5.5, 13, 4.2],
			"to": [10.5, 18, 6.7],
			"rotation": {"angle": 22.5, "axis": "x", "origin": [8, 13, 6]},
			"faces": {
				"north": {"uv": [1.25, 5.25, 3.25, 7.25], "texture": "#9"},
				"east": {"uv": [0, 5.25, 1.25, 7.25], "texture": "#9"},
				"south": {"uv": [4.5, 5.25, 6.5, 7.25], "texture": "#9"},
				"west": {"uv": [3.25, 5.25, 4.5, 7.25], "texture": "#9"},
				"up": {"uv": [3.25, 5.25, 1.25, 4], "texture": "#9"},
				"down": {"uv": [5.25, 4, 3.25, 5.25], "texture": "#9"}
			}
		},
		{
			"name": "right_tendril",
			"from": [10, 15, 5],
			"to": [16, 21, 5],
			"rotation": {"angle": 22.5, "axis": "x", "origin": [8, 13, 6]},
			"faces": {
				"north": {"uv": [6.5, 4, 8.5, 6], "texture": "#9"},
				"east": {"uv": [6.5, 4, 8.5, 6], "texture": "#9"},
				"south": {"uv": [8.5, 4, 6.5, 6], "texture": "#9"},
				"west": {"uv": [6.5, 4, 8.5, 6], "texture": "#9"},
				"up": {"uv": [6.5, 4, 8.5, 6], "texture": "#9"},
				"down": {"uv": [6.5, 4, 8.5, 6], "texture": "#9"}
			}
		},
		{
			"name": "left_tendril",
			"from": [0, 15, 5],
			"to": [6, 21, 5],
			"rotation": {"angle": 22.5, "axis": "x", "origin": [8, 13, 6]},
			"faces": {
				"north": {"uv": [7.25, 0, 9.25, 2], "texture": "#9"},
				"east": {"uv": [7.25, 0, 9.25, 2], "texture": "#9"},
				"south": {"uv": [9.25, 0, 7.25, 2], "texture": "#9"},
				"west": {"uv": [7.25, 0, 9.25, 2], "texture": "#9"},
				"up": {"uv": [7.25, 0, 9.25, 2], "texture": "#9"},
				"down": {"uv": [7.25, 0, 9.25, 2], "texture": "#9"}
			}
		},
		{
			"name": "right_arm",
			"from": [11, 4, 5],
			"to": [13, 13, 7],
			"rotation": {"angle": 22.5, "axis": "x", "origin": [11, 13, 6]},
			"faces": {
				"north": {"uv": [6.5, 7.25, 7.5, 10.75], "texture": "#9"},
				"east": {"uv": [5.5, 7.25, 6.5, 10.75], "texture": "#9"},
				"south": {"uv": [8.5, 7.25, 9.5, 10.75], "texture": "#9"},
				"west": {"uv": [7.5, 7.25, 8.5, 10.75], "texture": "#9"},
				"up": {"uv": [7.5, 7.25, 6.5, 6.25], "texture": "#9"},
				"down": {"uv": [8.5, 6.25, 7.5, 7.25], "texture": "#9"}
			}
		},
		{
			"name": "left_arm",
			"from": [3, 4, 5],
			"to": [5, 13, 7],
			"rotation": {"angle": -22.5, "axis": "x", "origin": [5, 13, 6]},
			"faces": {
				"north": {"uv": [1, 8.25, 2, 11.75], "texture": "#9"},
				"east": {"uv": [0, 8.25, 1, 11.75], "texture": "#9"},
				"south": {"uv": [3, 8.25, 4, 11.75], "texture": "#9"},
				"west": {"uv": [2, 8.25, 3, 11.75], "texture": "#9"},
				"up": {"uv": [2, 8.25, 1, 7.25], "texture": "#9"},
				"down": {"uv": [3, 7.25, 2, 8.25], "texture": "#9"}
			}
		},
		{
			"name": "right_leg",
			"from": [9, 2, 5],
			"to": [11, 6, 7],
			"rotation": {"angle": -22.5, "axis": "x", "origin": [10, 6, 6]},
			"faces": {
				"north": {"uv": [10.25, 6.75, 11, 8.375], "texture": "#9"},
				"east": {"uv": [9.5, 6.75, 10.25, 8.375], "texture": "#9"},
				"south": {"uv": [11.75, 6.75, 12.5, 8.375], "texture": "#9"},
				"west": {"uv": [11, 6.75, 11.75, 8.375], "texture": "#9"},
				"up": {"uv": [11, 6.75, 10.25, 6], "texture": "#9"},
				"down": {"uv": [11.75, 6, 11, 6.75], "texture": "#9"}
			}
		},
		{
			"name": "left_leg",
			"from": [5, 2, 5],
			"to": [7, 6, 7],
			"rotation": {"angle": 22.5, "axis": "x", "origin": [6, 6, 6]},
			"faces": {
				"north": {"uv": [10.25, 10.25, 11, 11.875], "texture": "#9"},
				"east": {"uv": [9.5, 10.25, 10.25, 11.875], "texture": "#9"},
				"south": {"uv": [11.75, 10.25, 12.5, 11.875], "texture": "#9"},
				"west": {"uv": [11, 10.25, 11.75, 11.875], "texture": "#9"},
				"up": {"uv": [11, 10.25, 10.25, 9.5], "texture": "#9"},
				"down": {"uv": [11.75, 9.5, 11, 10.25], "texture": "#9"}
			}
		},
		{
			"from": [4, 4, 13],
			"to": [6, 8, 13],
			"rotation": {"angle": 0, "axis": "y", "origin": [5, 4, 11]},
			"faces": {
				"north": {"uv": [2, 12.375, 3.875, 14], "texture": "#9"},
				"east": {"uv": [10, 12, 12, 13.625], "texture": "#9"},
				"south": {"uv": [2, 12.25, 4, 13.875], "texture": "#9"},
				"west": {"uv": [10, 12, 12, 13.625], "texture": "#9"},
				"up": {"uv": [10, 12, 12, 13.625], "texture": "#9"},
				"down": {"uv": [10, 12, 12, 13.625], "texture": "#9"}
			}
		},
		{
			"from": [5, 4, 12],
			"to": [5, 8, 14],
			"rotation": {"angle": 0, "axis": "y", "origin": [5, 4, 11]},
			"faces": {
				"north": {"uv": [2, 12.25, 4, 13.875], "texture": "#9"},
				"east": {"uv": [2, 12.25, 4, 13.875], "texture": "#9"},
				"south": {"uv": [2, 12.25, 4, 13.875], "texture": "#9"},
				"west": {"uv": [2, 12.25, 4, 13.875], "texture": "#9"},
				"up": {"uv": [2, 12.25, 4, 13.875], "texture": "#9"},
				"down": {"uv": [2, 12.25, 4, 13.875], "texture": "#9"}
			}
		},
		{
			"from": [2, 4, 13],
			"to": [4, 8, 13],
			"rotation": {"angle": 0, "axis": "y", "origin": [5, 4, 11]},
			"faces": {
				"north": {"uv": [2, 12.375, 3.875, 14], "texture": "#9"},
				"east": {"uv": [10, 12, 12, 13.625], "texture": "#9"},
				"south": {"uv": [2, 12.25, 4, 13.875], "texture": "#9"},
				"west": {"uv": [10, 12, 12, 13.625], "texture": "#9"},
				"up": {"uv": [10, 12, 12, 13.625], "texture": "#9"},
				"down": {"uv": [10, 12, 12, 13.625], "texture": "#9"}
			}
		},
		{
			"from": [3, 4, 12],
			"to": [3, 8, 14],
			"rotation": {"angle": 0, "axis": "y", "origin": [5, 4, 11]},
			"faces": {
				"north": {"uv": [2, 12.25, 4, 13.875], "texture": "#9"},
				"east": {"uv": [2, 12.25, 4, 13.875], "texture": "#9"},
				"south": {"uv": [2, 12.25, 4, 13.875], "texture": "#9"},
				"west": {"uv": [2, 12.25, 4, 13.875], "texture": "#9"},
				"up": {"uv": [2, 12.25, 4, 13.875], "texture": "#9"},
				"down": {"uv": [2, 12.25, 4, 13.875], "texture": "#9"}
			}
		},
		{
			"from": [4, 4, 11],
			"to": [6, 8, 11],
			"rotation": {"angle": 0, "axis": "y", "origin": [5, 4, 11]},
			"faces": {
				"north": {"uv": [2, 12.375, 3.875, 14], "texture": "#9"},
				"east": {"uv": [10, 12, 12, 13.625], "texture": "#9"},
				"south": {"uv": [2, 12.25, 4, 13.875], "texture": "#9"},
				"west": {"uv": [10, 12, 12, 13.625], "texture": "#9"},
				"up": {"uv": [10, 12, 12, 13.625], "texture": "#9"},
				"down": {"uv": [10, 12, 12, 13.625], "texture": "#9"}
			}
		},
		{
			"from": [5, 4, 10],
			"to": [5, 8, 12],
			"rotation": {"angle": 0, "axis": "y", "origin": [5, 4, 11]},
			"faces": {
				"north": {"uv": [2, 12.25, 4, 13.875], "texture": "#9"},
				"east": {"uv": [2, 12.25, 4, 13.875], "texture": "#9"},
				"south": {"uv": [2, 12.25, 4, 13.875], "texture": "#9"},
				"west": {"uv": [2, 12.25, 4, 13.875], "texture": "#9"},
				"up": {"uv": [2, 12.25, 4, 13.875], "texture": "#9"},
				"down": {"uv": [2, 12.25, 4, 13.875], "texture": "#9"}
			}
		},
		{
			"from": [2, 4, 11],
			"to": [4, 8, 11],
			"rotation": {"angle": 0, "axis": "y", "origin": [5, 4, 11]},
			"faces": {
				"north": {"uv": [2, 12.375, 3.875, 14], "texture": "#9"},
				"east": {"uv": [10, 12, 12, 13.625], "texture": "#9"},
				"south": {"uv": [2, 12.25, 4, 13.875], "texture": "#9"},
				"west": {"uv": [10, 12, 12, 13.625], "texture": "#9"},
				"up": {"uv": [10, 12, 12, 13.625], "texture": "#9"},
				"down": {"uv": [10, 12, 12, 13.625], "texture": "#9"}
			}
		},
		{
			"from": [3, 4, 10],
			"to": [3, 8, 12],
			"rotation": {"angle": 0, "axis": "y", "origin": [5, 4, 11]},
			"faces": {
				"north": {"uv": [2, 12.25, 4, 13.875], "texture": "#9"},
				"east": {"uv": [2, 12.25, 4, 13.875], "texture": "#9"},
				"south": {"uv": [2, 12.25, 4, 13.875], "texture": "#9"},
				"west": {"uv": [2, 12.25, 4, 13.875], "texture": "#9"},
				"up": {"uv": [2, 12.25, 4, 13.875], "texture": "#9"},
				"down": {"uv": [2, 12.25, 4, 13.875], "texture": "#9"}
			}
		},
		{
			"from": [3, 4, 12],
			"to": [5, 8, 12],
			"rotation": {"angle": 0, "axis": "y", "origin": [5, 4, 11]},
			"faces": {
				"north": {"uv": [2, 12.375, 3.875, 14], "texture": "#9"},
				"east": {"uv": [10, 12, 12, 13.625], "texture": "#9"},
				"south": {"uv": [2, 12.25, 4, 13.875], "texture": "#9"},
				"west": {"uv": [10, 12, 12, 13.625], "texture": "#9"},
				"up": {"uv": [10, 12, 12, 13.625], "texture": "#9"},
				"down": {"uv": [10, 12, 12, 13.625], "texture": "#9"}
			}
		},
		{
			"from": [4, 4, 11],
			"to": [4, 8, 13],
			"rotation": {"angle": 0, "axis": "y", "origin": [5, 4, 11]},
			"faces": {
				"north": {"uv": [2, 12.25, 4, 13.875], "texture": "#9"},
				"east": {"uv": [2, 12.25, 4, 13.875], "texture": "#9"},
				"south": {"uv": [2, 12.25, 4, 13.875], "texture": "#9"},
				"west": {"uv": [2, 12.25, 4, 13.875], "texture": "#9"},
				"up": {"uv": [2, 12.25, 4, 13.875], "texture": "#9"},
				"down": {"uv": [2, 12.25, 4, 13.875], "texture": "#9"}
			}
		},
		{
			"from": [2, 4, 10],
			"to": [6, 4, 14],
			"faces": {
				"north": {"uv": [0, 14, 2, 16], "texture": "#9"},
				"east": {"uv": [0, 14, 2, 16], "texture": "#9"},
				"south": {"uv": [0, 14, 2, 16], "texture": "#9"},
				"west": {"uv": [0, 14, 2, 16], "texture": "#9"},
				"up": {"uv": [0, 14, 2, 16], "texture": "#9"},
				"down": {"uv": [0, 14, 2, 16], "texture": "#9"}
			}
		},
		{
			"from": [2, 2, 10],
			"to": [6, 4, 14],
			"faces": {
				"north": {"uv": [4, 13, 6, 14], "texture": "#9"},
				"east": {"uv": [4, 13, 6, 14], "texture": "#9"},
				"south": {"uv": [4, 13, 6, 14], "texture": "#9"},
				"west": {"uv": [4, 13, 6, 14], "texture": "#9"},
				"up": {"uv": [4, 13, 6, 14], "texture": "#9"},
				"down": {"uv": [4, 13, 6, 14], "texture": "#9"}
			}
		},
		{
			"from": [8, 6, 10],
			"to": [12, 6, 14],
			"faces": {
				"north": {"uv": [6, 14, 8, 16], "texture": "#9"},
				"east": {"uv": [6, 14, 8, 16], "texture": "#9"},
				"south": {"uv": [6, 14, 8, 16], "texture": "#9"},
				"west": {"uv": [6, 14, 8, 16], "texture": "#9"},
				"up": {"uv": [6, 14, 8, 16], "texture": "#9"},
				"down": {"uv": [6, 14, 8, 16], "texture": "#9"}
			}
		},
		{
			"name": "sculk catalyst",
			"from": [8, 2, 10],
			"to": [12, 6, 14],
			"faces": {
				"north": {"uv": [4, 14, 6, 16], "texture": "#9"},
				"east": {"uv": [4, 14, 6, 16], "texture": "#9"},
				"south": {"uv": [4, 14, 6, 16], "texture": "#9"},
				"west": {"uv": [4, 14, 6, 16], "texture": "#9"},
				"up": {"uv": [4, 16, 4, 16], "texture": "#9"},
				"down": {"uv": [4.125, 16, 4.125, 16], "texture": "#9"}
			}
		},
		{
			"from": [0, 2, 0],
			"to": [4, 6, 0],
			"faces": {
				"north": {"uv": [6.125, 12.125, 7.875, 14], "texture": "#9"},
				"east": {"uv": [6.125, 12.125, 7.875, 14], "texture": "#9"},
				"south": {"uv": [6.125, 12.125, 7.875, 14], "texture": "#9"},
				"west": {"uv": [6.125, 12.125, 7.875, 14], "texture": "#9"},
				"up": {"uv": [6.125, 12.125, 7.875, 14], "texture": "#9"},
				"down": {"uv": [6.125, 12.125, 7.875, 14], "texture": "#9"}
			}
		},
		{
			"from": [4, 2, 0],
			"to": [4, 6, 4],
			"faces": {
				"north": {"uv": [6.125, 12.125, 7.875, 14], "texture": "#9"},
				"east": {"uv": [6.125, 12.125, 7.875, 14], "texture": "#9"},
				"south": {"uv": [6.125, 12.125, 7.875, 14], "texture": "#9"},
				"west": {"uv": [6.125, 12.125, 7.875, 14], "texture": "#9"},
				"up": {"uv": [6.125, 12.125, 7.875, 14], "texture": "#9"},
				"down": {"uv": [6.125, 12.125, 7.875, 14], "texture": "#9"}
			}
		},
		{
			"from": [0, 2, 0],
			"to": [0, 6, 4],
			"faces": {
				"north": {"uv": [6.125, 12.125, 7.875, 14], "texture": "#9"},
				"east": {"uv": [6.125, 12.125, 7.875, 14], "texture": "#9"},
				"south": {"uv": [6.125, 12.125, 7.875, 14], "texture": "#9"},
				"west": {"uv": [6.125, 12.125, 7.875, 14], "texture": "#9"},
				"up": {"uv": [6.125, 12.125, 7.875, 14], "texture": "#9"},
				"down": {"uv": [6.125, 12.125, 7.875, 14], "texture": "#9"}
			}
		},
		{
			"from": [0, 2, 4],
			"to": [4, 6, 4],
			"faces": {
				"north": {"uv": [6.125, 12.125, 7.875, 14], "texture": "#9"},
				"east": {"uv": [6.125, 12.125, 7.875, 14], "texture": "#9"},
				"south": {"uv": [6.125, 12.125, 7.875, 14], "texture": "#9"},
				"west": {"uv": [6.125, 12.125, 7.875, 14], "texture": "#9"},
				"up": {"uv": [6.125, 12.125, 7.875, 14], "texture": "#9"},
				"down": {"uv": [6.125, 12.125, 7.875, 14], "texture": "#9"}
			}
		},
		{
			"name": "sculk",
			"from": [4, 0, 14],
			"to": [6, 2, 16],
			"faces": {
				"north": {"uv": [2, 14, 4, 16], "texture": "#9"},
				"east": {"uv": [2, 14, 4, 16], "texture": "#9"},
				"south": {"uv": [2, 14, 4, 16], "texture": "#9"},
				"west": {"uv": [2, 14, 4, 16], "texture": "#9"},
				"up": {"uv": [2, 14, 4, 16], "texture": "#9"},
				"down": {"uv": [2, 14, 4, 16], "texture": "#9"}
			}
		},
		{
			"name": "sculk",
			"from": [2, 0, 14],
			"to": [4, 2, 16],
			"faces": {
				"north": {"uv": [2, 14, 4, 16], "texture": "#9"},
				"east": {"uv": [2, 14, 4, 16], "texture": "#9"},
				"south": {"uv": [2, 14, 4, 16], "texture": "#9"},
				"west": {"uv": [2, 14, 4, 16], "texture": "#9"},
				"up": {"uv": [2, 14, 4, 16], "texture": "#9"},
				"down": {"uv": [2, 14, 4, 16], "texture": "#9"}
			}
		},
		{
			"name": "sculk",
			"from": [0, 0, 14],
			"to": [2, 2, 16],
			"faces": {
				"north": {"uv": [2, 14, 4, 16], "texture": "#9"},
				"east": {"uv": [2, 14, 4, 16], "texture": "#9"},
				"south": {"uv": [2, 14, 4, 16], "texture": "#9"},
				"west": {"uv": [2, 14, 4, 16], "texture": "#9"},
				"up": {"uv": [2, 14, 4, 16], "texture": "#9"},
				"down": {"uv": [2, 14, 4, 16], "texture": "#9"}
			}
		},
		{
			"name": "sculk",
			"from": [0, 2, 14],
			"to": [2, 4, 16],
			"faces": {
				"north": {"uv": [2, 14, 4, 16], "texture": "#9"},
				"east": {"uv": [2, 14, 4, 16], "texture": "#9"},
				"south": {"uv": [2, 14, 4, 16], "texture": "#9"},
				"west": {"uv": [2, 14, 4, 16], "texture": "#9"},
				"up": {"uv": [2, 14, 4, 16], "texture": "#9"},
				"down": {"uv": [2, 14, 4, 16], "texture": "#9"}
			}
		},
		{
			"name": "sculk",
			"from": [0, 2, 12],
			"to": [2, 4, 14],
			"faces": {
				"north": {"uv": [2, 14, 4, 16], "texture": "#9"},
				"east": {"uv": [2, 14, 4, 16], "texture": "#9"},
				"south": {"uv": [2, 14, 4, 16], "texture": "#9"},
				"west": {"uv": [2, 14, 4, 16], "texture": "#9"},
				"up": {"uv": [2, 14, 4, 16], "texture": "#9"},
				"down": {"uv": [2, 14, 4, 16], "texture": "#9"}
			}
		},
		{
			"name": "sculk",
			"from": [2, 2, 14],
			"to": [4, 4, 16],
			"faces": {
				"north": {"uv": [2, 14, 4, 16], "texture": "#9"},
				"east": {"uv": [2, 14, 4, 16], "texture": "#9"},
				"south": {"uv": [2, 14, 4, 16], "texture": "#9"},
				"west": {"uv": [2, 14, 4, 16], "texture": "#9"},
				"up": {"uv": [2, 14, 4, 16], "texture": "#9"},
				"down": {"uv": [2, 14, 4, 16], "texture": "#9"}
			}
		},
		{
			"name": "sculk",
			"from": [12, 4, 14],
			"to": [14, 6, 16],
			"faces": {
				"north": {"uv": [2, 14, 4, 16], "texture": "#9"},
				"east": {"uv": [2, 14, 4, 16], "texture": "#9"},
				"south": {"uv": [2, 14, 4, 16], "texture": "#9"},
				"west": {"uv": [2, 14, 4, 16], "texture": "#9"},
				"up": {"uv": [2, 14, 4, 16], "texture": "#9"},
				"down": {"uv": [2, 14, 4, 16], "texture": "#9"}
			}
		},
		{
			"name": "sculk",
			"from": [6, 0, 14],
			"to": [8, 2, 16],
			"faces": {
				"north": {"uv": [2, 14, 4, 16], "texture": "#9"},
				"east": {"uv": [2, 14, 4, 16], "texture": "#9"},
				"south": {"uv": [2, 14, 4, 16], "texture": "#9"},
				"west": {"uv": [2, 14, 4, 16], "texture": "#9"},
				"up": {"uv": [2, 14, 4, 16], "texture": "#9"},
				"down": {"uv": [2, 14, 4, 16], "texture": "#9"}
			}
		},
		{
			"name": "sculk",
			"from": [8, 0, 14],
			"to": [10, 2, 16],
			"faces": {
				"north": {"uv": [2, 14, 4, 16], "texture": "#9"},
				"east": {"uv": [2, 14, 4, 16], "texture": "#9"},
				"south": {"uv": [2, 14, 4, 16], "texture": "#9"},
				"west": {"uv": [2, 14, 4, 16], "texture": "#9"},
				"up": {"uv": [2, 14, 4, 16], "texture": "#9"},
				"down": {"uv": [2, 14, 4, 16], "texture": "#9"}
			}
		},
		{
			"name": "sculk",
			"from": [10, 0, 14],
			"to": [12, 2, 16],
			"faces": {
				"north": {"uv": [2, 14, 4, 16], "texture": "#9"},
				"east": {"uv": [2, 14, 4, 16], "texture": "#9"},
				"south": {"uv": [2, 14, 4, 16], "texture": "#9"},
				"west": {"uv": [2, 14, 4, 16], "texture": "#9"},
				"up": {"uv": [2, 14, 4, 16], "texture": "#9"},
				"down": {"uv": [2, 14, 4, 16], "texture": "#9"}
			}
		},
		{
			"name": "sculk",
			"from": [12, 0, 14],
			"to": [14, 2, 16],
			"faces": {
				"north": {"uv": [2, 14, 4, 16], "texture": "#9"},
				"east": {"uv": [2, 14, 4, 16], "texture": "#9"},
				"south": {"uv": [2, 14, 4, 16], "texture": "#9"},
				"west": {"uv": [2, 14, 4, 16], "texture": "#9"},
				"up": {"uv": [2, 14, 4, 16], "texture": "#9"},
				"down": {"uv": [2, 14, 4, 16], "texture": "#9"}
			}
		},
		{
			"name": "sculk",
			"from": [14, 0, 14],
			"to": [16, 2, 16],
			"faces": {
				"north": {"uv": [2, 14, 4, 16], "texture": "#9"},
				"east": {"uv": [2, 14, 4, 16], "texture": "#9"},
				"south": {"uv": [2, 14, 4, 16], "texture": "#9"},
				"west": {"uv": [2, 14, 4, 16], "texture": "#9"},
				"up": {"uv": [2, 14, 4, 16], "texture": "#9"},
				"down": {"uv": [2, 14, 4, 16], "texture": "#9"}
			}
		},
		{
			"name": "sculk",
			"from": [14, 2, 14],
			"to": [16, 4, 16],
			"faces": {
				"north": {"uv": [2, 14, 4, 16], "texture": "#9"},
				"east": {"uv": [2, 14, 4, 16], "texture": "#9"},
				"south": {"uv": [2, 14, 4, 16], "texture": "#9"},
				"west": {"uv": [2, 14, 4, 16], "texture": "#9"},
				"up": {"uv": [2, 14, 4, 16], "texture": "#9"},
				"down": {"uv": [2, 14, 4, 16], "texture": "#9"}
			}
		},
		{
			"name": "sculk",
			"from": [14, 2, 12],
			"to": [16, 4, 14],
			"faces": {
				"north": {"uv": [2, 14, 4, 16], "texture": "#9"},
				"east": {"uv": [2, 14, 4, 16], "texture": "#9"},
				"south": {"uv": [2, 14, 4, 16], "texture": "#9"},
				"west": {"uv": [2, 14, 4, 16], "texture": "#9"},
				"up": {"uv": [2, 14, 4, 16], "texture": "#9"},
				"down": {"uv": [2, 14, 4, 16], "texture": "#9"}
			}
		},
		{
			"name": "sculk",
			"from": [12, 2, 12],
			"to": [14, 4, 14],
			"faces": {
				"north": {"uv": [2, 14, 4, 16], "texture": "#9"},
				"east": {"uv": [2, 14, 4, 16], "texture": "#9"},
				"south": {"uv": [2, 14, 4, 16], "texture": "#9"},
				"west": {"uv": [2, 14, 4, 16], "texture": "#9"},
				"up": {"uv": [2, 14, 4, 16], "texture": "#9"},
				"down": {"uv": [2, 14, 4, 16], "texture": "#9"}
			}
		},
		{
			"name": "sculk",
			"from": [12, 2, 14],
			"to": [14, 4, 16],
			"faces": {
				"north": {"uv": [2, 14, 4, 16], "texture": "#9"},
				"east": {"uv": [2, 14, 4, 16], "texture": "#9"},
				"south": {"uv": [2, 14, 4, 16], "texture": "#9"},
				"west": {"uv": [2, 14, 4, 16], "texture": "#9"},
				"up": {"uv": [2, 14, 4, 16], "texture": "#9"},
				"down": {"uv": [2, 14, 4, 16], "texture": "#9"}
			}
		},
		{
			"name": "sculk",
			"from": [8, 2, 14],
			"to": [10, 4, 16],
			"faces": {
				"north": {"uv": [2, 14, 4, 16], "texture": "#9"},
				"east": {"uv": [2, 14, 4, 16], "texture": "#9"},
				"south": {"uv": [2, 14, 4, 16], "texture": "#9"},
				"west": {"uv": [2, 14, 4, 16], "texture": "#9"},
				"up": {"uv": [2, 14, 4, 16], "texture": "#9"},
				"down": {"uv": [2, 14, 4, 16], "texture": "#9"}
			}
		},
		{
			"name": "sculk",
			"from": [14, 4, 14],
			"to": [16, 6, 16],
			"faces": {
				"north": {"uv": [2, 14, 4, 16], "texture": "#9"},
				"east": {"uv": [2, 14, 4, 16], "texture": "#9"},
				"south": {"uv": [2, 14, 4, 16], "texture": "#9"},
				"west": {"uv": [2, 14, 4, 16], "texture": "#9"},
				"up": {"uv": [2, 14, 4, 16], "texture": "#9"},
				"down": {"uv": [2, 14, 4, 16], "texture": "#9"}
			}
		},
		{
			"name": "sculk",
			"from": [14, 6, 14],
			"to": [16, 8, 16],
			"faces": {
				"north": {"uv": [2, 14, 4, 16], "texture": "#9"},
				"east": {"uv": [2, 14, 4, 16], "texture": "#9"},
				"south": {"uv": [2, 14, 4, 16], "texture": "#9"},
				"west": {"uv": [2, 14, 4, 16], "texture": "#9"},
				"up": {"uv": [2, 14, 4, 16], "texture": "#9"},
				"down": {"uv": [2, 14, 4, 16], "texture": "#9"}
			}
		},
		{
			"name": "sculk",
			"from": [14, 4, 12],
			"to": [16, 6, 14],
			"faces": {
				"north": {"uv": [2, 14, 4, 16], "texture": "#9"},
				"east": {"uv": [2, 14, 4, 16], "texture": "#9"},
				"south": {"uv": [2, 14, 4, 16], "texture": "#9"},
				"west": {"uv": [2, 14, 4, 16], "texture": "#9"},
				"up": {"uv": [2, 14, 4, 16], "texture": "#9"},
				"down": {"uv": [2, 14, 4, 16], "texture": "#9"}
			}
		},
		{
			"name": "sculk",
			"from": [14, 2, 10],
			"to": [16, 4, 12],
			"faces": {
				"north": {"uv": [2, 14, 4, 16], "texture": "#9"},
				"east": {"uv": [2, 14, 4, 16], "texture": "#9"},
				"south": {"uv": [2, 14, 4, 16], "texture": "#9"},
				"west": {"uv": [2, 14, 4, 16], "texture": "#9"},
				"up": {"uv": [2, 14, 4, 16], "texture": "#9"},
				"down": {"uv": [2, 14, 4, 16], "texture": "#9"}
			}
		},
		{
			"name": "sculk",
			"from": [10, 2, 14],
			"to": [12, 4, 16],
			"faces": {
				"north": {"uv": [2, 14, 4, 16], "texture": "#9"},
				"east": {"uv": [2, 14, 4, 16], "texture": "#9"},
				"south": {"uv": [2, 14, 4, 16], "texture": "#9"},
				"west": {"uv": [2, 14, 4, 16], "texture": "#9"},
				"up": {"uv": [2, 14, 4, 16], "texture": "#9"},
				"down": {"uv": [2, 14, 4, 16], "texture": "#9"}
			}
		},
		{
			"name": "sculk",
			"from": [4, 0, 12],
			"to": [6, 2, 14],
			"faces": {
				"north": {"uv": [2, 14, 4, 16], "texture": "#9"},
				"east": {"uv": [2, 14, 4, 16], "texture": "#9"},
				"south": {"uv": [2, 14, 4, 16], "texture": "#9"},
				"west": {"uv": [2, 14, 4, 16], "texture": "#9"},
				"up": {"uv": [2, 14, 4, 16], "texture": "#9"},
				"down": {"uv": [2, 14, 4, 16], "texture": "#9"}
			}
		},
		{
			"name": "sculk",
			"from": [2, 0, 12],
			"to": [4, 2, 14],
			"faces": {
				"north": {"uv": [2, 14, 4, 16], "texture": "#9"},
				"east": {"uv": [2, 14, 4, 16], "texture": "#9"},
				"south": {"uv": [2, 14, 4, 16], "texture": "#9"},
				"west": {"uv": [2, 14, 4, 16], "texture": "#9"},
				"up": {"uv": [2, 14, 4, 16], "texture": "#9"},
				"down": {"uv": [2, 14, 4, 16], "texture": "#9"}
			}
		},
		{
			"name": "sculk",
			"from": [0, 0, 12],
			"to": [2, 2, 14],
			"faces": {
				"north": {"uv": [2, 14, 4, 16], "texture": "#9"},
				"east": {"uv": [2, 14, 4, 16], "texture": "#9"},
				"south": {"uv": [2, 14, 4, 16], "texture": "#9"},
				"west": {"uv": [2, 14, 4, 16], "texture": "#9"},
				"up": {"uv": [2, 14, 4, 16], "texture": "#9"},
				"down": {"uv": [2, 14, 4, 16], "texture": "#9"}
			}
		},
		{
			"name": "sculk",
			"from": [6, 0, 12],
			"to": [8, 2, 14],
			"faces": {
				"north": {"uv": [2, 14, 4, 16], "texture": "#9"},
				"east": {"uv": [2, 14, 4, 16], "texture": "#9"},
				"south": {"uv": [2, 14, 4, 16], "texture": "#9"},
				"west": {"uv": [2, 14, 4, 16], "texture": "#9"},
				"up": {"uv": [2, 14, 4, 16], "texture": "#9"},
				"down": {"uv": [2, 14, 4, 16], "texture": "#9"}
			}
		},
		{
			"name": "sculk",
			"from": [10, 0, 12],
			"to": [12, 2, 14],
			"faces": {
				"north": {"uv": [2, 14, 4, 16], "texture": "#9"},
				"east": {"uv": [2, 14, 4, 16], "texture": "#9"},
				"south": {"uv": [2, 14, 4, 16], "texture": "#9"},
				"west": {"uv": [2, 14, 4, 16], "texture": "#9"},
				"up": {"uv": [2, 14, 4, 16], "texture": "#9"},
				"down": {"uv": [2, 14, 4, 16], "texture": "#9"}
			}
		},
		{
			"name": "sculk",
			"from": [8, 0, 12],
			"to": [10, 2, 14],
			"faces": {
				"north": {"uv": [2, 14, 4, 16], "texture": "#9"},
				"east": {"uv": [2, 14, 4, 16], "texture": "#9"},
				"south": {"uv": [2, 14, 4, 16], "texture": "#9"},
				"west": {"uv": [2, 14, 4, 16], "texture": "#9"},
				"up": {"uv": [2, 14, 4, 16], "texture": "#9"},
				"down": {"uv": [2, 14, 4, 16], "texture": "#9"}
			}
		},
		{
			"name": "sculk",
			"from": [12, 0, 12],
			"to": [14, 2, 14],
			"faces": {
				"north": {"uv": [2, 14, 4, 16], "texture": "#9"},
				"east": {"uv": [2, 14, 4, 16], "texture": "#9"},
				"south": {"uv": [2, 14, 4, 16], "texture": "#9"},
				"west": {"uv": [2, 14, 4, 16], "texture": "#9"},
				"up": {"uv": [2, 14, 4, 16], "texture": "#9"},
				"down": {"uv": [2, 14, 4, 16], "texture": "#9"}
			}
		},
		{
			"name": "sculk",
			"from": [14, 0, 12],
			"to": [16, 2, 14],
			"faces": {
				"north": {"uv": [2, 14, 4, 16], "texture": "#9"},
				"east": {"uv": [2, 14, 4, 16], "texture": "#9"},
				"south": {"uv": [2, 14, 4, 16], "texture": "#9"},
				"west": {"uv": [2, 14, 4, 16], "texture": "#9"},
				"up": {"uv": [2, 14, 4, 16], "texture": "#9"},
				"down": {"uv": [2, 14, 4, 16], "texture": "#9"}
			}
		},
		{
			"name": "sculk",
			"from": [4, 0, 8],
			"to": [6, 2, 10],
			"faces": {
				"north": {"uv": [2, 14, 4, 16], "texture": "#9"},
				"east": {"uv": [2, 14, 4, 16], "texture": "#9"},
				"south": {"uv": [2, 14, 4, 16], "texture": "#9"},
				"west": {"uv": [2, 14, 4, 16], "texture": "#9"},
				"up": {"uv": [2, 14, 4, 16], "texture": "#9"},
				"down": {"uv": [2, 14, 4, 16], "texture": "#9"}
			}
		},
		{
			"name": "sculk",
			"from": [2, 0, 8],
			"to": [4, 2, 10],
			"faces": {
				"north": {"uv": [2, 14, 4, 16], "texture": "#9"},
				"east": {"uv": [2, 14, 4, 16], "texture": "#9"},
				"south": {"uv": [2, 14, 4, 16], "texture": "#9"},
				"west": {"uv": [2, 14, 4, 16], "texture": "#9"},
				"up": {"uv": [2, 14, 4, 16], "texture": "#9"},
				"down": {"uv": [2, 14, 4, 16], "texture": "#9"}
			}
		},
		{
			"name": "sculk",
			"from": [0, 0, 8],
			"to": [2, 2, 10],
			"faces": {
				"north": {"uv": [2, 14, 4, 16], "texture": "#9"},
				"east": {"uv": [2, 14, 4, 16], "texture": "#9"},
				"south": {"uv": [2, 14, 4, 16], "texture": "#9"},
				"west": {"uv": [2, 14, 4, 16], "texture": "#9"},
				"up": {"uv": [2, 14, 4, 16], "texture": "#9"},
				"down": {"uv": [2, 14, 4, 16], "texture": "#9"}
			}
		},
		{
			"name": "sculk",
			"from": [8, 0, 8],
			"to": [10, 2, 10],
			"faces": {
				"north": {"uv": [2, 14, 4, 16], "texture": "#9"},
				"east": {"uv": [2, 14, 4, 16], "texture": "#9"},
				"south": {"uv": [2, 14, 4, 16], "texture": "#9"},
				"west": {"uv": [2, 14, 4, 16], "texture": "#9"},
				"up": {"uv": [2, 14, 4, 16], "texture": "#9"},
				"down": {"uv": [2, 14, 4, 16], "texture": "#9"}
			}
		},
		{
			"name": "sculk",
			"from": [6, 0, 8],
			"to": [8, 2, 10],
			"faces": {
				"north": {"uv": [2, 14, 4, 16], "texture": "#9"},
				"east": {"uv": [2, 14, 4, 16], "texture": "#9"},
				"south": {"uv": [2, 14, 4, 16], "texture": "#9"},
				"west": {"uv": [2, 14, 4, 16], "texture": "#9"},
				"up": {"uv": [2, 14, 4, 16], "texture": "#9"},
				"down": {"uv": [2, 14, 4, 16], "texture": "#9"}
			}
		},
		{
			"name": "sculk",
			"from": [0, 0, 10],
			"to": [2, 2, 12],
			"faces": {
				"north": {"uv": [2, 14, 4, 16], "texture": "#9"},
				"east": {"uv": [2, 14, 4, 16], "texture": "#9"},
				"south": {"uv": [2, 14, 4, 16], "texture": "#9"},
				"west": {"uv": [2, 14, 4, 16], "texture": "#9"},
				"up": {"uv": [2, 14, 4, 16], "texture": "#9"},
				"down": {"uv": [2, 14, 4, 16], "texture": "#9"}
			}
		},
		{
			"name": "sculk",
			"from": [2, 0, 10],
			"to": [4, 2, 12],
			"faces": {
				"north": {"uv": [2, 14, 4, 16], "texture": "#9"},
				"east": {"uv": [2, 14, 4, 16], "texture": "#9"},
				"south": {"uv": [2, 14, 4, 16], "texture": "#9"},
				"west": {"uv": [2, 14, 4, 16], "texture": "#9"},
				"up": {"uv": [2, 14, 4, 16], "texture": "#9"},
				"down": {"uv": [2, 14, 4, 16], "texture": "#9"}
			}
		},
		{
			"name": "sculk",
			"from": [4, 0, 10],
			"to": [6, 2, 12],
			"faces": {
				"north": {"uv": [2, 14, 4, 16], "texture": "#9"},
				"east": {"uv": [2, 14, 4, 16], "texture": "#9"},
				"south": {"uv": [2, 14, 4, 16], "texture": "#9"},
				"west": {"uv": [2, 14, 4, 16], "texture": "#9"},
				"up": {"uv": [2, 14, 4, 16], "texture": "#9"},
				"down": {"uv": [2, 14, 4, 16], "texture": "#9"}
			}
		},
		{
			"name": "sculk",
			"from": [6, 0, 10],
			"to": [8, 2, 12],
			"faces": {
				"north": {"uv": [2, 14, 4, 16], "texture": "#9"},
				"east": {"uv": [2, 14, 4, 16], "texture": "#9"},
				"south": {"uv": [2, 14, 4, 16], "texture": "#9"},
				"west": {"uv": [2, 14, 4, 16], "texture": "#9"},
				"up": {"uv": [2, 14, 4, 16], "texture": "#9"},
				"down": {"uv": [2, 14, 4, 16], "texture": "#9"}
			}
		},
		{
			"name": "sculk",
			"from": [8, 0, 10],
			"to": [10, 2, 12],
			"faces": {
				"north": {"uv": [2, 14, 4, 16], "texture": "#9"},
				"east": {"uv": [2, 14, 4, 16], "texture": "#9"},
				"south": {"uv": [2, 14, 4, 16], "texture": "#9"},
				"west": {"uv": [2, 14, 4, 16], "texture": "#9"},
				"up": {"uv": [2, 14, 4, 16], "texture": "#9"},
				"down": {"uv": [2, 14, 4, 16], "texture": "#9"}
			}
		},
		{
			"name": "sculk",
			"from": [10, 0, 10],
			"to": [12, 2, 12],
			"faces": {
				"north": {"uv": [2, 14, 4, 16], "texture": "#9"},
				"east": {"uv": [2, 14, 4, 16], "texture": "#9"},
				"south": {"uv": [2, 14, 4, 16], "texture": "#9"},
				"west": {"uv": [2, 14, 4, 16], "texture": "#9"},
				"up": {"uv": [2, 14, 4, 16], "texture": "#9"},
				"down": {"uv": [2, 14, 4, 16], "texture": "#9"}
			}
		},
		{
			"name": "sculk",
			"from": [12, 0, 10],
			"to": [14, 2, 12],
			"faces": {
				"north": {"uv": [2, 14, 4, 16], "texture": "#9"},
				"east": {"uv": [2, 14, 4, 16], "texture": "#9"},
				"south": {"uv": [2, 14, 4, 16], "texture": "#9"},
				"west": {"uv": [2, 14, 4, 16], "texture": "#9"},
				"up": {"uv": [2, 14, 4, 16], "texture": "#9"},
				"down": {"uv": [2, 14, 4, 16], "texture": "#9"}
			}
		},
		{
			"name": "sculk",
			"from": [14, 0, 10],
			"to": [16, 2, 12],
			"faces": {
				"north": {"uv": [2, 14, 4, 16], "texture": "#9"},
				"east": {"uv": [2, 14, 4, 16], "texture": "#9"},
				"south": {"uv": [2, 14, 4, 16], "texture": "#9"},
				"west": {"uv": [2, 14, 4, 16], "texture": "#9"},
				"up": {"uv": [2, 14, 4, 16], "texture": "#9"},
				"down": {"uv": [2, 14, 4, 16], "texture": "#9"}
			}
		},
		{
			"name": "sculk",
			"from": [14, 0, 8],
			"to": [16, 2, 10],
			"faces": {
				"north": {"uv": [2, 14, 4, 16], "texture": "#9"},
				"east": {"uv": [2, 14, 4, 16], "texture": "#9"},
				"south": {"uv": [2, 14, 4, 16], "texture": "#9"},
				"west": {"uv": [2, 14, 4, 16], "texture": "#9"},
				"up": {"uv": [2, 14, 4, 16], "texture": "#9"},
				"down": {"uv": [2, 14, 4, 16], "texture": "#9"}
			}
		},
		{
			"name": "sculk",
			"from": [12, 0, 8],
			"to": [14, 2, 10],
			"faces": {
				"north": {"uv": [2, 14, 4, 16], "texture": "#9"},
				"east": {"uv": [2, 14, 4, 16], "texture": "#9"},
				"south": {"uv": [2, 14, 4, 16], "texture": "#9"},
				"west": {"uv": [2, 14, 4, 16], "texture": "#9"},
				"up": {"uv": [2, 14, 4, 16], "texture": "#9"},
				"down": {"uv": [2, 14, 4, 16], "texture": "#9"}
			}
		},
		{
			"name": "sculk",
			"from": [10, 0, 8],
			"to": [12, 2, 10],
			"faces": {
				"north": {"uv": [2, 14, 4, 16], "texture": "#9"},
				"east": {"uv": [2, 14, 4, 16], "texture": "#9"},
				"south": {"uv": [2, 14, 4, 16], "texture": "#9"},
				"west": {"uv": [2, 14, 4, 16], "texture": "#9"},
				"up": {"uv": [2, 14, 4, 16], "texture": "#9"},
				"down": {"uv": [2, 14, 4, 16], "texture": "#9"}
			}
		},
		{
			"name": "sculk",
			"from": [14, 0, 0],
			"to": [16, 2, 2],
			"faces": {
				"north": {"uv": [2, 14, 4, 16], "texture": "#9"},
				"east": {"uv": [2, 14, 4, 16], "texture": "#9"},
				"south": {"uv": [2, 14, 4, 16], "texture": "#9"},
				"west": {"uv": [2, 14, 4, 16], "texture": "#9"},
				"up": {"uv": [2, 14, 4, 16], "texture": "#9"},
				"down": {"uv": [2, 14, 4, 16], "texture": "#9"}
			}
		},
		{
			"name": "sculk",
			"from": [14, 2, 0],
			"to": [16, 4, 2],
			"faces": {
				"north": {"uv": [2, 14, 4, 16], "texture": "#9"},
				"east": {"uv": [2, 14, 4, 16], "texture": "#9"},
				"south": {"uv": [2, 14, 4, 16], "texture": "#9"},
				"west": {"uv": [2, 14, 4, 16], "texture": "#9"},
				"up": {"uv": [2, 14, 4, 16], "texture": "#9"},
				"down": {"uv": [2, 14, 4, 16], "texture": "#9"}
			}
		},
		{
			"name": "sculk",
			"from": [14, 0, 2],
			"to": [16, 2, 4],
			"faces": {
				"north": {"uv": [2, 14, 4, 16], "texture": "#9"},
				"east": {"uv": [2, 14, 4, 16], "texture": "#9"},
				"south": {"uv": [2, 14, 4, 16], "texture": "#9"},
				"west": {"uv": [2, 14, 4, 16], "texture": "#9"},
				"up": {"uv": [2, 14, 4, 16], "texture": "#9"},
				"down": {"uv": [2, 14, 4, 16], "texture": "#9"}
			}
		},
		{
			"name": "sculk",
			"from": [14, 0, 4],
			"to": [16, 2, 6],
			"faces": {
				"north": {"uv": [2, 14, 4, 16], "texture": "#9"},
				"east": {"uv": [2, 14, 4, 16], "texture": "#9"},
				"south": {"uv": [2, 14, 4, 16], "texture": "#9"},
				"west": {"uv": [2, 14, 4, 16], "texture": "#9"},
				"up": {"uv": [2, 14, 4, 16], "texture": "#9"},
				"down": {"uv": [2, 14, 4, 16], "texture": "#9"}
			}
		},
		{
			"name": "sculk",
			"from": [14, 0, 6],
			"to": [16, 2, 8],
			"faces": {
				"north": {"uv": [2, 14, 4, 16], "texture": "#9"},
				"east": {"uv": [2, 14, 4, 16], "texture": "#9"},
				"south": {"uv": [2, 14, 4, 16], "texture": "#9"},
				"west": {"uv": [2, 14, 4, 16], "texture": "#9"},
				"up": {"uv": [2, 14, 4, 16], "texture": "#9"},
				"down": {"uv": [2, 14, 4, 16], "texture": "#9"}
			}
		},
		{
			"name": "sculk",
			"from": [12, 0, 6],
			"to": [14, 2, 8],
			"faces": {
				"north": {"uv": [2, 14, 4, 16], "texture": "#9"},
				"east": {"uv": [2, 14, 4, 16], "texture": "#9"},
				"south": {"uv": [2, 14, 4, 16], "texture": "#9"},
				"west": {"uv": [2, 14, 4, 16], "texture": "#9"},
				"up": {"uv": [2, 14, 4, 16], "texture": "#9"},
				"down": {"uv": [2, 14, 4, 16], "texture": "#9"}
			}
		},
		{
			"name": "sculk",
			"from": [12, 0, 4],
			"to": [14, 2, 6],
			"faces": {
				"north": {"uv": [2, 14, 4, 16], "texture": "#9"},
				"east": {"uv": [2, 14, 4, 16], "texture": "#9"},
				"south": {"uv": [2, 14, 4, 16], "texture": "#9"},
				"west": {"uv": [2, 14, 4, 16], "texture": "#9"},
				"up": {"uv": [2, 14, 4, 16], "texture": "#9"},
				"down": {"uv": [2, 14, 4, 16], "texture": "#9"}
			}
		},
		{
			"name": "sculk",
			"from": [12, 0, 2],
			"to": [14, 2, 4],
			"faces": {
				"north": {"uv": [2, 14, 4, 16], "texture": "#9"},
				"east": {"uv": [2, 14, 4, 16], "texture": "#9"},
				"south": {"uv": [2, 14, 4, 16], "texture": "#9"},
				"west": {"uv": [2, 14, 4, 16], "texture": "#9"},
				"up": {"uv": [2, 14, 4, 16], "texture": "#9"},
				"down": {"uv": [2, 14, 4, 16], "texture": "#9"}
			}
		},
		{
			"name": "sculk",
			"from": [12, 0, 0],
			"to": [14, 2, 2],
			"faces": {
				"north": {"uv": [2, 14, 4, 16], "texture": "#9"},
				"east": {"uv": [2, 14, 4, 16], "texture": "#9"},
				"south": {"uv": [2, 14, 4, 16], "texture": "#9"},
				"west": {"uv": [2, 14, 4, 16], "texture": "#9"},
				"up": {"uv": [2, 14, 4, 16], "texture": "#9"},
				"down": {"uv": [2, 14, 4, 16], "texture": "#9"}
			}
		},
		{
			"name": "sculk",
			"from": [10, 0, 0],
			"to": [12, 2, 2],
			"faces": {
				"north": {"uv": [2, 14, 4, 16], "texture": "#9"},
				"east": {"uv": [2, 14, 4, 16], "texture": "#9"},
				"south": {"uv": [2, 14, 4, 16], "texture": "#9"},
				"west": {"uv": [2, 14, 4, 16], "texture": "#9"},
				"up": {"uv": [2, 14, 4, 16], "texture": "#9"},
				"down": {"uv": [2, 14, 4, 16], "texture": "#9"}
			}
		},
		{
			"name": "sculk",
			"from": [10, 0, 2],
			"to": [12, 2, 4],
			"faces": {
				"north": {"uv": [2, 14, 4, 16], "texture": "#9"},
				"east": {"uv": [2, 14, 4, 16], "texture": "#9"},
				"south": {"uv": [2, 14, 4, 16], "texture": "#9"},
				"west": {"uv": [2, 14, 4, 16], "texture": "#9"},
				"up": {"uv": [2, 14, 4, 16], "texture": "#9"},
				"down": {"uv": [2, 14, 4, 16], "texture": "#9"}
			}
		},
		{
			"name": "sculk",
			"from": [10, 0, 4],
			"to": [12, 2, 6],
			"faces": {
				"north": {"uv": [2, 14, 4, 16], "texture": "#9"},
				"east": {"uv": [2, 14, 4, 16], "texture": "#9"},
				"south": {"uv": [2, 14, 4, 16], "texture": "#9"},
				"west": {"uv": [2, 14, 4, 16], "texture": "#9"},
				"up": {"uv": [2, 14, 4, 16], "texture": "#9"},
				"down": {"uv": [2, 14, 4, 16], "texture": "#9"}
			}
		},
		{
			"name": "sculk",
			"from": [10, 0, 6],
			"to": [12, 2, 8],
			"faces": {
				"north": {"uv": [2, 14, 4, 16], "texture": "#9"},
				"east": {"uv": [2, 14, 4, 16], "texture": "#9"},
				"south": {"uv": [2, 14, 4, 16], "texture": "#9"},
				"west": {"uv": [2, 14, 4, 16], "texture": "#9"},
				"up": {"uv": [2, 14, 4, 16], "texture": "#9"},
				"down": {"uv": [2, 14, 4, 16], "texture": "#9"}
			}
		},
		{
			"name": "sculk",
			"from": [8, 0, 6],
			"to": [10, 2, 8],
			"faces": {
				"north": {"uv": [2, 14, 4, 16], "texture": "#9"},
				"east": {"uv": [2, 14, 4, 16], "texture": "#9"},
				"south": {"uv": [2, 14, 4, 16], "texture": "#9"},
				"west": {"uv": [2, 14, 4, 16], "texture": "#9"},
				"up": {"uv": [2, 14, 4, 16], "texture": "#9"},
				"down": {"uv": [2, 14, 4, 16], "texture": "#9"}
			}
		},
		{
			"name": "sculk",
			"from": [8, 0, 4],
			"to": [10, 2, 6],
			"faces": {
				"north": {"uv": [2, 14, 4, 16], "texture": "#9"},
				"east": {"uv": [2, 14, 4, 16], "texture": "#9"},
				"south": {"uv": [2, 14, 4, 16], "texture": "#9"},
				"west": {"uv": [2, 14, 4, 16], "texture": "#9"},
				"up": {"uv": [2, 14, 4, 16], "texture": "#9"},
				"down": {"uv": [2, 14, 4, 16], "texture": "#9"}
			}
		},
		{
			"name": "sculk",
			"from": [8, 0, 2],
			"to": [10, 2, 4],
			"faces": {
				"north": {"uv": [2, 14, 4, 16], "texture": "#9"},
				"east": {"uv": [2, 14, 4, 16], "texture": "#9"},
				"south": {"uv": [2, 14, 4, 16], "texture": "#9"},
				"west": {"uv": [2, 14, 4, 16], "texture": "#9"},
				"up": {"uv": [2, 14, 4, 16], "texture": "#9"},
				"down": {"uv": [2, 14, 4, 16], "texture": "#9"}
			}
		},
		{
			"name": "sculk",
			"from": [8, 0, 0],
			"to": [10, 2, 2],
			"faces": {
				"north": {"uv": [2, 14, 4, 16], "texture": "#9"},
				"east": {"uv": [2, 14, 4, 16], "texture": "#9"},
				"south": {"uv": [2, 14, 4, 16], "texture": "#9"},
				"west": {"uv": [2, 14, 4, 16], "texture": "#9"},
				"up": {"uv": [2, 14, 4, 16], "texture": "#9"},
				"down": {"uv": [2, 14, 4, 16], "texture": "#9"}
			}
		},
		{
			"name": "sculk",
			"from": [6, 0, 0],
			"to": [8, 2, 2],
			"faces": {
				"north": {"uv": [2, 14, 4, 16], "texture": "#9"},
				"east": {"uv": [2, 14, 4, 16], "texture": "#9"},
				"south": {"uv": [2, 14, 4, 16], "texture": "#9"},
				"west": {"uv": [2, 14, 4, 16], "texture": "#9"},
				"up": {"uv": [2, 14, 4, 16], "texture": "#9"},
				"down": {"uv": [2, 14, 4, 16], "texture": "#9"}
			}
		},
		{
			"name": "sculk",
			"from": [6, 0, 2],
			"to": [8, 2, 4],
			"faces": {
				"north": {"uv": [2, 14, 4, 16], "texture": "#9"},
				"east": {"uv": [2, 14, 4, 16], "texture": "#9"},
				"south": {"uv": [2, 14, 4, 16], "texture": "#9"},
				"west": {"uv": [2, 14, 4, 16], "texture": "#9"},
				"up": {"uv": [2, 14, 4, 16], "texture": "#9"},
				"down": {"uv": [2, 14, 4, 16], "texture": "#9"}
			}
		},
		{
			"name": "sculk",
			"from": [6, 0, 4],
			"to": [8, 2, 6],
			"faces": {
				"north": {"uv": [2, 14, 4, 16], "texture": "#9"},
				"east": {"uv": [2, 14, 4, 16], "texture": "#9"},
				"south": {"uv": [2, 14, 4, 16], "texture": "#9"},
				"west": {"uv": [2, 14, 4, 16], "texture": "#9"},
				"up": {"uv": [2, 14, 4, 16], "texture": "#9"},
				"down": {"uv": [2, 14, 4, 16], "texture": "#9"}
			}
		},
		{
			"name": "sculk",
			"from": [6, 0, 6],
			"to": [8, 2, 8],
			"faces": {
				"north": {"uv": [2, 14, 4, 16], "texture": "#9"},
				"east": {"uv": [2, 14, 4, 16], "texture": "#9"},
				"south": {"uv": [2, 14, 4, 16], "texture": "#9"},
				"west": {"uv": [2, 14, 4, 16], "texture": "#9"},
				"up": {"uv": [2, 14, 4, 16], "texture": "#9"},
				"down": {"uv": [2, 14, 4, 16], "texture": "#9"}
			}
		},
		{
			"name": "sculk",
			"from": [4, 0, 6],
			"to": [6, 2, 8],
			"faces": {
				"north": {"uv": [2, 14, 4, 16], "texture": "#9"},
				"east": {"uv": [2, 14, 4, 16], "texture": "#9"},
				"south": {"uv": [2, 14, 4, 16], "texture": "#9"},
				"west": {"uv": [2, 14, 4, 16], "texture": "#9"},
				"up": {"uv": [2, 14, 4, 16], "texture": "#9"},
				"down": {"uv": [2, 14, 4, 16], "texture": "#9"}
			}
		},
		{
			"name": "sculk",
			"from": [4, 0, 4],
			"to": [6, 2, 6],
			"faces": {
				"north": {"uv": [2, 14, 4, 16], "texture": "#9"},
				"east": {"uv": [2, 14, 4, 16], "texture": "#9"},
				"south": {"uv": [2, 14, 4, 16], "texture": "#9"},
				"west": {"uv": [2, 14, 4, 16], "texture": "#9"},
				"up": {"uv": [2, 14, 4, 16], "texture": "#9"},
				"down": {"uv": [2, 14, 4, 16], "texture": "#9"}
			}
		},
		{
			"name": "sculk",
			"from": [4, 0, 2],
			"to": [6, 2, 4],
			"faces": {
				"north": {"uv": [2, 14, 4, 16], "texture": "#9"},
				"east": {"uv": [2, 14, 4, 16], "texture": "#9"},
				"south": {"uv": [2, 14, 4, 16], "texture": "#9"},
				"west": {"uv": [2, 14, 4, 16], "texture": "#9"},
				"up": {"uv": [2, 14, 4, 16], "texture": "#9"},
				"down": {"uv": [2, 14, 4, 16], "texture": "#9"}
			}
		},
		{
			"name": "sculk",
			"from": [4, 0, 0],
			"to": [6, 2, 2],
			"faces": {
				"north": {"uv": [2, 14, 4, 16], "texture": "#9"},
				"east": {"uv": [2, 14, 4, 16], "texture": "#9"},
				"south": {"uv": [2, 14, 4, 16], "texture": "#9"},
				"west": {"uv": [2, 14, 4, 16], "texture": "#9"},
				"up": {"uv": [2, 14, 4, 16], "texture": "#9"},
				"down": {"uv": [2, 14, 4, 16], "texture": "#9"}
			}
		},
		{
			"name": "sculk",
			"from": [2, 0, 0],
			"to": [4, 2, 2],
			"faces": {
				"north": {"uv": [2, 14, 4, 16], "texture": "#9"},
				"east": {"uv": [2, 14, 4, 16], "texture": "#9"},
				"south": {"uv": [2, 14, 4, 16], "texture": "#9"},
				"west": {"uv": [2, 14, 4, 16], "texture": "#9"},
				"up": {"uv": [2, 14, 4, 16], "texture": "#9"},
				"down": {"uv": [2, 14, 4, 16], "texture": "#9"}
			}
		},
		{
			"name": "sculk",
			"from": [2, 0, 2],
			"to": [4, 2, 4],
			"faces": {
				"north": {"uv": [2, 14, 4, 16], "texture": "#9"},
				"east": {"uv": [2, 14, 4, 16], "texture": "#9"},
				"south": {"uv": [2, 14, 4, 16], "texture": "#9"},
				"west": {"uv": [2, 14, 4, 16], "texture": "#9"},
				"up": {"uv": [2, 14, 4, 16], "texture": "#9"},
				"down": {"uv": [2, 14, 4, 16], "texture": "#9"}
			}
		},
		{
			"name": "sculk",
			"from": [2, 0, 4],
			"to": [4, 2, 6],
			"faces": {
				"north": {"uv": [2, 14, 4, 16], "texture": "#9"},
				"east": {"uv": [2, 14, 4, 16], "texture": "#9"},
				"south": {"uv": [2, 14, 4, 16], "texture": "#9"},
				"west": {"uv": [2, 14, 4, 16], "texture": "#9"},
				"up": {"uv": [2, 14, 4, 16], "texture": "#9"},
				"down": {"uv": [2, 14, 4, 16], "texture": "#9"}
			}
		},
		{
			"name": "sculk",
			"from": [2, 0, 6],
			"to": [4, 2, 8],
			"faces": {
				"north": {"uv": [2, 14, 4, 16], "texture": "#9"},
				"east": {"uv": [2, 14, 4, 16], "texture": "#9"},
				"south": {"uv": [2, 14, 4, 16], "texture": "#9"},
				"west": {"uv": [2, 14, 4, 16], "texture": "#9"},
				"up": {"uv": [2, 14, 4, 16], "texture": "#9"},
				"down": {"uv": [2, 14, 4, 16], "texture": "#9"}
			}
		},
		{
			"name": "sculk",
			"from": [0, 0, 6],
			"to": [2, 2, 8],
			"faces": {
				"north": {"uv": [2, 14, 4, 16], "texture": "#9"},
				"east": {"uv": [2, 14, 4, 16], "texture": "#9"},
				"south": {"uv": [2, 14, 4, 16], "texture": "#9"},
				"west": {"uv": [2, 14, 4, 16], "texture": "#9"},
				"up": {"uv": [2, 14, 4, 16], "texture": "#9"},
				"down": {"uv": [2, 14, 4, 16], "texture": "#9"}
			}
		},
		{
			"name": "sculk",
			"from": [0, 0, 4],
			"to": [2, 2, 6],
			"faces": {
				"north": {"uv": [2, 14, 4, 16], "texture": "#9"},
				"east": {"uv": [2, 14, 4, 16], "texture": "#9"},
				"south": {"uv": [2, 14, 4, 16], "texture": "#9"},
				"west": {"uv": [2, 14, 4, 16], "texture": "#9"},
				"up": {"uv": [2, 14, 4, 16], "texture": "#9"},
				"down": {"uv": [2, 14, 4, 16], "texture": "#9"}
			}
		},
		{
			"name": "sculk",
			"from": [0, 0, 2],
			"to": [2, 2, 4],
			"faces": {
				"north": {"uv": [2, 14, 4, 16], "texture": "#9"},
				"east": {"uv": [2, 14, 4, 16], "texture": "#9"},
				"south": {"uv": [2, 14, 4, 16], "texture": "#9"},
				"west": {"uv": [2, 14, 4, 16], "texture": "#9"},
				"up": {"uv": [2, 14, 4, 16], "texture": "#9"},
				"down": {"uv": [2, 14, 4, 16], "texture": "#9"}
			}
		},
		{
			"name": "sculk",
			"from": [0, 0, 0],
			"to": [2, 2, 2],
			"faces": {
				"north": {"uv": [2, 14, 4, 16], "texture": "#9"},
				"east": {"uv": [2, 14, 4, 16], "texture": "#9"},
				"south": {"uv": [2, 14, 4, 16], "texture": "#9"},
				"west": {"uv": [2, 14, 4, 16], "texture": "#9"},
				"up": {"uv": [2, 14, 4, 16], "texture": "#9"},
				"down": {"uv": [2, 14, 4, 16], "texture": "#9"}
			}
		},
		{
			"from": [0, 6, 0],
			"to": [4, 6, 4],
			"faces": {
				"north": {"uv": [0.25, 12.25, 2, 14], "texture": "#9"},
				"east": {"uv": [0.25, 12.25, 2, 14], "texture": "#9"},
				"south": {"uv": [0.25, 12.25, 2, 14], "texture": "#9"},
				"west": {"uv": [0.25, 12.25, 2, 14], "texture": "#9"},
				"up": {"uv": [0.25, 12.25, 2, 14], "texture": "#9"},
				"down": {"uv": [0.25, 12.25, 2, 14], "texture": "#9"}
			}
		},
		{
			"name": "medio",
			"from": [0, 4, 0],
			"to": [4, 4, 4],
			"faces": {
				"north": {"uv": [8, 12, 10, 14], "texture": "#9"},
				"east": {"uv": [8, 12, 10, 14], "texture": "#9"},
				"south": {"uv": [8, 12, 10, 14], "texture": "#9"},
				"west": {"uv": [8, 12, 10, 14], "texture": "#9"},
				"up": {"uv": [8, 12, 10, 14], "texture": "#9"},
				"down": {"uv": [8, 12, 10, 14], "texture": "#9"}
			}
		},
		{
			"name": "abajo",
			"from": [0, 2, 0],
			"to": [4, 2, 4],
			"faces": {
				"north": {"uv": [0, 14, 2, 16], "texture": "#9"},
				"east": {"uv": [0, 14, 2, 16], "texture": "#9"},
				"south": {"uv": [0, 14, 2, 16], "texture": "#9"},
				"west": {"uv": [0, 14, 2, 16], "texture": "#9"},
				"up": {"uv": [0, 14, 2, 16], "texture": "#9"},
				"down": {"uv": [0, 14, 2, 16], "texture": "#9"}
			}
		}
	],
	"groups": [
		{
			"name": "maqueta",
			"origin": [8, 8, 8],
			"color": 0,
			"children": [
				{
					"name": "warden",
					"origin": [0, 0, 0],
					"color": 0,
					"children": [
						{
							"name": "body",
							"origin": [0, 21, 0],
							"color": 1,
							"children": [
								0,
								{
									"name": "right_ribcage",
									"origin": [7, 23, -4],
									"color": 2,
									"children": [1]
								},
								{
									"name": "left_ribcage",
									"origin": [-7, 23, -4],
									"color": 3,
									"children": [2]
								},
								{
									"name": "head",
									"origin": [0, 34, 0],
									"color": 4,
									"children": [
										3,
										{
											"name": "right_tendril",
											"origin": [8, 46, 0],
											"color": 5,
											"children": [4]
										},
										{
											"name": "left_tendril",
											"origin": [-8, 46, 0],
											"color": 6,
											"children": [5]
										}
									]
								},
								{
									"name": "right_arm",
									"origin": [13, 34, 1],
									"color": 7,
									"children": [6]
								},
								{
									"name": "left_arm",
									"origin": [-13, 34, 1],
									"color": 8,
									"children": [7]
								}
							]
						},
						{
							"name": "right_leg",
							"origin": [5.9, 13, 0],
							"color": 9,
							"children": [8]
						},
						{
							"name": "left_leg",
							"origin": [-5.9, 13, 0],
							"color": 0,
							"children": [9]
						}
					]
				},
				{
					"name": "sculk sensor tentacle",
					"origin": [8, 8, 8],
					"color": 0,
					"children": [10, 11, 12, 13, 14, 15, 16, 17, 18, 19]
				},
				{
					"name": "sculk sensor arriba",
					"origin": [8, 8, 8],
					"color": 0,
					"children": [20]
				},
				{
					"name": "sculk sensor",
					"origin": [8, 8, 8],
					"color": 0,
					"children": [21]
				},
				{
					"name": "sculk catalyst arriba",
					"origin": [8, 8, 8],
					"color": 0,
					"children": [22]
				},
				{
					"name": "sculk catalyst",
					"origin": [8, 8, 8],
					"color": 0,
					"children": [23]
				},
				{
					"name": "sculk shrieker vordes",
					"origin": [8, 8, 8],
					"color": 0,
					"children": [24, 25, 26, 27]
				},
				{
					"name": "sculk block",
					"origin": [0, 0, 0],
					"color": 0,
					"children": [
						28,
						29,
						30,
						31,
						32,
						33,
						34,
						35,
						36,
						37,
						38,
						39,
						40,
						41,
						42,
						43,
						44,
						45,
						46,
						47,
						48,
						49,
						50,
						51,
						52,
						53,
						54,
						55,
						56,
						57,
						58,
						59,
						60,
						61,
						62,
						63,
						64,
						65,
						66,
						67,
						68,
						69,
						70,
						71,
						72,
						73,
						74,
						75,
						76,
						77,
						78,
						79,
						80,
						81,
						82,
						83,
						84,
						85,
						86,
						87,
						88,
						89,
						90,
						91,
						92,
						93,
						94,
						95,
						96,
						97,
						98,
						99,
						100,
						101,
						102,
						103,
						104,
						105,
						106
					]
				},
				{
					"name": "sculk shrieker arriba",
					"origin": [8, 8, 8],
					"color": 0,
					"children": [107]
				},
				{
					"name": "sculk shrieker medio",
					"origin": [8, 8, 8],
					"color": 0,
					"children": [108]
				},
				{
					"name": "sculk shrieker abajo",
					"origin": [0, 0, 0],
					"color": 0,
					"children": [109]
				}
			]
		}
	]
}