{
  "_fv": 6,
  "_type": "block",
  "definition": {
    "texture": "olem_copper",
    "textureTop": "",
    "textureLeft": "",
    "textureFront": "",
    "textureRight": "",
    "textureBack": "",
    "renderType": 2,
    "customModelName": "golem_copper:default",
    "rotationMode": 1,
    "hasTransparency": true,
    "transparencyType": "CUTOUT_MIPPED",
    "mx": 0.0,
    "my": 0.0,
    "mz": 0.0,
    "Mx": 0.99,
    "My": 0.99,
    "Mz": 0.99,
    "faceShape": "SOLID",
    "name": "Golem copper",
    "specialInfo": [
      "Minecraft"
    ],
    "hardness": 1.0,
    "resistance": 27.5,
    "hasGravity": false,
    "creativeTab": {
      "value": "CUSTOM:ConstarGamer"
    },
    "destroyTool": "Not specified",
    "affectedBySilkTouch": true,
    "customDrop": {
      "value": "CUSTOM:Golemcopper"
    },
    "dropAmount": 1,
    "isBeaconBase": false,
    "enchantPowerBonus": 0.0,
    "plantsGrowOn": false,
    "canProvidePower": false,
    "lightOpacity": 0,
    "material": {
      "value": "IRON"
    },
    "tickRate": 10,
    "tickRandomly": false,
    "isReplaceable": false,
    "colorOnMap": "DEFAULT",
    "creativePickItem": {
      "value": ""
    },
    "flammability": 0,
    "fireSpreadSpeed": 0,
    "isLadder": false,
    "slipperiness": 0.6,
    "reactionToPushing": "NORMAL",
    "isNotColidable": false,
    "soundOnStep": {
      "value": "METAL"
    },
    "luminance": 0.3,
    "unbreakable": false,
    "breakHarvestLevel": 1,
    "spawnParticles": false,
    "particleToSpawn": {
      "value": "EXPLOSION_NORMAL"
    },
    "particleSpawningShape": "Spread",
    "particleSpawningRadious": 0.5,
    "particleAmount": 4,
    "particleSpawningCondition": "ALWAYS",
    "hasInventory": false,
    "guiBoundTo": "<NONE>",
    "openGUIOnRightClick": false,
    "inventorySize": 9,
    "inventoryStackSize": 64,
    "inventoryDropWhenDestroyed": true,
    "inventoryComparatorPower": true,
    "inventoryOutSlotIDs": [],
    "spawnWorldTypes": [],
    "restrictionBiomes": [],
    "blocksToReplace": [],
    "frequencyPerChunks": 10,
    "frequencyOnChunk": 16,
    "minGenerateHeight": 0,
    "maxGenerateHeight": 64
  }
}