{
  "credit": "Made with Blockbench",
  "texture_size": [
    64,
    64
  ],
  "elements": [
    {
      "from": [
        5,
        2,
        4
      ],
      "to": [
        12,
        5,
        13
      ],
      "rotation": {
        "angle": 0,
        "axis": "y",
        "origin": [
          7.5,
          2,
          0
        ]
      },
      "faces": {
        "north": {
          "uv": [
            2.5,
            5.25,
            4.5,
            6.25
          ],
          "texture": "#1"
        },
        "east": {
          "uv": [
            0,
            5.25,
            2.5,
            6.25
          ],
          "texture": "#1"
        },
        "south": {
          "uv": [
            7,
            5.25,
            9,
            6.25
          ],
          "texture": "#1"
        },
        "west": {
          "uv": [
            4.5,
            5.25,
            7,
            6.25
          ],
          "texture": "#1"
        },
        "up": {
          "uv": [
            4.5,
            5.25,
            2.5,
            2.75
          ],
          "texture": "#1"
        },
        "down": {
          "uv": [
            6.5,
            2.75,
            4.5,
            5.25
          ],
          "texture": "#1"
        }
      }
    },
    {
      "from": [
        9,
        2,
        4
      ],
      "to": [
        9,
        6,
        12
      ],
      "rotation": {
        "angle": 0,
        "axis": "y",
        "origin": [
          7.5,
          2,
          0
        ]
      },
      "faces": {
        "north": {
          "uv": [
            2.75,
            6.5,
            2.75,
            7.75
          ],
          "texture": "#1"
        },
        "east": {
          "uv": [
            0.5,
            6.5,
            2.75,
            7.75
          ],
          "texture": "#1"
        },
        "south": {
          "uv": [
            5,
            6.5,
            5,
            7.75
          ],
          "texture": "#1"
        },
        "west": {
          "uv": [
            2.75,
            6.5,
            0.5,
            7.75
          ],
          "texture": "#1"
        },
        "up": {
          "uv": [
            2.75,
            6.5,
            2.75,
            4.25
          ],
          "texture": "#1"
        },
        "down": {
          "uv": [
            2.75,
            4.25,
            2.75,
            6.5
          ],
          "texture": "#1"
        }
      }
    },
    {
      "from": [
        11.33463,
        3.84776,
        4.5
      ],
      "to": [
        14.33463,
        3.84776,
        6.5
      ],
      "rotation": {
        "angle": -22.5,
        "axis": "z",
        "origin": [
          11.5,
          1,
          5
        ]
      },
      "faces": {
        "north": {
          "uv": [
            0.5,
            3.25,
            0.5,
            4.5
          ],
          "rotation": 90,
          "texture": "#1"
        },
        "east": {
          "uv": [
            2,
            3.25,
            1.25,
            3.25
          ],
          "texture": "#1"
        },
        "south": {
          "uv": [
            1.25,
            3.25,
            1.25,
            4.5
          ],
          "rotation": 270,
          "texture": "#1"
        },
        "west": {
          "uv": [
            1.25,
            3.25,
            0.5,
            3.25
          ],
          "rotation": 180,
          "texture": "#1"
        },
        "up": {
          "uv": [
            1.25,
            3.25,
            2,
            4.5
          ],
          "rotation": 270,
          "texture": "#1"
        },
        "down": {
          "uv": [
            0.5,
            3.25,
            1.25,
            4.5
          ],
          "rotation": 270,
          "texture": "#1"
        }
      }
    },
    {
      "from": [
        10.73463,
        3.84776,
        11.5
      ],
      "to": [
        14.73463,
        3.84776,
        13.5
      ],
      "rotation": {
        "angle": -22.5,
        "axis": "z",
        "origin": [
          11.5,
          1,
          12
        ]
      },
      "faces": {
        "north": {
          "uv": [
            0.5,
            3.25,
            0.5,
            4.5
          ],
          "rotation": 90,
          "texture": "#1"
        },
        "east": {
          "uv": [
            2,
            3.25,
            1.25,
            3.25
          ],
          "texture": "#1"
        },
        "south": {
          "uv": [
            1.25,
            3.25,
            1.25,
            4.5
          ],
          "rotation": 270,
          "texture": "#1"
        },
        "west": {
          "uv": [
            1.25,
            3.25,
            0.5,
            3.25
          ],
          "rotation": 180,
          "texture": "#1"
        },
        "up": {
          "uv": [
            1.25,
            3.25,
            2,
            4.5
          ],
          "rotation": 270,
          "texture": "#1"
        },
        "down": {
          "uv": [
            0.5,
            3.25,
            1.25,
            4.5
          ],
          "rotation": 270,
          "texture": "#1"
        }
      }
    },
    {
      "from": [
        2.26537,
        3.24776,
        4.5
      ],
      "to": [
        6.26537,
        3.24776,
        6.5
      ],
      "rotation": {
        "angle": 22.5,
        "axis": "z",
        "origin": [
          5.5,
          0,
          5
        ]
      },
      "faces": {
        "north": {
          "uv": [
            0.5,
            3.25,
            0.5,
            4.5
          ],
          "rotation": 270,
          "texture": "#1"
        },
        "east": {
          "uv": [
            1.25,
            3.25,
            0.5,
            3.25
          ],
          "texture": "#1"
        },
        "south": {
          "uv": [
            1.25,
            3.25,
            1.25,
            4.5
          ],
          "rotation": 90,
          "texture": "#1"
        },
        "west": {
          "uv": [
            2,
            3.25,
            1.25,
            3.25
          ],
          "rotation": 180,
          "texture": "#1"
        },
        "up": {
          "uv": [
            0.5,
            3.25,
            1.25,
            4.5
          ],
          "rotation": 90,
          "texture": "#1"
        },
        "down": {
          "uv": [
            1.25,
            3.25,
            2,
            4.5
          ],
          "rotation": 90,
          "texture": "#1"
        }
      }
    },
    {
      "from": [
        2.26537,
        3.34776,
        10.5
      ],
      "to": [
        6.26537,
        3.34776,
        12.5
      ],
      "rotation": {
        "angle": 22.5,
        "axis": "z",
        "origin": [
          5.5,
          0,
          12
        ]
      },
      "faces": {
        "north": {
          "uv": [
            0.5,
            3.25,
            0.5,
            4.5
          ],
          "rotation": 270,
          "texture": "#1"
        },
        "east": {
          "uv": [
            1.25,
            3.25,
            0.5,
            3.25
          ],
          "texture": "#1"
        },
        "south": {
          "uv": [
            1.25,
            3.25,
            1.25,
            4.5
          ],
          "rotation": 90,
          "texture": "#1"
        },
        "west": {
          "uv": [
            2,
            3.25,
            1.25,
            3.25
          ],
          "rotation": 180,
          "texture": "#1"
        },
        "up": {
          "uv": [
            0.5,
            3.25,
            1.25,
            4.5
          ],
          "rotation": 90,
          "texture": "#1"
        },
        "down": {
          "uv": [
            1.25,
            3.25,
            2,
            4.5
          ],
          "rotation": 90,
          "texture": "#1"
        }
      }
    },
    {
      "from": [
        9,
        2,
        12
      ],
      "to": [
        9,
        6,
        23
      ],
      "rotation": {
        "angle": -22.5,
        "axis": "x",
        "origin": [
          9.5,
          4,
          12
        ]
      },
      "faces": {
        "north": {
          "uv": [
            3.5,
            7.75,
            3.5,
            9
          ],
          "texture": "#1"
        },
        "east": {
          "uv": [
            0.5,
            7.75,
            3.5,
            9
          ],
          "texture": "#1"
        },
        "south": {
          "uv": [
            6.5,
            7.75,
            6.5,
            9
          ],
          "texture": "#1"
        },
        "west": {
          "uv": [
            3.5,
            7.75,
            0.5,
            9
          ],
          "texture": "#1"
        },
        "up": {
          "uv": [
            3.5,
            7.75,
            3.5,
            4.75
          ],
          "texture": "#1"
        },
        "down": {
          "uv": [
            3.5,
            4.75,
            3.5,
            7.75
          ],
          "texture": "#1"
        }
      }
    },
    {
      "from": [
        5,
        3,
        0
      ],
      "to": [
        12,
        7,
        4
      ],
      "rotation": {
        "angle": 0,
        "axis": "x",
        "origin": [
          8.5,
          4,
          0
        ]
      },
      "faces": {
        "north": {
          "uv": [
            1.25,
            1.5,
            3.25,
            2.75
          ],
          "texture": "#1"
        },
        "east": {
          "uv": [
            0,
            1.5,
            1.25,
            2.75
          ],
          "texture": "#1"
        },
        "south": {
          "uv": [
            4.5,
            1.5,
            6.5,
            2.75
          ],
          "texture": "#1"
        },
        "west": {
          "uv": [
            3.25,
            1.5,
            4.5,
            2.75
          ],
          "texture": "#1"
        },
        "up": {
          "uv": [
            3.25,
            1.5,
            1.25,
            0.25
          ],
          "texture": "#1"
        },
        "down": {
          "uv": [
            5.25,
            0.25,
            3.25,
            1.5
          ],
          "texture": "#1"
        }
      }
    },
    {
      "from": [
        3.2,
        3,
        2
      ],
      "to": [
        5.2,
        9,
        2
      ],
      "rotation": {
        "angle": 0,
        "axis": "z",
        "origin": [
          7.5,
          2,
          0
        ]
      },
      "faces": {
        "north": {
          "uv": [
            2.75,
            10,
            3.5,
            11.75
          ],
          "texture": "#1"
        },
        "east": {
          "uv": [
            2.75,
            10,
            2.75,
            11.75
          ],
          "texture": "#1"
        },
        "south": {
          "uv": [
            3.5,
            10,
            4.25,
            11.75
          ],
          "texture": "#1"
        },
        "west": {
          "uv": [
            3.5,
            10,
            3.5,
            11.75
          ],
          "texture": "#1"
        },
        "up": {
          "uv": [
            3.5,
            10,
            2.75,
            10
          ],
          "texture": "#1"
        },
        "down": {
          "uv": [
            4.25,
            10,
            3.5,
            10
          ],
          "texture": "#1"
        }
      }
    },
    {
      "from": [
        12,
        3,
        2
      ],
      "to": [
        14,
        9,
        2
      ],
      "rotation": {
        "angle": 0,
        "axis": "z",
        "origin": [
          7.5,
          2,
          0
        ]
      },
      "faces": {
        "north": {
          "uv": [
            0,
            10,
            0.75,
            11.75
          ],
          "texture": "#1"
        },
        "east": {
          "uv": [
            0,
            10,
            0,
            11.75
          ],
          "texture": "#1"
        },
        "south": {
          "uv": [
            0.75,
            10,
            1.5,
            11.75
          ],
          "texture": "#1"
        },
        "west": {
          "uv": [
            0.75,
            10,
            0.75,
            11.75
          ],
          "texture": "#1"
        },
        "up": {
          "uv": [
            0.75,
            10,
            0,
            10
          ],
          "texture": "#1"
        },
        "down": {
          "uv": [
            1.5,
            10,
            0.75,
            10
          ],
          "texture": "#1"
        }
      }
    },
    {
      "from": [
        5,
        7,
        2
      ],
      "to": [
        12,
        9,
        2
      ],
      "rotation": {
        "angle": 0,
        "axis": "z",
        "origin": [
          7.5,
          2,
          0
        ]
      },
      "faces": {
        "north": {
          "uv": [
            0.75,
            9.25,
            2.75,
            10
          ],
          "texture": "#1"
        },
        "east": {
          "uv": [
            0.75,
            9.25,
            0.75,
            10
          ],
          "texture": "#1"
        },
        "south": {
          "uv": [
            2.75,
            9.25,
            4.75,
            10
          ],
          "texture": "#1"
        },
        "west": {
          "uv": [
            2.75,
            9.25,
            2.75,
            10
          ],
          "texture": "#1"
        },
        "up": {
          "uv": [
            2.75,
            9.25,
            0.75,
            9.25
          ],
          "texture": "#1"
        },
        "down": {
          "uv": [
            4.75,
            9.25,
            2.75,
            9.25
          ],
          "texture": "#1"
        }
      }
    },
    {
      "from": [
        0,
        0,
        0
      ],
      "to": [
        16,
        1,
        16
      ],
      "faces": {
        "north": {
          "uv": [
            12,
            4,
            16,
            4.5
          ],
          "texture": "#1"
        },
        "east": {
          "uv": [
            12,
            4,
            16,
            4.5
          ],
          "texture": "#1"
        },
        "south": {
          "uv": [
            12,
            4,
            16,
            4.5
          ],
          "texture": "#1"
        },
        "west": {
          "uv": [
            12,
            4,
            16,
            4.5
          ],
          "texture": "#1"
        },
        "up": {
          "uv": [
            12,
            4,
            16,
            8
          ],
          "texture": "#1"
        },
        "down": {
          "uv": [
            12,
            4,
            16,
            8
          ],
          "texture": "#1"
        }
      }
    },
    {
      "from": [
        1,
        2,
        1
      ],
      "to": [
        15,
        3,
        15
      ],
      "faces": {
        "north": {
          "uv": [
            12,
            0,
            16,
            3.75
          ],
          "texture": "#1"
        },
        "east": {
          "uv": [
            12,
            0,
            16,
            3.75
          ],
          "texture": "#1"
        },
        "south": {
          "uv": [
            12,
            0,
            16,
            3.75
          ],
          "texture": "#1"
        },
        "west": {
          "uv": [
            12,
            0,
            16,
            3.75
          ],
          "texture": "#1"
        },
        "up": {
          "uv": [
            12,
            0,
            16,
            3.75
          ],
          "texture": "#1"
        },
        "down": {
          "uv": [
            12,
            0,
            16,
            3.75
          ],
          "texture": "#1"
        }
      }
    },
    {
      "from": [
        0,
        1,
        0
      ],
      "to": [
        1,
        3,
        16
      ],
      "faces": {
        "north": {
          "uv": [
            15.5,
            7.25,
            16,
            8
          ],
          "texture": "#1"
        },
        "east": {
          "uv": [
            12,
            7.25,
            16,
            8
          ],
          "texture": "#1"
        },
        "south": {
          "uv": [
            15.5,
            7.25,
            16,
            8
          ],
          "texture": "#1"
        },
        "west": {
          "uv": [
            12,
            7.25,
            16,
            8
          ],
          "texture": "#1"
        },
        "up": {
          "uv": [
            15.5,
            4,
            16,
            8
          ],
          "texture": "#1"
        },
        "down": {
          "uv": [
            12,
            7.25,
            16,
            8
          ],
          "texture": "#1"
        }
      }
    },
    {
      "from": [
        15,
        1,
        0
      ],
      "to": [
        16,
        3,
        16
      ],
      "faces": {
        "north": {
          "uv": [
            15.5,
            7,
            16,
            8
          ],
          "texture": "#1"
        },
        "east": {
          "uv": [
            12,
            7.25,
            16,
            8
          ],
          "texture": "#1"
        },
        "south": {
          "uv": [
            15.5,
            7,
            16,
            8
          ],
          "texture": "#1"
        },
        "west": {
          "uv": [
            15.5,
            7,
            16,
            8
          ],
          "texture": "#1"
        },
        "up": {
          "uv": [
            15.5,
            4,
            16,
            8
          ],
          "texture": "#1"
        },
        "down": {
          "uv": [
            15.5,
            7,
            16,
            8
          ],
          "texture": "#1"
        }
      }
    },
    {
      "from": [
        1,
        1,
        15
      ],
      "to": [
        15,
        3,
        16
      ],
      "faces": {
        "north": {
          "uv": [
            12,
            7.25,
            16,
            8
          ],
          "texture": "#1"
        },
        "east": {
          "uv": [
            12,
            7.25,
            16,
            8
          ],
          "texture": "#1"
        },
        "south": {
          "uv": [
            12,
            7.25,
            16,
            8
          ],
          "texture": "#1"
        },
        "west": {
          "uv": [
            12,
            7.25,
            16,
            8
          ],
          "texture": "#1"
        },
        "up": {
          "uv": [
            12,
            7.5,
            16,
            8
          ],
          "texture": "#1"
        },
        "down": {
          "uv": [
            12,
            7.25,
            16,
            8
          ],
          "texture": "#1"
        }
      }
    },
    {
      "from": [
        1,
        1,
        0
      ],
      "to": [
        15,
        3,
        1
      ],
      "faces": {
        "north": {
          "uv": [
            12,
            7.25,
            16,
            8
          ],
          "texture": "#1"
        },
        "east": {
          "uv": [
            12,
            7.25,
            16,
            8
          ],
          "texture": "#1"
        },
        "south": {
          "uv": [
            12,
            7.25,
            16,
            8
          ],
          "texture": "#1"
        },
        "west": {
          "uv": [
            12,
            7.25,
            16,
            8
          ],
          "texture": "#1"
        },
        "up": {
          "uv": [
            12,
            7.5,
            16,
            8
          ],
          "texture": "#1"
        },
        "down": {
          "uv": [
            12,
            7.25,
            16,
            8
          ],
          "texture": "#1"
        }
      }
    }
  ],
  "display": {
    "thirdperson_righthand": {
      "rotation": [
        50,
        0,
        0
      ],
      "translation": [
        0,
        2.5,
        0
      ],
      "scale": [
        0.33,
        0.33,
        0.33
      ]
    },
    "thirdperson_lefthand": {
      "rotation": [
        50,
        0,
        0
      ],
      "scale": [
        0.33,
        0.33,
        0.33
      ]
    },
    "firstperson_righthand": {
      "rotation": [
        0,
        139,
        0
      ],
      "translation": [
        0,
        5.5,
        0.75
      ],
      "scale": [
        0.5,
        0.5,
        0.5
      ]
    },
    "firstperson_lefthand": {
      "rotation": [
        0,
        139,
        0
      ],
      "translation": [
        0,
        5.5,
        0.75
      ],
      "scale": [
        0.5,
        0.5,
        0.5
      ]
    },
    "ground": {
      "translation": [
        0,
        3.75,
        0
      ]
    },
    "head": {
      "translation": [
        0,
        14.5,
        0
      ]
    },
    "fixed": {
      "translation": [
        0,
        0,
        -7.75
      ]
    }
  },
  "groups": [
    {
      "name": "axolotl",
      "origin": [
        8,
        8,
        8
      ],
      "color": 0,
      "children": [
        {
          "name": "axolotl",
          "origin": [
            8,
            8,
            8
          ],
          "color": 0,
          "children": [
            {
              "name": "root",
              "origin": [
                0,
                -4,
                0
              ],
              "color": 0,
              "children": [
                {
                  "name": "body",
                  "origin": [
                    0,
                    3,
                    4
                  ],
                  "color": 1,
                  "children": [
                    0,
                    1,
                    {
                      "name": "right_arm",
                      "origin": [
                        4,
                        1,
                        -4
                      ],
                      "rotation": [
                        0,
                        90,
                        0
                      ],
                      "color": 2,
                      "children": [
                        2
                      ]
                    },
                    {
                      "name": "right_leg",
                      "origin": [
                        4,
                        1,
                        4
                      ],
                      "rotation": [
                        0,
                        -90,
                        0
                      ],
                      "color": 3,
                      "children": [
                        3
                      ]
                    },
                    {
                      "name": "left_arm",
                      "origin": [
                        -4,
                        1,
                        -4
                      ],
                      "rotation": [
                        0,
                        -90,
                        0
                      ],
                      "color": 4,
                      "children": [
                        4
                      ]
                    },
                    {
                      "name": "left_leg",
                      "origin": [
                        -4,
                        1,
                        4
                      ],
                      "rotation": [
                        0,
                        90,
                        0
                      ],
                      "color": 5,
                      "children": [
                        5
                      ]
                    },
                    {
                      "name": "tail",
                      "origin": [
                        0,
                        2,
                        4
                      ],
                      "color": 6,
                      "children": [
                        6
                      ]
                    },
                    {
                      "name": "head",
                      "origin": [
                        0,
                        2,
                        -5
                      ],
                      "color": 7,
                      "reset": true,
                      "children": [
                        7,
                        {
                          "name": "left_gills",
                          "origin": [
                            -4,
                            2,
                            -6
                          ],
                          "color": 8,
                          "children": [
                            8
                          ]
                        },
                        {
                          "name": "right_gills",
                          "origin": [
                            4,
                            2,
                            -6
                          ],
                          "color": 9,
                          "children": [
                            9
                          ]
                        },
                        {
                          "name": "top_gills",
                          "origin": [
                            0,
                            5,
                            -6
                          ],
                          "color": 0,
                          "children": [
                            10
                          ]
                        }
                      ]
                    }
                  ]
                }
              ]
            }
          ]
        },
        {
          "name": "2",
          "origin": [
            8,
            8,
            8
          ],
          "color": 0,
          "children": [
            11,
            12,
            13,
            14,
            15,
            16
          ]
        }
      ]
    }
  ]
}