{
  "credit": "P13D_original",
  "parent": "bee",
  "texture_size": [
    64,
    64
  ],
  "elements": [
    {
      "from": [
        7,
        10,
        3
      ],
      "to": [
        10,
        13,
        7
      ],
      "rotation": {
        "angle": 0,
        "axis": "y",
        "origin": [
          7,
          6,
          6
        ]
      },
      "faces": {
        "north": {
          "uv": [
            2.5,
            10.5,
            4.25,
            12.25
          ],
          "texture": "#1"
        },
        "east": {
          "uv": [
            0,
            10.5,
            2.5,
            12.25
          ],
          "texture": "#1"
        },
        "south": {
          "uv": [
            6.75,
            10.5,
            8.5,
            12.25
          ],
          "texture": "#1"
        },
        "west": {
          "uv": [
            4.25,
            10.5,
            6.75,
            12.25
          ],
          "texture": "#1"
        },
        "up": {
          "uv": [
            4.25,
            10.5,
            2.5,
            8
          ],
          "texture": "#1"
        },
        "down": {
          "uv": [
            6,
            8,
            4.25,
            10.5
          ],
          "texture": "#1"
        }
      }
    },
    {
      "from": [
        9.5,
        12,
        1
      ],
      "to": [
        9.5,
        13,
        3
      ],
      "rotation": {
        "angle": 0,
        "axis": "y",
        "origin": [
          7,
          6,
          6
        ]
      },
      "faces": {
        "north": {
          "uv": [
            1.25,
            8.75,
            1.5,
            9.25
          ],
          "texture": "#1"
        },
        "east": {
          "uv": [
            0.5,
            8.75,
            1.25,
            9.25
          ],
          "texture": "#1"
        },
        "south": {
          "uv": [
            2.25,
            8.75,
            2.5,
            9.25
          ],
          "texture": "#1"
        },
        "west": {
          "uv": [
            1.25,
            8.75,
            0.5,
            9.25
          ],
          "texture": "#1"
        },
        "up": {
          "uv": [
            1.5,
            8.75,
            1.25,
            8
          ],
          "texture": "#1"
        },
        "down": {
          "uv": [
            1.75,
            8,
            1.5,
            8.75
          ],
          "texture": "#1"
        }
      }
    },
    {
      "from": [
        7.6,
        12,
        1
      ],
      "to": [
        7.6,
        13,
        3
      ],
      "rotation": {
        "angle": 0,
        "axis": "y",
        "origin": [
          7,
          6,
          6
        ]
      },
      "faces": {
        "north": {
          "uv": [
            1.25,
            9.5,
            1.5,
            10
          ],
          "texture": "#1"
        },
        "east": {
          "uv": [
            2.25,
            9.5,
            1.5,
            10
          ],
          "texture": "#1"
        },
        "south": {
          "uv": [
            2.25,
            9.5,
            2.5,
            10
          ],
          "texture": "#1"
        },
        "west": {
          "uv": [
            1.5,
            9.5,
            2.25,
            10
          ],
          "texture": "#1"
        },
        "up": {
          "uv": [
            1.5,
            9.5,
            1.25,
            8.75
          ],
          "texture": "#1"
        },
        "down": {
          "uv": [
            1.75,
            8.75,
            1.5,
            9.5
          ],
          "texture": "#1"
        }
      }
    },
    {
      "from": [
        8.5,
        11,
        7
      ],
      "to": [
        8.5,
        12,
        8
      ],
      "rotation": {
        "angle": 0,
        "axis": "y",
        "origin": [
          7,
          6,
          6
        ]
      },
      "faces": {
        "north": {
          "uv": [
            7,
            10.25,
            7,
            10.5
          ],
          "texture": "#1"
        },
        "east": {
          "uv": [
            6.5,
            10.25,
            7,
            10.5
          ],
          "texture": "#1"
        },
        "south": {
          "uv": [
            7.5,
            10.25,
            7.5,
            10.5
          ],
          "texture": "#1"
        },
        "west": {
          "uv": [
            6.5,
            10.25,
            7,
            10.5
          ],
          "texture": "#1"
        },
        "up": {
          "uv": [
            7,
            10.25,
            7,
            9.75
          ],
          "texture": "#1"
        },
        "down": {
          "uv": [
            7,
            9.75,
            7,
            10.25
          ],
          "texture": "#1"
        }
      }
    },
    {
      "from": [
        11.26326,
        9.36449,
        3
      ],
      "to": [
        19.26326,
        9.36449,
        8
      ],
      "rotation": {
        "angle": 22.5,
        "axis": "z",
        "origin": [
          2,
          7,
          -2
        ]
      },
      "faces": {
        "north": {
          "uv": [
            1.5,
            14,
            3.75,
            14
          ],
          "texture": "#1"
        },
        "east": {
          "uv": [
            0,
            14,
            1.5,
            14
          ],
          "texture": "#1"
        },
        "south": {
          "uv": [
            5.25,
            14,
            7.5,
            14
          ],
          "texture": "#1"
        },
        "west": {
          "uv": [
            3.75,
            14,
            5.25,
            14
          ],
          "texture": "#1"
        },
        "up": {
          "uv": [
            3.75,
            14,
            1.5,
            12.5
          ],
          "texture": "#1"
        },
        "down": {
          "uv": [
            6,
            12.5,
            3.75,
            14
          ],
          "texture": "#1"
        }
      }
    },
    {
      "from": [
        -3.32894,
        15.22206,
        3
      ],
      "to": [
        4.67106,
        15.22206,
        8
      ],
      "rotation": {
        "angle": -22.5,
        "axis": "z",
        "origin": [
          0,
          6,
          -1
        ]
      },
      "faces": {
        "north": {
          "uv": [
            3.75,
            15.5,
            6,
            15.5
          ],
          "texture": "#1"
        },
        "east": {
          "uv": [
            2.25,
            15.5,
            3.75,
            15.5
          ],
          "texture": "#1"
        },
        "south": {
          "uv": [
            7.5,
            15.5,
            9.75,
            15.5
          ],
          "texture": "#1"
        },
        "west": {
          "uv": [
            6,
            15.5,
            7.5,
            15.5
          ],
          "texture": "#1"
        },
        "up": {
          "uv": [
            6,
            15.5,
            3.75,
            14
          ],
          "texture": "#1"
        },
        "down": {
          "uv": [
            8.25,
            14,
            6,
            15.5
          ],
          "texture": "#1"
        }
      }
    },
    {
      "from": [
        7,
        9,
        4
      ],
      "to": [
        10,
        10,
        4
      ],
      "rotation": {
        "angle": 0,
        "axis": "y",
        "origin": [
          7,
          6,
          6
        ]
      },
      "faces": {
        "north": {
          "uv": [
            6.5,
            8.25,
            8.25,
            8.75
          ],
          "texture": "#1"
        },
        "east": {
          "uv": [
            6.5,
            8.25,
            6.5,
            8.75
          ],
          "texture": "#1"
        },
        "south": {
          "uv": [
            6.5,
            8.25,
            8.25,
            8.75
          ],
          "texture": "#1"
        },
        "west": {
          "uv": [
            8.25,
            8.25,
            8.25,
            8.75
          ],
          "texture": "#1"
        },
        "up": {
          "uv": [
            8.25,
            8.25,
            6.5,
            8.25
          ],
          "texture": "#1"
        },
        "down": {
          "uv": [
            10,
            8.25,
            8.25,
            8.25
          ],
          "texture": "#1"
        }
      }
    },
    {
      "from": [
        7,
        9,
        5
      ],
      "to": [
        10,
        10,
        5
      ],
      "rotation": {
        "angle": 0,
        "axis": "y",
        "origin": [
          7,
          6,
          6
        ]
      },
      "faces": {
        "north": {
          "uv": [
            6.5,
            8.75,
            8.25,
            9.25
          ],
          "texture": "#1"
        },
        "east": {
          "uv": [
            6.5,
            8.75,
            6.5,
            9.25
          ],
          "texture": "#1"
        },
        "south": {
          "uv": [
            6.5,
            8.75,
            8.25,
            9.25
          ],
          "texture": "#1"
        },
        "west": {
          "uv": [
            8.25,
            8.75,
            8.25,
            9.25
          ],
          "texture": "#1"
        },
        "up": {
          "uv": [
            8.25,
            8.75,
            6.5,
            8.75
          ],
          "texture": "#1"
        },
        "down": {
          "uv": [
            10,
            8.75,
            8.25,
            8.75
          ],
          "texture": "#1"
        }
      }
    },
    {
      "from": [
        7,
        9,
        6
      ],
      "to": [
        10,
        10,
        6
      ],
      "rotation": {
        "angle": 0,
        "axis": "y",
        "origin": [
          7,
          6,
          6
        ]
      },
      "faces": {
        "north": {
          "uv": [
            6.5,
            9.25,
            8.25,
            9.75
          ],
          "texture": "#1"
        },
        "east": {
          "uv": [
            6.5,
            9.25,
            6.5,
            9.75
          ],
          "texture": "#1"
        },
        "south": {
          "uv": [
            6.5,
            9.25,
            8.25,
            9.75
          ],
          "texture": "#1"
        },
        "west": {
          "uv": [
            8.25,
            9.25,
            8.25,
            9.75
          ],
          "texture": "#1"
        },
        "up": {
          "uv": [
            8.25,
            9.25,
            6.5,
            9.25
          ],
          "texture": "#1"
        },
        "down": {
          "uv": [
            10,
            9.25,
            8.25,
            9.25
          ],
          "texture": "#1"
        }
      }
    },
    {
      "from": [
        13,
        3,
        12
      ],
      "to": [
        15,
        5,
        14
      ],
      "rotation": {
        "angle": 0,
        "axis": "y",
        "origin": [
          14,
          5,
          13
        ]
      },
      "faces": {
        "north": {
          "uv": [
            4.25,
            2.5,
            6.75,
            4.25
          ],
          "texture": "#1"
        },
        "east": {
          "uv": [
            2.5,
            2.5,
            4.25,
            4.25
          ],
          "texture": "#1"
        },
        "south": {
          "uv": [
            0,
            2.5,
            2.5,
            4.25
          ],
          "texture": "#1"
        },
        "west": {
          "uv": [
            6.75,
            2.5,
            8.5,
            4.25
          ],
          "texture": "#1"
        },
        "up": {
          "uv": [
            4.25,
            2.5,
            2.5,
            0
          ],
          "rotation": 90,
          "texture": "#1"
        },
        "down": {
          "uv": [
            6,
            0,
            4.25,
            2.5
          ],
          "rotation": 270,
          "texture": "#1"
        }
      }
    },
    {
      "from": [
        15,
        4.5,
        13.5
      ],
      "to": [
        16,
        5,
        13.5
      ],
      "rotation": {
        "angle": 22.5,
        "axis": "y",
        "origin": [
          14,
          5,
          13
        ]
      },
      "faces": {
        "north": {
          "uv": [
            1.25,
            0.75,
            0.5,
            1.25
          ],
          "texture": "#1"
        },
        "east": {
          "uv": [
            1.25,
            0.75,
            1.5,
            1.25
          ],
          "texture": "#1"
        },
        "south": {
          "uv": [
            0.5,
            0.75,
            1.25,
            1.25
          ],
          "texture": "#1"
        },
        "west": {
          "uv": [
            2.25,
            0.75,
            2.5,
            1.25
          ],
          "texture": "#1"
        },
        "up": {
          "uv": [
            1.5,
            0.75,
            1.25,
            0
          ],
          "rotation": 90,
          "texture": "#1"
        },
        "down": {
          "uv": [
            1.75,
            0,
            1.5,
            0.75
          ],
          "rotation": 270,
          "texture": "#1"
        }
      }
    },
    {
      "from": [
        15,
        4.5,
        12.6
      ],
      "to": [
        16,
        5,
        12.6
      ],
      "rotation": {
        "angle": 22.5,
        "axis": "y",
        "origin": [
          14,
          5,
          13
        ]
      },
      "faces": {
        "north": {
          "uv": [
            1.5,
            1.5,
            2.25,
            2
          ],
          "texture": "#1"
        },
        "east": {
          "uv": [
            1.25,
            1.5,
            1.5,
            2
          ],
          "texture": "#1"
        },
        "south": {
          "uv": [
            2.25,
            1.5,
            1.5,
            2
          ],
          "texture": "#1"
        },
        "west": {
          "uv": [
            2.25,
            1.5,
            2.5,
            2
          ],
          "texture": "#1"
        },
        "up": {
          "uv": [
            1.5,
            1.5,
            1.25,
            0.75
          ],
          "rotation": 90,
          "texture": "#1"
        },
        "down": {
          "uv": [
            1.75,
            0.75,
            1.5,
            1.5
          ],
          "rotation": 270,
          "texture": "#1"
        }
      }
    },
    {
      "from": [
        12.5,
        3.7,
        13
      ],
      "to": [
        13,
        4.2,
        13
      ],
      "rotation": {
        "angle": 22.5,
        "axis": "y",
        "origin": [
          14,
          5,
          13
        ]
      },
      "faces": {
        "north": {
          "uv": [
            6.5,
            2.25,
            7,
            2.5
          ],
          "texture": "#1"
        },
        "east": {
          "uv": [
            7,
            2.25,
            7,
            2.5
          ],
          "texture": "#1"
        },
        "south": {
          "uv": [
            6.5,
            2.25,
            7,
            2.5
          ],
          "texture": "#1"
        },
        "west": {
          "uv": [
            7.5,
            2.25,
            7.5,
            2.5
          ],
          "texture": "#1"
        },
        "up": {
          "uv": [
            7,
            2.25,
            7,
            1.75
          ],
          "rotation": 90,
          "texture": "#1"
        },
        "down": {
          "uv": [
            7,
            1.75,
            7,
            2.25
          ],
          "rotation": 270,
          "texture": "#1"
        }
      }
    },
    {
      "from": [
        13,
        4.73996,
        13.80656
      ],
      "to": [
        15,
        4.73996,
        18.80656
      ],
      "rotation": {
        "angle": -22.5,
        "axis": "x",
        "origin": [
          14,
          5,
          13
        ]
      },
      "faces": {
        "north": {
          "uv": [
            3.75,
            6,
            5.25,
            6
          ],
          "texture": "#1"
        },
        "east": {
          "uv": [
            1.5,
            6,
            3.75,
            6
          ],
          "texture": "#1"
        },
        "south": {
          "uv": [
            0,
            6,
            1.5,
            6
          ],
          "texture": "#1"
        },
        "west": {
          "uv": [
            5.25,
            6,
            7.5,
            6
          ],
          "texture": "#1"
        },
        "up": {
          "uv": [
            3.75,
            6,
            1.5,
            4.5
          ],
          "rotation": 90,
          "texture": "#1"
        },
        "down": {
          "uv": [
            6,
            4.5,
            3.75,
            6
          ],
          "rotation": 270,
          "texture": "#1"
        }
      }
    },
    {
      "from": [
        13,
        4.86631,
        7.57612
      ],
      "to": [
        15,
        4.86631,
        12.57612
      ],
      "rotation": {
        "angle": 22.5,
        "axis": "x",
        "origin": [
          14,
          5,
          13
        ]
      },
      "faces": {
        "north": {
          "uv": [
            6,
            7.5,
            7.5,
            7.5
          ],
          "texture": "#1"
        },
        "east": {
          "uv": [
            3.75,
            7.5,
            6,
            7.5
          ],
          "texture": "#1"
        },
        "south": {
          "uv": [
            2.25,
            7.5,
            3.75,
            7.5
          ],
          "texture": "#1"
        },
        "west": {
          "uv": [
            7.5,
            7.5,
            9.75,
            7.5
          ],
          "texture": "#1"
        },
        "up": {
          "uv": [
            6,
            7.5,
            3.75,
            6
          ],
          "rotation": 90,
          "texture": "#1"
        },
        "down": {
          "uv": [
            8.25,
            6,
            6,
            7.5
          ],
          "rotation": 270,
          "texture": "#1"
        }
      }
    },
    {
      "from": [
        14.5,
        2.5,
        12
      ],
      "to": [
        14.5,
        3,
        14
      ],
      "rotation": {
        "angle": 22.5,
        "axis": "y",
        "origin": [
          14,
          5,
          13
        ]
      },
      "faces": {
        "north": {
          "uv": [
            8.25,
            0.25,
            8.25,
            0.75
          ],
          "texture": "#1"
        },
        "east": {
          "uv": [
            6.5,
            0.25,
            8.25,
            0.75
          ],
          "texture": "#1"
        },
        "south": {
          "uv": [
            6.5,
            0.25,
            6.5,
            0.75
          ],
          "texture": "#1"
        },
        "west": {
          "uv": [
            6.5,
            0.25,
            8.25,
            0.75
          ],
          "texture": "#1"
        },
        "up": {
          "uv": [
            8.25,
            0.25,
            6.5,
            0.25
          ],
          "rotation": 90,
          "texture": "#1"
        },
        "down": {
          "uv": [
            10,
            0.25,
            8.25,
            0.25
          ],
          "rotation": 270,
          "texture": "#1"
        }
      }
    },
    {
      "from": [
        14,
        2.5,
        12
      ],
      "to": [
        14,
        3,
        14
      ],
      "rotation": {
        "angle": 22.5,
        "axis": "y",
        "origin": [
          14,
          5,
          13
        ]
      },
      "faces": {
        "north": {
          "uv": [
            8.25,
            0.75,
            8.25,
            1.25
          ],
          "texture": "#1"
        },
        "east": {
          "uv": [
            6.5,
            0.75,
            8.25,
            1.25
          ],
          "texture": "#1"
        },
        "south": {
          "uv": [
            6.5,
            0.75,
            6.5,
            1.25
          ],
          "texture": "#1"
        },
        "west": {
          "uv": [
            6.5,
            0.75,
            8.25,
            1.25
          ],
          "texture": "#1"
        },
        "up": {
          "uv": [
            8.25,
            0.75,
            6.5,
            0.75
          ],
          "rotation": 90,
          "texture": "#1"
        },
        "down": {
          "uv": [
            10,
            0.75,
            8.25,
            0.75
          ],
          "rotation": 270,
          "texture": "#1"
        }
      }
    },
    {
      "from": [
        13.5,
        2.5,
        12
      ],
      "to": [
        13.5,
        3,
        14
      ],
      "rotation": {
        "angle": 22.5,
        "axis": "y",
        "origin": [
          14,
          5,
          13
        ]
      },
      "faces": {
        "north": {
          "uv": [
            8.25,
            1.25,
            8.25,
            1.75
          ],
          "texture": "#1"
        },
        "east": {
          "uv": [
            6.5,
            1.25,
            8.25,
            1.75
          ],
          "texture": "#1"
        },
        "south": {
          "uv": [
            6.5,
            1.25,
            6.5,
            1.75
          ],
          "texture": "#1"
        },
        "west": {
          "uv": [
            6.5,
            1.25,
            8.25,
            1.75
          ],
          "texture": "#1"
        },
        "up": {
          "uv": [
            8.25,
            1.25,
            6.5,
            1.25
          ],
          "rotation": 90,
          "texture": "#1"
        },
        "down": {
          "uv": [
            10,
            1.25,
            8.25,
            1.25
          ],
          "rotation": 270,
          "texture": "#1"
        }
      }
    },
    {
      "from": [
        4,
        0,
        5
      ],
      "to": [
        12,
        8,
        13
      ],
      "rotation": {
        "angle": 0,
        "axis": "y",
        "origin": [
          1,
          7,
          0
        ]
      },
      "faces": {
        "north": {
          "uv": [
            8.5,
            0.25,
            12.5,
            4.25
          ],
          "texture": "#1"
        },
        "east": {
          "uv": [
            8.5,
            4.25,
            12.5,
            8.25
          ],
          "texture": "#1"
        },
        "south": {
          "uv": [
            8.5,
            0.25,
            12.5,
            4.25
          ],
          "texture": "#1"
        },
        "west": {
          "uv": [
            8.5,
            4.25,
            12.5,
            8.25
          ],
          "texture": "#1"
        },
        "up": {
          "uv": [
            8.5,
            8.25,
            12.5,
            12.25
          ],
          "texture": "#1"
        },
        "down": {
          "uv": [
            8.5,
            8.25,
            12.5,
            12.25
          ],
          "texture": "#1"
        }
      }
    }
  ],
  "display": {
    "thirdperson_righthand": {
      "rotation": [
        9.59,
        43.97,
        -23.55
      ],
      "translation": [
        0,
        2.25,
        0
      ],
      "scale": [
        0.33,
        0.33,
        0.33
      ]
    },
    "thirdperson_lefthand": {
      "translation": [
        0,
        2,
        0
      ],
      "scale": [
        0.33,
        0.33,
        0.33
      ]
    },
    "firstperson_righthand": {
      "rotation": [
        0,
        137,
        0
      ],
      "translation": [
        2.25,
        2.75,
        0
      ]
    },
    "firstperson_lefthand": {
      "rotation": [
        0,
        120,
        0
      ],
      "translation": [
        3,
        1.25,
        0
      ]
    },
    "ground": {
      "translation": [
        0,
        4.75,
        0
      ]
    },
    "gui": {
      "rotation": [
        0,
        -134,
        -17
      ],
      "translation": [
        1.75,
        -13,
        0
      ]
    },
    "head": {
      "translation": [
        0,
        14,
        -1.75
      ]
    },
    "fixed": {
      "rotation": [
        0,
        26,
        0
      ],
      "translation": [
        0,
        0,
        -5.25
      ]
    }
  },
  "groups": [
    {
      "name": "bee",
      "origin": [
        8,
        8,
        8
      ],
      "color": 0,
      "children": [
        {
          "name": "1",
          "origin": [
            8,
            8,
            8
          ],
          "color": 0,
          "children": [
            {
              "name": "bee",
              "origin": [
                8,
                8,
                8
              ],
              "color": 0,
              "children": [
                {
                  "name": "body",
                  "origin": [
                    -0.5,
                    5,
                    0
                  ],
                  "color": 0,
                  "children": [
                    0,
                    1,
                    2,
                    {
                      "name": "stinger",
                      "origin": [
                        -0.5,
                        6,
                        1
                      ],
                      "color": 1,
                      "children": [
                        3
                      ]
                    },
                    {
                      "name": "rightwing_bone",
                      "origin": [
                        1,
                        9,
                        -3
                      ],
                      "rotation": [
                        -15,
                        15,
                        0
                      ],
                      "color": 2,
                      "children": [
                        4
                      ]
                    },
                    {
                      "name": "leftwing_bone",
                      "origin": [
                        -2,
                        9,
                        -3
                      ],
                      "rotation": [
                        -15,
                        -15,
                        0
                      ],
                      "color": 3,
                      "children": [
                        5
                      ]
                    },
                    {
                      "name": "leg_front",
                      "origin": [
                        -2,
                        2,
                        -2
                      ],
                      "color": 4,
                      "children": [
                        6
                      ]
                    },
                    {
                      "name": "leg_mid",
                      "origin": [
                        -2,
                        2,
                        0
                      ],
                      "color": 5,
                      "children": [
                        7
                      ]
                    },
                    {
                      "name": "leg_back",
                      "origin": [
                        -2,
                        2,
                        2
                      ],
                      "color": 6,
                      "children": [
                        8
                      ]
                    }
                  ]
                }
              ]
            },
            {
              "name": "bee",
              "origin": [
                8,
                8,
                8
              ],
              "color": 0,
              "children": [
                {
                  "name": "body",
                  "origin": [
                    -0.5,
                    5,
                    0
                  ],
                  "color": 0,
                  "children": [
                    9,
                    10,
                    11,
                    {
                      "name": "stinger",
                      "origin": [
                        -0.5,
                        6,
                        1
                      ],
                      "color": 1,
                      "children": [
                        12
                      ]
                    },
                    {
                      "name": "rightwing_bone",
                      "origin": [
                        1,
                        9,
                        -3
                      ],
                      "rotation": [
                        -15,
                        15,
                        0
                      ],
                      "color": 2,
                      "children": [
                        13
                      ]
                    },
                    {
                      "name": "leftwing_bone",
                      "origin": [
                        -2,
                        9,
                        -3
                      ],
                      "rotation": [
                        -15,
                        -15,
                        0
                      ],
                      "color": 3,
                      "children": [
                        14
                      ]
                    },
                    {
                      "name": "leg_front",
                      "origin": [
                        -2,
                        2,
                        -2
                      ],
                      "color": 4,
                      "children": [
                        15
                      ]
                    },
                    {
                      "name": "leg_mid",
                      "origin": [
                        -2,
                        2,
                        0
                      ],
                      "color": 5,
                      "children": [
                        16
                      ]
                    },
                    {
                      "name": "leg_back",
                      "origin": [
                        -2,
                        2,
                        2
                      ],
                      "color": 6,
                      "children": [
                        17
                      ]
                    }
                  ]
                }
              ]
            }
          ]
        },
        {
          "name": "2",
          "origin": [
            8,
            8,
            8
          ],
          "color": 0,
          "children": [
            18
          ]
        }
      ]
    }
  ]
}