{
  "credit": "P13D_original",
  "texture_size": [
    64,
    64
  ],
  "elements": [
    {
      "from": [
        5,
        10,
        5
      ],
      "to": [
        11,
        16,
        11
      ],
      "shade": false,
      "rotation": {
        "angle": 0,
        "axis": "y",
        "origin": [
          0,
          4,
          0
        ]
      },
      "faces": {
        "north": {
          "uv": [
            2,
            2,
            4,
            4
          ],
          "texture": "#0"
        },
        "east": {
          "uv": [
            0,
            2,
            2,
            4
          ],
          "texture": "#0"
        },
        "south": {
          "uv": [
            6,
            2,
            8,
            4
          ],
          "texture": "#0"
        },
        "west": {
          "uv": [
            4,
            2,
            6,
            4
          ],
          "texture": "#0"
        },
        "up": {
          "uv": [
            4,
            2,
            2,
            0
          ],
          "texture": "#0"
        },
        "down": {
          "uv": [
            6,
            0,
            4,
            2
          ],
          "texture": "#0"
        }
      }
    },
    {
      "from": [
        6,
        4,
        7
      ],
      "to": [
        10,
        10,
        9
      ],
      "shade": false,
      "rotation": {
        "angle": 0,
        "axis": "y",
        "origin": [
          0,
          4,
          0
        ]
      },
      "faces": {
        "north": {
          "uv": [
            5,
            5,
            7,
            8
          ],
          "texture": "#0"
        },
        "east": {
          "uv": [
            4,
            5,
            5,
            8
          ],
          "texture": "#0"
        },
        "south": {
          "uv": [
            8,
            5,
            10,
            8
          ],
          "texture": "#0"
        },
        "west": {
          "uv": [
            8,
            5,
            7,
            8
          ],
          "texture": "#0"
        },
        "up": {
          "uv": [
            7,
            5,
            5,
            4
          ],
          "texture": "#0"
        },
        "down": {
          "uv": [
            9,
            4,
            7,
            5
          ],
          "texture": "#0"
        }
      }
    },
    {
      "from": [
        5,
        4,
        9
      ],
      "to": [
        7,
        6,
        12
      ],
      "shade": false,
      "rotation": {
        "angle": -45,
        "axis": "y",
        "origin": [
          6,
          7,
          9
        ]
      },
      "faces": {
        "north": {
          "uv": [
            1,
            4,
            2,
            5
          ],
          "texture": "#0"
        },
        "east": {
          "uv": [
            3,
            6.5,
            2,
            5
          ],
          "rotation": 270,
          "texture": "#0"
        },
        "south": {
          "uv": [
            2,
            4,
            3,
            5
          ],
          "texture": "#0"
        },
        "west": {
          "uv": [
            0,
            5,
            1,
            6.5
          ],
          "rotation": 270,
          "texture": "#0"
        },
        "up": {
          "uv": [
            2,
            5,
            1,
            6.5
          ],
          "texture": "#0"
        },
        "down": {
          "uv": [
            4,
            5,
            3,
            6.5
          ],
          "texture": "#0"
        }
      }
    },
    {
      "from": [
        9,
        4,
        9
      ],
      "to": [
        11,
        6,
        12
      ],
      "shade": false,
      "rotation": {
        "angle": 45,
        "axis": "y",
        "origin": [
          10,
          7,
          9
        ]
      },
      "faces": {
        "north": {
          "uv": [
            1,
            4.025,
            2,
            5.025
          ],
          "texture": "#0"
        },
        "east": {
          "uv": [
            3,
            6.525,
            2,
            5.025
          ],
          "rotation": 270,
          "texture": "#0"
        },
        "south": {
          "uv": [
            2,
            4.025,
            3,
            5.025
          ],
          "texture": "#0"
        },
        "west": {
          "uv": [
            1,
            6.525,
            0,
            5.025
          ],
          "rotation": 90,
          "texture": "#0"
        },
        "up": {
          "uv": [
            2,
            5.025,
            1,
            6.525
          ],
          "texture": "#0"
        },
        "down": {
          "uv": [
            3.75,
            5.025,
            2.75,
            6.525
          ],
          "texture": "#0"
        }
      }
    },
    {
      "from": [
        5,
        4,
        4
      ],
      "to": [
        7,
        6,
        7
      ],
      "shade": false,
      "rotation": {
        "angle": 45,
        "axis": "y",
        "origin": [
          6,
          7,
          7
        ]
      },
      "faces": {
        "north": {
          "uv": [
            2,
            4,
            3,
            5
          ],
          "texture": "#0"
        },
        "east": {
          "uv": [
            0,
            5,
            1,
            6.5
          ],
          "rotation": 270,
          "texture": "#0"
        },
        "south": {
          "uv": [
            1,
            4,
            2,
            5
          ],
          "texture": "#0"
        },
        "west": {
          "uv": [
            2,
            6.5,
            3,
            5
          ],
          "texture": "#0"
        },
        "up": {
          "uv": [
            2,
            6.5,
            1,
            5
          ],
          "texture": "#0"
        },
        "down": {
          "uv": [
            4,
            5,
            3,
            6.5
          ],
          "texture": "#0"
        }
      }
    },
    {
      "from": [
        9,
        4,
        4
      ],
      "to": [
        11,
        6,
        7
      ],
      "shade": false,
      "rotation": {
        "angle": -45,
        "axis": "y",
        "origin": [
          10,
          7,
          7
        ]
      },
      "faces": {
        "north": {
          "uv": [
            2,
            4,
            3,
            5
          ],
          "texture": "#0"
        },
        "east": {
          "uv": [
            0,
            6.5,
            1,
            5
          ],
          "texture": "#0"
        },
        "south": {
          "uv": [
            1,
            4,
            2,
            5
          ],
          "texture": "#0"
        },
        "west": {
          "uv": [
            2,
            6.5,
            3,
            5
          ],
          "texture": "#0"
        },
        "up": {
          "uv": [
            2,
            6.5,
            1,
            5
          ],
          "texture": "#0"
        },
        "down": {
          "uv": [
            4,
            10,
            3,
            13
          ],
          "texture": "#0"
        }
      }
    },
    {
      "from": [
        2,
        0,
        2
      ],
      "to": [
        6,
        4,
        6
      ],
      "faces": {
        "north": {
          "uv": [
            12,
            0,
            16,
            4
          ],
          "texture": "#0"
        },
        "east": {
          "uv": [
            12,
            0,
            16,
            4
          ],
          "texture": "#0"
        },
        "south": {
          "uv": [
            12,
            0,
            16,
            4
          ],
          "texture": "#0"
        },
        "west": {
          "uv": [
            12,
            0,
            16,
            4
          ],
          "texture": "#0"
        },
        "up": {
          "uv": [
            12,
            4,
            16,
            8
          ],
          "texture": "#0"
        },
        "down": {
          "uv": [
            12,
            8,
            16,
            12
          ],
          "texture": "#0"
        }
      }
    },
    {
      "from": [
        6,
        0,
        2
      ],
      "to": [
        10,
        4,
        6
      ],
      "faces": {
        "north": {
          "uv": [
            12,
            0,
            16,
            4
          ],
          "texture": "#0"
        },
        "east": {
          "uv": [
            12,
            0,
            16,
            4
          ],
          "texture": "#0"
        },
        "south": {
          "uv": [
            12,
            0,
            16,
            4
          ],
          "texture": "#0"
        },
        "west": {
          "uv": [
            12,
            0,
            16,
            4
          ],
          "texture": "#0"
        },
        "up": {
          "uv": [
            12,
            4,
            16,
            8
          ],
          "texture": "#0"
        },
        "down": {
          "uv": [
            12,
            8,
            16,
            12
          ],
          "texture": "#0"
        }
      }
    },
    {
      "from": [
        10,
        0,
        2
      ],
      "to": [
        14,
        4,
        6
      ],
      "faces": {
        "north": {
          "uv": [
            12,
            0,
            16,
            4
          ],
          "texture": "#0"
        },
        "east": {
          "uv": [
            12,
            0,
            16,
            4
          ],
          "texture": "#0"
        },
        "south": {
          "uv": [
            12,
            0,
            16,
            4
          ],
          "texture": "#0"
        },
        "west": {
          "uv": [
            12,
            0,
            16,
            4
          ],
          "texture": "#0"
        },
        "up": {
          "uv": [
            12,
            4,
            16,
            8
          ],
          "texture": "#0"
        },
        "down": {
          "uv": [
            12,
            8,
            16,
            12
          ],
          "texture": "#0"
        }
      }
    },
    {
      "from": [
        10,
        0,
        6
      ],
      "to": [
        14,
        4,
        10
      ],
      "faces": {
        "north": {
          "uv": [
            12,
            0,
            16,
            4
          ],
          "texture": "#0"
        },
        "east": {
          "uv": [
            12,
            0,
            16,
            4
          ],
          "texture": "#0"
        },
        "south": {
          "uv": [
            12,
            0,
            16,
            4
          ],
          "texture": "#0"
        },
        "west": {
          "uv": [
            12,
            0,
            16,
            4
          ],
          "texture": "#0"
        },
        "up": {
          "uv": [
            12,
            4,
            16,
            8
          ],
          "texture": "#0"
        },
        "down": {
          "uv": [
            12,
            8,
            16,
            12
          ],
          "texture": "#0"
        }
      }
    },
    {
      "from": [
        2,
        0,
        6
      ],
      "to": [
        6,
        4,
        10
      ],
      "faces": {
        "north": {
          "uv": [
            12,
            0,
            16,
            4
          ],
          "texture": "#0"
        },
        "east": {
          "uv": [
            12,
            0,
            16,
            4
          ],
          "texture": "#0"
        },
        "south": {
          "uv": [
            12,
            0,
            16,
            4
          ],
          "texture": "#0"
        },
        "west": {
          "uv": [
            12,
            0,
            16,
            4
          ],
          "texture": "#0"
        },
        "up": {
          "uv": [
            12,
            4,
            16,
            8
          ],
          "texture": "#0"
        },
        "down": {
          "uv": [
            12,
            8,
            16,
            12
          ],
          "texture": "#0"
        }
      }
    },
    {
      "from": [
        6,
        0,
        6
      ],
      "to": [
        10,
        4,
        10
      ],
      "faces": {
        "north": {
          "uv": [
            12,
            0,
            16,
            4
          ],
          "texture": "#0"
        },
        "east": {
          "uv": [
            12,
            0,
            16,
            4
          ],
          "texture": "#0"
        },
        "south": {
          "uv": [
            12,
            0,
            16,
            4
          ],
          "texture": "#0"
        },
        "west": {
          "uv": [
            12,
            0,
            16,
            4
          ],
          "texture": "#0"
        },
        "up": {
          "uv": [
            12,
            4,
            16,
            8
          ],
          "texture": "#0"
        },
        "down": {
          "uv": [
            12,
            8,
            16,
            12
          ],
          "texture": "#0"
        }
      }
    },
    {
      "from": [
        10,
        0,
        10
      ],
      "to": [
        14,
        4,
        14
      ],
      "faces": {
        "north": {
          "uv": [
            12,
            0,
            16,
            4
          ],
          "texture": "#0"
        },
        "east": {
          "uv": [
            12,
            0,
            16,
            4
          ],
          "texture": "#0"
        },
        "south": {
          "uv": [
            12,
            0,
            16,
            4
          ],
          "texture": "#0"
        },
        "west": {
          "uv": [
            12,
            0,
            16,
            4
          ],
          "texture": "#0"
        },
        "up": {
          "uv": [
            12,
            4,
            16,
            8
          ],
          "texture": "#0"
        },
        "down": {
          "uv": [
            12,
            8,
            16,
            12
          ],
          "texture": "#0"
        }
      }
    },
    {
      "from": [
        2,
        0,
        10
      ],
      "to": [
        6,
        4,
        14
      ],
      "faces": {
        "north": {
          "uv": [
            12,
            0,
            16,
            4
          ],
          "texture": "#0"
        },
        "east": {
          "uv": [
            12,
            0,
            16,
            4
          ],
          "texture": "#0"
        },
        "south": {
          "uv": [
            12,
            0,
            16,
            4
          ],
          "texture": "#0"
        },
        "west": {
          "uv": [
            12,
            0,
            16,
            4
          ],
          "texture": "#0"
        },
        "up": {
          "uv": [
            12,
            4,
            16,
            8
          ],
          "texture": "#0"
        },
        "down": {
          "uv": [
            12,
            8,
            16,
            12
          ],
          "texture": "#0"
        }
      }
    },
    {
      "from": [
        6,
        0,
        10
      ],
      "to": [
        10,
        4,
        14
      ],
      "faces": {
        "north": {
          "uv": [
            12,
            0,
            16,
            4
          ],
          "texture": "#0"
        },
        "east": {
          "uv": [
            12,
            0,
            16,
            4
          ],
          "texture": "#0"
        },
        "south": {
          "uv": [
            12,
            0,
            16,
            4
          ],
          "texture": "#0"
        },
        "west": {
          "uv": [
            12,
            0,
            16,
            4
          ],
          "texture": "#0"
        },
        "up": {
          "uv": [
            12,
            4,
            16,
            8
          ],
          "texture": "#0"
        },
        "down": {
          "uv": [
            12,
            8,
            16,
            12
          ],
          "texture": "#0"
        }
      }
    }
  ],
  "groups": [
    {
      "name": "creeper",
      "origin": [
        8,
        8,
        8
      ],
      "color": 0,
      "children": [
        {
          "name": "head",
          "origin": [
            0,
            18,
            0
          ],
          "color": 0,
          "shade": false,
          "children": [
            0
          ]
        },
        {
          "name": "body",
          "origin": [
            0,
            0,
            0
          ],
          "color": 0,
          "shade": false,
          "children": [
            1
          ]
        },
        {
          "name": "leg0",
          "origin": [
            -2,
            6,
            4
          ],
          "color": 0,
          "shade": false,
          "children": [
            2
          ]
        },
        {
          "name": "leg1",
          "origin": [
            2,
            6,
            4
          ],
          "color": 0,
          "shade": false,
          "children": [
            3
          ]
        },
        {
          "name": "leg2",
          "origin": [
            -2,
            6,
            -4
          ],
          "color": 0,
          "shade": false,
          "children": [
            4
          ]
        },
        {
          "name": "leg3",
          "origin": [
            2,
            6,
            -4
          ],
          "color": 0,
          "shade": false,
          "children": [
            5
          ]
        },
        {
          "name": "base de abajo",
          "origin": [
            0,
            0,
            0
          ],
          "color": 0,
          "children": [
            6,
            7,
            8,
            9,
            10,
            11,
            12,
            13,
            14
          ]
        }
      ]
    }
  ]
}