{
  "credit": "Made by Silentine, with Blockbench",
  "elements": [
    {
      "name": "lefttailfin",
      "from": [
        8,
        0.50889,
        11.49687
      ],
      "to": [
        11,
        1.50889,
        14.49687
      ],
      "rotation": {
        "angle": 22.5,
        "axis": "y",
        "origin": [
          8,
          1,
          12.5
        ]
      },
      "faces": {
        "north": {
          "uv": [
            10.25,
            12.25,
            11,
            12.5
          ],
          "texture": "#0"
        },
        "east": {
          "uv": [
            9.5,
            12.25,
            10.25,
            12.5
          ],
          "texture": "#0"
        },
        "south": {
          "uv": [
            8.75,
            12.25,
            9.5,
            12.5
          ],
          "texture": "#0"
        },
        "west": {
          "uv": [
            8,
            12.25,
            8.75,
            12.5
          ],
          "texture": "#0"
        },
        "up": {
          "uv": [
            9.5,
            11.5,
            8.75,
            12.25
          ],
          "texture": "#0"
        },
        "down": {
          "uv": [
            10.25,
            12.25,
            9.5,
            11.5
          ],
          "texture": "#0"
        }
      }
    },
    {
      "name": "righttailfin",
      "from": [
        5,
        0.50889,
        11.49687
      ],
      "to": [
        8,
        1.50889,
        14.49687
      ],
      "rotation": {
        "angle": -22.5,
        "axis": "y",
        "origin": [
          8,
          1,
          12.5
        ]
      },
      "faces": {
        "north": {
          "uv": [
            10.25,
            12.25,
            11,
            12.5
          ],
          "texture": "#0"
        },
        "east": {
          "uv": [
            9.5,
            12.25,
            10.25,
            12.5
          ],
          "texture": "#0"
        },
        "south": {
          "uv": [
            8.75,
            12.25,
            9.5,
            12.5
          ],
          "texture": "#0"
        },
        "west": {
          "uv": [
            8,
            12.25,
            8.75,
            12.5
          ],
          "texture": "#0"
        },
        "up": {
          "uv": [
            8.75,
            11.5,
            9.5,
            12.25
          ],
          "texture": "#0"
        },
        "down": {
          "uv": [
            9.5,
            12.25,
            10.25,
            11.5
          ],
          "texture": "#0"
        }
      }
    },
    {
      "name": "lowerbody3",
      "from": [
        6.5,
        0.00889,
        9.49687
      ],
      "to": [
        9.5,
        2.00889,
        12.49687
      ],
      "rotation": {
        "angle": 0,
        "axis": "y",
        "origin": [
          8,
          0,
          9.75
        ]
      },
      "faces": {
        "north": {
          "uv": [
            10.25,
            11,
            11,
            11.5
          ],
          "texture": "#0"
        },
        "east": {
          "uv": [
            9.5,
            11,
            10.25,
            11.5
          ],
          "texture": "#0"
        },
        "south": {
          "uv": [
            8.75,
            11,
            9.5,
            11.5
          ],
          "texture": "#0"
        },
        "west": {
          "uv": [
            8,
            11,
            8.75,
            11.5
          ],
          "texture": "#0"
        },
        "up": {
          "uv": [
            8.75,
            10.25,
            9.5,
            11
          ],
          "texture": "#0"
        },
        "down": {
          "uv": [
            9.5,
            10.25,
            10.25,
            11
          ],
          "texture": "#0"
        }
      }
    },
    {
      "name": "lowerbody2",
      "from": [
        6,
        1.2521,
        6.74686
      ],
      "to": [
        10,
        3.7521,
        9.74686
      ],
      "rotation": {
        "angle": 22.5,
        "axis": "x",
        "origin": [
          8,
          1.25,
          6.75
        ]
      },
      "faces": {
        "north": {
          "uv": [
            10.5,
            9.5,
            11.5,
            10.25
          ],
          "texture": "#0"
        },
        "east": {
          "uv": [
            9.75,
            9.5,
            10.5,
            10.25
          ],
          "texture": "#0"
        },
        "south": {
          "uv": [
            8.75,
            9.5,
            9.75,
            10.25
          ],
          "texture": "#0"
        },
        "west": {
          "uv": [
            8,
            9.5,
            8.75,
            10.25
          ],
          "texture": "#0"
        },
        "up": {
          "uv": [
            8.75,
            8.75,
            9.75,
            9.5
          ],
          "texture": "#0"
        },
        "down": {
          "uv": [
            9.75,
            8.75,
            10.75,
            9.5
          ],
          "texture": "#0"
        }
      }
    },
    {
      "name": "lowerbody1",
      "from": [
        5.5,
        0,
        4
      ],
      "to": [
        10.5,
        4,
        7
      ],
      "rotation": {
        "angle": -45,
        "axis": "x",
        "origin": [
          8,
          4,
          4
        ]
      },
      "faces": {
        "north": {
          "uv": [
            2.75,
            5.5,
            4,
            6.5
          ],
          "texture": "#0"
        },
        "east": {
          "uv": [
            2,
            5.5,
            2.75,
            6.5
          ],
          "texture": "#0"
        },
        "south": {
          "uv": [
            0.75,
            5.5,
            2,
            6.5
          ],
          "texture": "#0"
        },
        "west": {
          "uv": [
            0,
            5.5,
            0.75,
            6.5
          ],
          "texture": "#0"
        },
        "down": {
          "uv": [
            2,
            4.75,
            3.25,
            5.5
          ],
          "texture": "#0"
        }
      }
    },
    {
      "name": "body",
      "from": [
        5.5,
        4,
        4
      ],
      "to": [
        10.5,
        8,
        7
      ],
      "faces": {
        "north": {
          "uv": [
            4,
            3.75,
            2.75,
            4.75
          ],
          "texture": "#0"
        },
        "east": {
          "uv": [
            2,
            3.75,
            2.75,
            4.75
          ],
          "texture": "#0"
        },
        "south": {
          "uv": [
            0.75,
            3.75,
            2,
            4.75
          ],
          "texture": "#0"
        },
        "west": {
          "uv": [
            0,
            3.75,
            0.75,
            4.75
          ],
          "texture": "#0"
        },
        "up": {
          "uv": [
            2,
            3,
            0.75,
            3.75
          ],
          "texture": "#0"
        }
      }
    },
    {
      "name": "leftchest",
      "from": [
        8.25,
        5,
        6
      ],
      "to": [
        10.25,
        7,
        8
      ],
      "rotation": {
        "angle": 45,
        "axis": "x",
        "origin": [
          9.5,
          6,
          7
        ]
      },
      "faces": {
        "east": {
          "uv": [
            1,
            7,
            1.5,
            7.5
          ],
          "texture": "#0"
        },
        "south": {
          "uv": [
            0.5,
            7,
            1,
            7.5
          ],
          "texture": "#0"
        },
        "west": {
          "uv": [
            0,
            7,
            0.5,
            7.5
          ],
          "texture": "#0"
        },
        "up": {
          "uv": [
            1,
            6.5,
            0.5,
            7
          ],
          "texture": "#0"
        }
      }
    },
    {
      "name": "head",
      "from": [
        5,
        8,
        2.5
      ],
      "to": [
        11,
        14,
        8.5
      ],
      "faces": {
        "north": {
          "uv": [
            4.5,
            1.5,
            6,
            3
          ],
          "texture": "#0"
        },
        "east": {
          "uv": [
            3,
            1.5,
            4.5,
            3
          ],
          "texture": "#0"
        },
        "south": {
          "uv": [
            1.5,
            1.5,
            3,
            3
          ],
          "texture": "#0"
        },
        "west": {
          "uv": [
            0,
            1.5,
            1.5,
            3
          ],
          "texture": "#0"
        },
        "up": {
          "uv": [
            1.5,
            0,
            3,
            1.5
          ],
          "texture": "#0"
        },
        "down": {
          "uv": [
            3,
            1.5,
            4.5,
            0
          ],
          "texture": "#0"
        }
      }
    },
    {
      "name": "rightfin",
      "from": [
        5,
        9,
        3.5
      ],
      "to": [
        5,
        14,
        8.5
      ],
      "rotation": {
        "angle": 22.5,
        "axis": "y",
        "origin": [
          5.25,
          10.5,
          8.5
        ]
      },
      "faces": {
        "east": {
          "uv": [
            9.25,
            7.5,
            8,
            8.75
          ],
          "texture": "#0"
        },
        "west": {
          "uv": [
            8,
            7.5,
            9.25,
            8.75
          ],
          "texture": "#0"
        }
      }
    },
    {
      "name": "leftfin",
      "from": [
        11,
        9,
        3.5
      ],
      "to": [
        11,
        14,
        8.5
      ],
      "rotation": {
        "angle": -22.5,
        "axis": "y",
        "origin": [
          11,
          10.5,
          8.5
        ]
      },
      "faces": {
        "east": {
          "uv": [
            9.25,
            7.5,
            8,
            8.75
          ],
          "texture": "#0"
        },
        "west": {
          "uv": [
            8,
            7.5,
            9.25,
            8.75
          ],
          "texture": "#0"
        }
      }
    },
    {
      "name": "headaccessory",
      "from": [
        4.5,
        7.5,
        2
      ],
      "to": [
        11.5,
        14.5,
        9
      ],
      "faces": {
        "north": {
          "uv": [
            14.25,
            1.75,
            16,
            3.5
          ],
          "texture": "#0"
        },
        "east": {
          "uv": [
            12.5,
            1.75,
            14.25,
            3.5
          ],
          "texture": "#0"
        },
        "south": {
          "uv": [
            10.75,
            1.75,
            12.5,
            3.5
          ],
          "texture": "#0"
        },
        "west": {
          "uv": [
            9,
            1.75,
            10.75,
            3.5
          ],
          "texture": "#0"
        },
        "up": {
          "uv": [
            10.75,
            0,
            12.5,
            1.75
          ],
          "texture": "#0"
        },
        "down": {
          "uv": [
            12.5,
            1.75,
            14.25,
            0
          ],
          "texture": "#0"
        }
      }
    },
    {
      "name": "hairclip",
      "from": [
        6.5,
        11,
        1.5
      ],
      "to": [
        9.5,
        14,
        2.5
      ],
      "faces": {
        "north": {
          "uv": [
            9.25,
            6.75,
            10,
            7.5
          ],
          "texture": "#0"
        },
        "east": {
          "uv": [
            9,
            6.75,
            9.25,
            7.5
          ],
          "texture": "#0"
        },
        "south": {
          "uv": [
            8.25,
            6.75,
            9,
            7.5
          ],
          "texture": "#0"
        },
        "west": {
          "uv": [
            8,
            6.75,
            8.25,
            7.5
          ],
          "texture": "#0"
        },
        "up": {
          "uv": [
            8.25,
            6.5,
            9,
            6.75
          ],
          "texture": "#0"
        },
        "down": {
          "uv": [
            9,
            6.5,
            9.75,
            6.75
          ],
          "texture": "#0"
        }
      }
    },
    {
      "name": "hair",
      "from": [
        4.5,
        2.5,
        2
      ],
      "to": [
        11.5,
        11.5,
        5
      ],
      "faces": {
        "north": {
          "uv": [
            11.5,
            4.25,
            9.75,
            6.5
          ],
          "texture": "#0"
        },
        "east": {
          "uv": [
            9,
            4.25,
            9.75,
            6.5
          ],
          "texture": "#0"
        },
        "south": {
          "uv": [
            14,
            4.25,
            12.25,
            6.5
          ],
          "texture": "#0"
        },
        "west": {
          "uv": [
            11.5,
            4.25,
            12.25,
            6.5
          ],
          "texture": "#0"
        },
        "down": {
          "uv": [
            13.25,
            3.5,
            11.5,
            4.25
          ],
          "texture": "#0"
        }
      }
    },
    {
      "name": "rightarm",
      "from": [
        10.5,
        1,
        4.5
      ],
      "to": [
        12.5,
        8,
        6.5
      ],
      "rotation": {
        "angle": 22.5,
        "axis": "z",
        "origin": [
          10.5,
          7,
          5.5
        ]
      },
      "faces": {
        "north": {
          "uv": [
            6,
            3.5,
            5.5,
            5.25
          ],
          "texture": "#0"
        },
        "east": {
          "uv": [
            4.5,
            3.5,
            4,
            5.25
          ],
          "texture": "#0"
        },
        "south": {
          "uv": [
            5,
            3.5,
            4.5,
            5.25
          ],
          "texture": "#0"
        },
        "west": {
          "uv": [
            5.5,
            3.5,
            5,
            5.25
          ],
          "texture": "#0"
        },
        "up": {
          "uv": [
            5,
            3,
            4.5,
            3.5
          ],
          "texture": "#0"
        },
        "down": {
          "uv": [
            5.5,
            3.5,
            5,
            3
          ],
          "texture": "#0"
        }
      }
    },
    {
      "name": "leftarm",
      "from": [
        3.5,
        1,
        4.5
      ],
      "to": [
        5.5,
        8,
        6.5
      ],
      "rotation": {
        "angle": -22.5,
        "axis": "z",
        "origin": [
          5.5,
          7,
          5.5
        ]
      },
      "faces": {
        "north": {
          "uv": [
            6,
            3.5,
            5.5,
            5.25
          ],
          "texture": "#0"
        },
        "east": {
          "uv": [
            5.5,
            3.5,
            5,
            5.25
          ],
          "texture": "#0"
        },
        "south": {
          "uv": [
            4.5,
            3.5,
            5,
            5.25
          ],
          "texture": "#0"
        },
        "west": {
          "uv": [
            4.5,
            3.5,
            4,
            5.25
          ],
          "texture": "#0"
        },
        "up": {
          "uv": [
            5,
            3,
            4.5,
            3.5
          ],
          "texture": "#0"
        },
        "down": {
          "uv": [
            5,
            3.5,
            5.5,
            3
          ],
          "texture": "#0"
        }
      }
    },
    {
      "name": "rightarmsleeve",
      "from": [
        10.25,
        0.75,
        4.25
      ],
      "to": [
        12.75,
        8.25,
        6.75
      ],
      "rotation": {
        "angle": 22.5,
        "axis": "z",
        "origin": [
          10.5,
          7,
          5.5
        ]
      },
      "faces": {
        "north": {
          "uv": [
            3,
            8.25,
            2.25,
            10.25
          ],
          "texture": "#0"
        },
        "east": {
          "uv": [
            0.75,
            8.25,
            0,
            10.25
          ],
          "texture": "#0"
        },
        "south": {
          "uv": [
            1.5,
            8.25,
            0.75,
            10.25
          ],
          "texture": "#0"
        },
        "west": {
          "uv": [
            2.25,
            8.25,
            1.5,
            10.25
          ],
          "texture": "#0"
        },
        "up": {
          "uv": [
            1.5,
            7.5,
            0.75,
            8.25
          ],
          "texture": "#0"
        },
        "down": {
          "uv": [
            2.25,
            7.5,
            1.5,
            8.25
          ],
          "texture": "#0"
        }
      }
    },
    {
      "name": "leftarmsleeve",
      "from": [
        3.25,
        0.75,
        4.25
      ],
      "to": [
        5.75,
        8.25,
        6.75
      ],
      "rotation": {
        "angle": -22.5,
        "axis": "z",
        "origin": [
          5.5,
          7,
          5.5
        ]
      },
      "faces": {
        "north": {
          "uv": [
            2.25,
            8.25,
            3,
            10.25
          ],
          "texture": "#0"
        },
        "east": {
          "uv": [
            1.5,
            8.25,
            2.25,
            10.25
          ],
          "texture": "#0"
        },
        "south": {
          "uv": [
            0.75,
            8.25,
            1.5,
            10.25
          ],
          "texture": "#0"
        },
        "west": {
          "uv": [
            0,
            8.25,
            0.75,
            10.25
          ],
          "texture": "#0"
        },
        "up": {
          "uv": [
            0.75,
            7.5,
            1.5,
            8.25
          ],
          "texture": "#0"
        },
        "down": {
          "uv": [
            1.5,
            7.5,
            2.25,
            8.25
          ],
          "texture": "#0"
        }
      }
    },
    {
      "name": "rightchest",
      "from": [
        5.75,
        5,
        6
      ],
      "to": [
        7.75,
        7,
        8
      ],
      "rotation": {
        "angle": 45,
        "axis": "x",
        "origin": [
          9.5,
          6,
          7
        ]
      },
      "faces": {
        "east": {
          "uv": [
            1,
            7,
            1.5,
            7.5
          ],
          "texture": "#0"
        },
        "south": {
          "uv": [
            0.5,
            7,
            1,
            7.5
          ],
          "texture": "#0"
        },
        "west": {
          "uv": [
            0,
            7,
            0.5,
            7.5
          ],
          "texture": "#0"
        },
        "up": {
          "uv": [
            0.5,
            6.5,
            1,
            7
          ],
          "texture": "#0"
        }
      }
    }
  ],
  "display": {
    "thirdperson_righthand": {
      "rotation": [
        75,
        -135,
        0
      ],
      "translation": [
        0,
        2.5,
        0
      ],
      "scale": [
        0.375,
        0.375,
        0.375
      ]
    },
    "thirdperson_lefthand": {
      "rotation": [
        75,
        -135,
        0
      ],
      "translation": [
        0,
        2.5,
        0
      ],
      "scale": [
        0.375,
        0.375,
        0.375
      ]
    },
    "firstperson_righthand": {
      "rotation": [
        0,
        -45,
        0
      ],
      "scale": [
        0.4,
        0.4,
        0.4
      ]
    },
    "firstperson_lefthand": {
      "rotation": [
        0,
        -45,
        0
      ],
      "scale": [
        0.4,
        0.4,
        0.4
      ]
    },
    "ground": {
      "translation": [
        0,
        3,
        0
      ],
      "scale": [
        0.25,
        0.25,
        0.25
      ]
    },
    "gui": {
      "rotation": [
        30,
        45,
        0
      ],
      "scale": [
        0.625,
        0.625,
        0.625
      ]
    },
    "fixed": {
      "rotation": [
        0,
        -180,
        0
      ],
      "translation": [
        0,
        0,
        -4
      ],
      "scale": [
        0.5,
        0.5,
        0.5
      ]
    }
  },
  "groups": [
    {
      "name": "1",
      "origin": [
        8,
        8,
        8
      ],
      "color": 0,
      "children": [
        0,
        1,
        2,
        3,
        4,
        5,
        6,
        7,
        8,
        9,
        10,
        11,
        12,
        13,
        14,
        15,
        16,
        17
      ]
    }
  ]
}