{
  "credit": "P13D_orginal",
  "parent": "ender crystal",
  "texture_size": [
    128,
    64
  ],
  "elements": [
    {
      "from": [
        2,
        2,
        2
      ],
      "to": [
        14,
        4,
        13
      ],
      "faces": {
        "north": {
          "uv": [
            3,
            13.75,
            6,
            16
          ],
          "texture": "#0"
        },
        "east": {
          "uv": [
            3,
            13.75,
            6,
            16
          ],
          "texture": "#0"
        },
        "south": {
          "uv": [
            3,
            13.75,
            6,
            16
          ],
          "texture": "#0"
        },
        "west": {
          "uv": [
            3,
            13.75,
            6,
            16
          ],
          "texture": "#0"
        },
        "up": {
          "uv": [
            3,
            8,
            6,
            14
          ],
          "texture": "#0"
        },
        "down": {
          "uv": [
            6,
            8,
            9,
            14
          ],
          "texture": "#0"
        }
      }
    },
    {
      "from": [
        1,
        0,
        1
      ],
      "to": [
        15,
        2,
        14
      ],
      "faces": {
        "north": {
          "uv": [
            3,
            13.75,
            6,
            16
          ],
          "texture": "#0"
        },
        "east": {
          "uv": [
            3,
            13.75,
            6,
            16
          ],
          "texture": "#0"
        },
        "south": {
          "uv": [
            3,
            13.75,
            6,
            16
          ],
          "texture": "#0"
        },
        "west": {
          "uv": [
            3,
            13.75,
            6,
            16
          ],
          "texture": "#0"
        },
        "up": {
          "uv": [
            6,
            8,
            9,
            14
          ],
          "texture": "#0"
        },
        "down": {
          "uv": [
            6,
            8,
            9,
            14
          ],
          "texture": "#0"
        }
      }
    },
    {
      "from": [
        2,
        6,
        2
      ],
      "to": [
        13,
        17,
        13
      ],
      "faces": {
        "north": {
          "uv": [
            6,
            4,
            8,
            8
          ],
          "texture": "#0"
        },
        "east": {
          "uv": [
            6,
            4,
            8,
            8
          ],
          "texture": "#0"
        },
        "south": {
          "uv": [
            6,
            4,
            8,
            8
          ],
          "texture": "#0"
        },
        "west": {
          "uv": [
            6,
            4,
            8,
            8
          ],
          "texture": "#0"
        },
        "up": {
          "uv": [
            6,
            4,
            8,
            8
          ],
          "texture": "#0"
        },
        "down": {
          "uv": [
            6,
            4,
            8,
            8
          ],
          "texture": "#0"
        }
      }
    },
    {
      "from": [
        2.7,
        6.7,
        2.7
      ],
      "to": [
        12.3,
        16.3,
        12.3
      ],
      "faces": {
        "north": {
          "uv": [
            12,
            4,
            14,
            8
          ],
          "texture": "#0"
        },
        "east": {
          "uv": [
            14,
            4,
            16,
            8
          ],
          "texture": "#0"
        },
        "south": {
          "uv": [
            10,
            4,
            12,
            8
          ],
          "texture": "#0"
        },
        "west": {
          "uv": [
            8,
            4,
            10,
            8
          ],
          "texture": "#0"
        },
        "up": {
          "uv": [
            12,
            0,
            14,
            4
          ],
          "texture": "#0"
        },
        "down": {
          "uv": [
            10,
            0,
            12,
            4
          ],
          "texture": "#0"
        }
      }
    }
  ],
  "display": {
    "thirdperson_righthand": {
      "scale": [
        0.3,
        0.3,
        0.3
      ]
    },
    "thirdperson_lefthand": {
      "scale": [
        0.3,
        0.3,
        0.3
      ]
    },
    "ground": {
      "scale": [
        0.3,
        0.3,
        0.3
      ]
    },
    "gui": {
      "rotation": [
        0,
        -47,
        -14
      ],
      "translation": [
        0,
        -15.75,
        0
      ],
      "scale": [
        1,
        0.69922,
        0.57813
      ]
    },
    "head": {
      "translation": [
        0,
        13,
        0.5
      ]
    }
  },
  "groups": [
    {
      "name": "ender crystal",
      "origin": [
        8,
        8,
        8
      ],
      "color": 0,
      "children": [
        0,
        1,
        2,
        3
      ]
    }
  ]
}