{
  "credit": "P13D_orginal",
  "texture_size": [
    64,
    64
  ],
  "elements": [
    {
      "from": [
        6.6,
        3.1,
        7
      ],
      "to": [
        9.6,
        7.3,
        9
      ],
      "rotation": {
        "angle": 0,
        "axis": "y",
        "origin": [
          0,
          -1.9,
          0
        ]
      },
      "faces": {
        "north": {
          "uv": [
            5.5,
            6.5,
            7.5,
            9.5
          ],
          "texture": "#0"
        },
        "east": {
          "uv": [
            4,
            6.5,
            5.5,
            9.5
          ],
          "texture": "#0"
        },
        "south": {
          "uv": [
            9,
            6.5,
            11,
            9.5
          ],
          "texture": "#0"
        },
        "west": {
          "uv": [
            7.5,
            6.5,
            9,
            9.5
          ],
          "texture": "#0"
        },
        "up": {
          "uv": [
            7.5,
            6.5,
            5.5,
            5
          ],
          "texture": "#0"
        },
        "down": {
          "uv": [
            9.5,
            5,
            7.5,
            6.5
          ],
          "texture": "#0"
        }
      }
    },
    {
      "from": [
        6.35,
        1.85,
        6.75
      ],
      "to": [
        9.85,
        7.35,
        9.25
      ],
      "rotation": {
        "angle": 0,
        "axis": "y",
        "origin": [
          0,
          -1.9,
          0
        ]
      },
      "faces": {
        "north": {
          "uv": [
            1.5,
            11,
            3.5,
            15.5
          ],
          "texture": "#0"
        },
        "east": {
          "uv": [
            0,
            11,
            1.5,
            15.5
          ],
          "texture": "#0"
        },
        "south": {
          "uv": [
            5,
            11,
            7,
            15.5
          ],
          "texture": "#0"
        },
        "west": {
          "uv": [
            3.5,
            11,
            5,
            15.5
          ],
          "texture": "#0"
        },
        "up": {
          "uv": [
            3.5,
            11,
            1.5,
            9.5
          ],
          "texture": "#0"
        },
        "down": {
          "uv": [
            5.5,
            9.5,
            3.5,
            11
          ],
          "texture": "#0"
        }
      }
    },
    {
      "from": [
        6.5,
        7.1,
        6.4
      ],
      "to": [
        9.7,
        11.4,
        9.6
      ],
      "rotation": {
        "angle": 0,
        "axis": "y",
        "origin": [
          0,
          -1.9,
          0
        ]
      },
      "faces": {
        "north": {
          "uv": [
            9.25,
            13.25,
            11.5,
            16
          ],
          "texture": "#0"
        },
        "east": {
          "uv": [
            7,
            13.25,
            9.25,
            16
          ],
          "texture": "#0"
        },
        "south": {
          "uv": [
            13.75,
            13.25,
            16,
            16
          ],
          "texture": "#0"
        },
        "west": {
          "uv": [
            11.5,
            13.25,
            13.75,
            16
          ],
          "texture": "#0"
        },
        "up": {
          "uv": [
            11.5,
            13.25,
            9.25,
            11
          ],
          "texture": "#0"
        },
        "down": {
          "uv": [
            13.75,
            11,
            11.5,
            13.25
          ],
          "texture": "#0"
        }
      }
    },
    {
      "from": [
        6.6,
        7.3,
        6.5
      ],
      "to": [
        9.6,
        11.3,
        9.5
      ],
      "rotation": {
        "angle": 0,
        "axis": "y",
        "origin": [
          0,
          -1.9,
          0
        ]
      },
      "faces": {
        "north": {
          "uv": [
            2,
            2,
            4,
            4.5
          ],
          "texture": "#0"
        },
        "east": {
          "uv": [
            0,
            2,
            2,
            4.5
          ],
          "texture": "#0"
        },
        "south": {
          "uv": [
            6,
            2,
            8,
            4.5
          ],
          "texture": "#0"
        },
        "west": {
          "uv": [
            4,
            2,
            6,
            4.5
          ],
          "texture": "#0"
        },
        "up": {
          "uv": [
            4,
            2,
            2,
            0
          ],
          "texture": "#0"
        },
        "down": {
          "uv": [
            6,
            0,
            4,
            2
          ],
          "texture": "#0"
        }
      }
    },
    {
      "from": [
        7.7,
        7.05,
        5.8
      ],
      "to": [
        8.5,
        8.55,
        6.5
      ],
      "rotation": {
        "angle": 0,
        "axis": "y",
        "origin": [
          0,
          -1.9,
          0
        ]
      },
      "faces": {
        "north": {
          "uv": [
            6.5,
            0.5,
            7,
            1.5
          ],
          "texture": "#0"
        },
        "east": {
          "uv": [
            6,
            0.5,
            6.5,
            1.5
          ],
          "texture": "#0"
        },
        "south": {
          "uv": [
            7.5,
            0.5,
            8,
            1.5
          ],
          "texture": "#0"
        },
        "west": {
          "uv": [
            7,
            0.5,
            7.5,
            1.5
          ],
          "texture": "#0"
        },
        "up": {
          "uv": [
            7,
            0.5,
            6.5,
            0
          ],
          "texture": "#0"
        },
        "down": {
          "uv": [
            7.5,
            0,
            7,
            0.5
          ],
          "texture": "#0"
        }
      }
    },
    {
      "from": [
        9.8,
        3.1,
        7
      ],
      "to": [
        11.4,
        7.1,
        8.4
      ],
      "rotation": {
        "angle": -22.5,
        "axis": "x",
        "origin": [
          0,
          7.1,
          8
        ]
      },
      "faces": {
        "north": {
          "uv": [
            12,
            6.5,
            13,
            9.5
          ],
          "texture": "#0"
        },
        "east": {
          "uv": [
            11,
            6.5,
            12,
            9.5
          ],
          "texture": "#0"
        },
        "south": {
          "uv": [
            14,
            6.5,
            15,
            9.5
          ],
          "texture": "#0"
        },
        "west": {
          "uv": [
            13,
            6.5,
            14,
            9.5
          ],
          "texture": "#0"
        },
        "up": {
          "uv": [
            13,
            6.5,
            12,
            5.5
          ],
          "texture": "#0"
        },
        "down": {
          "uv": [
            14,
            5.5,
            13,
            6.5
          ],
          "texture": "#0"
        }
      }
    },
    {
      "from": [
        4.8,
        3.1,
        7
      ],
      "to": [
        6.4,
        7.1,
        8.4
      ],
      "rotation": {
        "angle": 22.5,
        "axis": "x",
        "origin": [
          0,
          7.1,
          8
        ]
      },
      "faces": {
        "north": {
          "uv": [
            13,
            6.5,
            12,
            9.5
          ],
          "texture": "#0"
        },
        "east": {
          "uv": [
            14,
            6.5,
            13,
            9.5
          ],
          "texture": "#0"
        },
        "south": {
          "uv": [
            15,
            6.5,
            14,
            9.5
          ],
          "texture": "#0"
        },
        "west": {
          "uv": [
            12,
            6.5,
            11,
            9.5
          ],
          "texture": "#0"
        },
        "up": {
          "uv": [
            12,
            6.5,
            13,
            5.5
          ],
          "texture": "#0"
        },
        "down": {
          "uv": [
            13,
            5.5,
            14,
            6.5
          ],
          "texture": "#0"
        }
      }
    },
    {
      "from": [
        6.4,
        2.24463,
        8.5729
      ],
      "to": [
        9.8,
        7.24463,
        8.7729
      ],
      "rotation": {
        "angle": -22.5,
        "axis": "x",
        "origin": [
          0,
          9,
          9.3
        ]
      },
      "faces": {
        "north": {
          "uv": [
            9.75,
            0.25,
            12,
            5.25
          ],
          "texture": "#0"
        },
        "east": {
          "uv": [
            9.5,
            0.25,
            9.75,
            5.25
          ],
          "texture": "#0"
        },
        "south": {
          "uv": [
            12.25,
            0.25,
            14.5,
            5.25
          ],
          "texture": "#0"
        },
        "west": {
          "uv": [
            12,
            0.25,
            12.25,
            5.25
          ],
          "texture": "#0"
        },
        "up": {
          "uv": [
            12,
            0.25,
            9.75,
            0
          ],
          "texture": "#0"
        },
        "down": {
          "uv": [
            14.25,
            0,
            12,
            0.25
          ],
          "texture": "#0"
        }
      }
    },
    {
      "from": [
        8.2,
        0.1,
        7.2
      ],
      "to": [
        9.6,
        3.1,
        8.8
      ],
      "rotation": {
        "angle": 22.5,
        "axis": "x",
        "origin": [
          0,
          3.1,
          8
        ]
      },
      "faces": {
        "north": {
          "uv": [
            1,
            6.5,
            2,
            9.5
          ],
          "texture": "#0"
        },
        "east": {
          "uv": [
            0,
            6.5,
            1,
            9.5
          ],
          "texture": "#0"
        },
        "south": {
          "uv": [
            3,
            6.5,
            4,
            9.5
          ],
          "texture": "#0"
        },
        "west": {
          "uv": [
            2,
            6.5,
            3,
            9.5
          ],
          "texture": "#0"
        },
        "up": {
          "uv": [
            2,
            6.5,
            1,
            5.5
          ],
          "texture": "#0"
        },
        "down": {
          "uv": [
            3,
            5.5,
            2,
            6.5
          ],
          "texture": "#0"
        }
      }
    },
    {
      "from": [
        6.7,
        0.1,
        7.2
      ],
      "to": [
        8.2,
        3.1,
        8.8
      ],
      "rotation": {
        "angle": -22.5,
        "axis": "x",
        "origin": [
          0,
          3.1,
          8
        ]
      },
      "faces": {
        "north": {
          "uv": [
            2,
            6.5,
            1,
            9.5
          ],
          "texture": "#0"
        },
        "east": {
          "uv": [
            3,
            6.5,
            2,
            9.5
          ],
          "texture": "#0"
        },
        "south": {
          "uv": [
            4,
            6.5,
            3,
            9.5
          ],
          "texture": "#0"
        },
        "west": {
          "uv": [
            1,
            6.5,
            0,
            9.5
          ],
          "texture": "#0"
        },
        "up": {
          "uv": [
            1,
            6.5,
            2,
            5.5
          ],
          "texture": "#0"
        },
        "down": {
          "uv": [
            2,
            5.5,
            3,
            6.5
          ],
          "texture": "#0"
        }
      }
    }
  ],
  "display": {
    "firstperson_righthand": {
      "rotation": [
        0,
        130,
        0
      ],
      "translation": [
        2.25,
        2,
        0
      ]
    },
    "firstperson_lefthand": {
      "rotation": [
        0,
        109,
        0
      ],
      "translation": [
        2.25,
        3.25,
        0
      ]
    },
    "ground": {
      "translation": [
        0,
        2,
        0
      ]
    },
    "gui": {
      "rotation": [
        17,
        125,
        2
      ]
    },
    "head": {
      "translation": [
        0,
        14.25,
        0
      ]
    }
  },
  "groups": [
    {
      "name": "iceologer",
      "origin": [
        0,
        0,
        0
      ],
      "color": 0,
      "nbt": "{}",
      "armAnimationEnabled": false,
      "children": [
        {
          "name": "body",
          "origin": [
            0,
            12,
            0
          ],
          "color": 0,
          "nbt": "{}",
          "armAnimationEnabled": false,
          "children": [
            0,
            1,
            {
              "name": "head",
              "origin": [
                0,
                24,
                0
              ],
              "color": 1,
              "nbt": "{}",
              "armAnimationEnabled": false,
              "children": [
                2,
                3,
                4
              ]
            },
            {
              "name": "rightArm",
              "origin": [
                5,
                22,
                0
              ],
              "color": 2,
              "nbt": "{}",
              "armAnimationEnabled": false,
              "children": [
                5,
                {
                  "name": "rightItem",
                  "origin": [
                    6,
                    15,
                    1
                  ],
                  "color": 3,
                  "nbt": "{}",
                  "armAnimationEnabled": false,
                  "children": []
                }
              ]
            },
            {
              "name": "leftArm",
              "origin": [
                -5,
                22,
                0
              ],
              "color": 4,
              "nbt": "{}",
              "armAnimationEnabled": false,
              "children": [
                6,
                {
                  "name": "leftItem",
                  "origin": [
                    -6,
                    15,
                    1
                  ],
                  "color": 5,
                  "nbt": "{}",
                  "armAnimationEnabled": false,
                  "children": []
                }
              ]
            },
            {
              "name": "cape",
              "origin": [
                0,
                24,
                3
              ],
              "rotation": [
                -5,
                0,
                0
              ],
              "color": 6,
              "nbt": "{}",
              "armAnimationEnabled": false,
              "children": [
                7
              ]
            }
          ]
        },
        {
          "name": "rightLeg",
          "origin": [
            1.9,
            12,
            0
          ],
          "color": 7,
          "nbt": "{}",
          "armAnimationEnabled": false,
          "children": [
            8
          ]
        },
        {
          "name": "leftLeg",
          "origin": [
            -1.9,
            12,
            0
          ],
          "color": 8,
          "nbt": "{}",
          "armAnimationEnabled": false,
          "children": [
            9
          ]
        }
      ]
    }
  ]
}