{
  "credit": "P13D_orginal",
  "texture_size": [
    64,
    64
  ],
  "elements": [
    {
      "from": [
        8.5,
        13.5,
        6.5
      ],
      "to": [
        8.5,
        18.5,
        11.5
      ],
      "rotation": {
        "angle": 0,
        "axis": "y",
        "origin": [
          0,
          -5,
          1
        ]
      },
      "faces": {
        "north": {
          "uv": [
            2.5,
            7.5,
            2.5,
            10
          ],
          "texture": "#0"
        },
        "east": {
          "uv": [
            5,
            7.5,
            2.5,
            10
          ],
          "texture": "#0"
        },
        "south": {
          "uv": [
            5,
            7.5,
            5,
            10
          ],
          "texture": "#0"
        },
        "west": {
          "uv": [
            5,
            7.5,
            2.5,
            10
          ],
          "texture": "#0"
        },
        "up": {
          "uv": [
            2.5,
            7.5,
            2.5,
            5
          ],
          "texture": "#0"
        },
        "down": {
          "uv": [
            2.5,
            5,
            2.5,
            7.5
          ],
          "texture": "#0"
        }
      }
    },
    {
      "from": [
        6,
        13.5,
        9
      ],
      "to": [
        11,
        18.5,
        9
      ],
      "rotation": {
        "angle": 0,
        "axis": "y",
        "origin": [
          9,
          14,
          9
        ]
      },
      "faces": {
        "north": {
          "uv": [
            5,
            7.5,
            2.5,
            10
          ],
          "texture": "#0"
        },
        "east": {
          "uv": [
            2.5,
            7.5,
            2.5,
            10
          ],
          "texture": "#0"
        },
        "south": {
          "uv": [
            5,
            7.5,
            2.5,
            10
          ],
          "texture": "#0"
        },
        "west": {
          "uv": [
            5,
            7.5,
            5,
            10
          ],
          "texture": "#0"
        },
        "up": {
          "uv": [
            2.5,
            7.5,
            2.5,
            5
          ],
          "rotation": 90,
          "texture": "#0"
        },
        "down": {
          "uv": [
            2.5,
            5,
            2.5,
            7.5
          ],
          "rotation": 270,
          "texture": "#0"
        }
      }
    },
    {
      "from": [
        7,
        12,
        7.5
      ],
      "to": [
        10,
        13.5,
        10.5
      ],
      "rotation": {
        "angle": 0,
        "axis": "y",
        "origin": [
          0,
          -5,
          1
        ]
      },
      "faces": {
        "north": {
          "uv": [
            10,
            12.75,
            11.5,
            12
          ],
          "texture": "#0"
        },
        "east": {
          "uv": [
            11.5,
            12.75,
            13,
            12
          ],
          "texture": "#0"
        },
        "south": {
          "uv": [
            11.5,
            12.75,
            13,
            12
          ],
          "texture": "#0"
        },
        "west": {
          "uv": [
            11.5,
            12.75,
            13,
            12
          ],
          "texture": "#0"
        },
        "up": {
          "uv": [
            11.5,
            12,
            13,
            10.5
          ],
          "texture": "#0"
        },
        "down": {
          "uv": [
            13,
            12,
            14.5,
            10.5
          ],
          "texture": "#0"
        }
      }
    },
    {
      "from": [
        4.9937,
        11.88268,
        0.09913
      ],
      "to": [
        10.9937,
        11.88268,
        8.09913
      ],
      "rotation": {
        "angle": 22.5,
        "axis": "x",
        "origin": [
          8,
          13,
          10
        ]
      },
      "faces": {
        "north": {
          "uv": [
            9,
            10.5,
            13,
            7.5
          ],
          "rotation": 180,
          "texture": "#0"
        },
        "east": {
          "uv": [
            9,
            10.5,
            13,
            7.5
          ],
          "rotation": 180,
          "texture": "#0"
        },
        "south": {
          "uv": [
            9,
            10.5,
            13,
            7.5
          ],
          "rotation": 180,
          "texture": "#0"
        },
        "west": {
          "uv": [
            9,
            10.5,
            13,
            7.5
          ],
          "rotation": 180,
          "texture": "#0"
        },
        "up": {
          "uv": [
            9,
            10.5,
            13,
            7.5
          ],
          "rotation": 270,
          "texture": "#0"
        },
        "down": {
          "uv": [
            9,
            10.5,
            13,
            7.5
          ],
          "rotation": 90,
          "texture": "#0"
        }
      }
    },
    {
      "from": [
        5,
        11.73463,
        10.8
      ],
      "to": [
        11,
        11.73463,
        18.8
      ],
      "rotation": {
        "angle": -22.5,
        "axis": "x",
        "origin": [
          8.5,
          12,
          9.5
        ]
      },
      "faces": {
        "north": {
          "uv": [
            9,
            10.5,
            13,
            7.5
          ],
          "texture": "#0"
        },
        "east": {
          "uv": [
            9,
            10.5,
            13,
            7.5
          ],
          "texture": "#0"
        },
        "south": {
          "uv": [
            9,
            10.5,
            13,
            7.5
          ],
          "texture": "#0"
        },
        "west": {
          "uv": [
            9,
            10.5,
            13,
            7.5
          ],
          "texture": "#0"
        },
        "up": {
          "uv": [
            9,
            10.5,
            13,
            7.5
          ],
          "rotation": 90,
          "texture": "#0"
        },
        "down": {
          "uv": [
            9,
            10.5,
            13,
            7.5
          ],
          "rotation": 270,
          "texture": "#0"
        }
      }
    },
    {
      "from": [
        9.8,
        11.73463,
        6.0063
      ],
      "to": [
        17.8,
        11.73463,
        12.0063
      ],
      "rotation": {
        "angle": 22.5,
        "axis": "z",
        "origin": [
          8.5,
          12,
          9.5
        ]
      },
      "faces": {
        "north": {
          "uv": [
            9,
            10.5,
            13,
            7.5
          ],
          "texture": "#0"
        },
        "east": {
          "uv": [
            9,
            10.5,
            13,
            7.5
          ],
          "texture": "#0"
        },
        "south": {
          "uv": [
            9,
            10.5,
            13,
            7.5
          ],
          "texture": "#0"
        },
        "west": {
          "uv": [
            9,
            10.5,
            13,
            7.5
          ],
          "texture": "#0"
        },
        "up": {
          "uv": [
            9,
            10.5,
            13,
            7.5
          ],
          "texture": "#0"
        },
        "down": {
          "uv": [
            9,
            10.5,
            13,
            7.5
          ],
          "texture": "#0"
        }
      }
    },
    {
      "from": [
        -1,
        11.5,
        6.0063
      ],
      "to": [
        7,
        11.5,
        12.0063
      ],
      "rotation": {
        "angle": -22.5,
        "axis": "z",
        "origin": [
          8.5,
          12,
          9.5
        ]
      },
      "faces": {
        "north": {
          "uv": [
            9,
            10.5,
            13,
            7.5
          ],
          "rotation": 180,
          "texture": "#0"
        },
        "east": {
          "uv": [
            9,
            10.5,
            13,
            7.5
          ],
          "rotation": 180,
          "texture": "#0"
        },
        "south": {
          "uv": [
            9,
            10.5,
            13,
            7.5
          ],
          "rotation": 180,
          "texture": "#0"
        },
        "west": {
          "uv": [
            9,
            10.5,
            13,
            7.5
          ],
          "rotation": 180,
          "texture": "#0"
        },
        "up": {
          "uv": [
            9,
            10.5,
            13,
            7.5
          ],
          "rotation": 180,
          "texture": "#0"
        },
        "down": {
          "uv": [
            9,
            10.5,
            13,
            7.5
          ],
          "rotation": 180,
          "texture": "#0"
        }
      }
    },
    {
      "from": [
        5,
        6.5,
        6
      ],
      "to": [
        11,
        12.5,
        12
      ],
      "rotation": {
        "angle": 0,
        "axis": "y",
        "origin": [
          0,
          -5,
          0
        ]
      },
      "faces": {
        "north": {
          "uv": [
            4,
            3.75,
            7.75,
            7.5
          ],
          "texture": "#0"
        },
        "east": {
          "uv": [
            0.25,
            3.75,
            4,
            7.5
          ],
          "texture": "#0"
        },
        "south": {
          "uv": [
            11.5,
            3.75,
            15.25,
            7.5
          ],
          "texture": "#0"
        },
        "west": {
          "uv": [
            7.75,
            3.75,
            11.5,
            7.5
          ],
          "texture": "#0"
        },
        "up": {
          "uv": [
            7.75,
            3.75,
            4,
            0
          ],
          "texture": "#0"
        },
        "down": {
          "uv": [
            11.5,
            0,
            7.75,
            3.75
          ],
          "texture": "#0"
        }
      }
    },
    {
      "from": [
        7,
        5,
        6
      ],
      "to": [
        9,
        7,
        8.5
      ],
      "rotation": {
        "angle": -22.5,
        "axis": "x",
        "origin": [
          8,
          6,
          9
        ]
      },
      "faces": {
        "north": {
          "uv": [
            12.5,
            1,
            13.5,
            2.75
          ],
          "texture": "#0"
        },
        "east": {
          "uv": [
            11.5,
            1,
            12.5,
            2.75
          ],
          "texture": "#0"
        },
        "south": {
          "uv": [
            14.5,
            1,
            15.5,
            2.75
          ],
          "texture": "#0"
        },
        "west": {
          "uv": [
            13.5,
            1,
            14.5,
            2.75
          ],
          "texture": "#0"
        },
        "up": {
          "uv": [
            13.5,
            1,
            12.5,
            0
          ],
          "texture": "#0"
        },
        "down": {
          "uv": [
            14.5,
            0,
            13.5,
            1
          ],
          "texture": "#0"
        }
      }
    },
    {
      "from": [
        7,
        5,
        9.5
      ],
      "to": [
        9,
        7,
        12
      ],
      "rotation": {
        "angle": 22.5,
        "axis": "x",
        "origin": [
          8,
          6,
          9
        ]
      },
      "faces": {
        "north": {
          "uv": [
            12.5,
            1,
            13.5,
            2.75
          ],
          "texture": "#0"
        },
        "east": {
          "uv": [
            11.5,
            1,
            12.5,
            2.75
          ],
          "texture": "#0"
        },
        "south": {
          "uv": [
            14.5,
            1,
            15.5,
            2.75
          ],
          "texture": "#0"
        },
        "west": {
          "uv": [
            13.5,
            1,
            14.5,
            2.75
          ],
          "texture": "#0"
        },
        "up": {
          "uv": [
            13.5,
            1,
            12.5,
            0
          ],
          "texture": "#0"
        },
        "down": {
          "uv": [
            14.5,
            0,
            13.5,
            1
          ],
          "texture": "#0"
        }
      }
    },
    {
      "from": [
        8.5,
        5,
        8
      ],
      "to": [
        11,
        7,
        10
      ],
      "rotation": {
        "angle": -22.5,
        "axis": "z",
        "origin": [
          8,
          6,
          9
        ]
      },
      "faces": {
        "north": {
          "uv": [
            12.5,
            1,
            13.5,
            2.75
          ],
          "texture": "#0"
        },
        "east": {
          "uv": [
            11.5,
            1,
            12.5,
            2.75
          ],
          "texture": "#0"
        },
        "south": {
          "uv": [
            14.5,
            1,
            15.5,
            2.75
          ],
          "texture": "#0"
        },
        "west": {
          "uv": [
            13.5,
            1,
            14.5,
            2.75
          ],
          "texture": "#0"
        },
        "up": {
          "uv": [
            13.5,
            1,
            12.5,
            0
          ],
          "texture": "#0"
        },
        "down": {
          "uv": [
            14.5,
            0,
            13.5,
            1
          ],
          "texture": "#0"
        }
      }
    },
    {
      "from": [
        5,
        5,
        8
      ],
      "to": [
        7.5,
        7,
        10
      ],
      "rotation": {
        "angle": 22.5,
        "axis": "z",
        "origin": [
          8,
          6,
          9
        ]
      },
      "faces": {
        "north": {
          "uv": [
            12.5,
            1,
            13.5,
            2.75
          ],
          "texture": "#0"
        },
        "east": {
          "uv": [
            11.5,
            1,
            12.5,
            2.75
          ],
          "texture": "#0"
        },
        "south": {
          "uv": [
            14.5,
            1,
            15.5,
            2.75
          ],
          "texture": "#0"
        },
        "west": {
          "uv": [
            13.5,
            1,
            14.5,
            2.75
          ],
          "texture": "#0"
        },
        "up": {
          "uv": [
            13.5,
            1,
            12.5,
            0
          ],
          "texture": "#0"
        },
        "down": {
          "uv": [
            14.5,
            0,
            13.5,
            1
          ],
          "texture": "#0"
        }
      }
    },
    {
      "from": [
        7.8,
        9.8,
        8.8
      ],
      "to": [
        9.7,
        11.7,
        10.7
      ],
      "faces": {
        "north": {
          "uv": [
            2,
            2.75,
            1,
            3.75
          ],
          "texture": "#0"
        },
        "east": {
          "uv": [
            3,
            2.75,
            2,
            3.75
          ],
          "texture": "#0"
        },
        "south": {
          "uv": [
            4,
            2.75,
            3,
            3.75
          ],
          "texture": "#0"
        },
        "west": {
          "uv": [
            1,
            2.75,
            0,
            3.75
          ],
          "texture": "#0"
        },
        "up": {
          "uv": [
            1,
            2.75,
            2,
            1.75
          ],
          "texture": "#0"
        },
        "down": {
          "uv": [
            2,
            1.75,
            3,
            2.75
          ],
          "texture": "#0"
        }
      }
    },
    {
      "from": [
        8,
        8,
        7
      ],
      "to": [
        9.5,
        9.5,
        8.5
      ],
      "faces": {
        "north": {
          "uv": [
            1.5,
            0.75,
            0.75,
            1.5
          ],
          "texture": "#0"
        },
        "east": {
          "uv": [
            2.25,
            0.75,
            1.5,
            1.5
          ],
          "texture": "#0"
        },
        "south": {
          "uv": [
            3,
            0.75,
            2.25,
            1.5
          ],
          "texture": "#0"
        },
        "west": {
          "uv": [
            0.75,
            0.75,
            0,
            1.5
          ],
          "texture": "#0"
        },
        "up": {
          "uv": [
            0.75,
            0.75,
            1.5,
            0
          ],
          "texture": "#0"
        },
        "down": {
          "uv": [
            1.5,
            0,
            2.25,
            0.75
          ],
          "texture": "#0"
        }
      }
    },
    {
      "from": [
        6.60434,
        6.74609,
        7.87122
      ],
      "to": [
        8.10434,
        8.24609,
        9.37122
      ],
      "faces": {
        "north": {
          "uv": [
            1.5,
            0.75,
            0.75,
            1.5
          ],
          "texture": "#0"
        },
        "east": {
          "uv": [
            2.25,
            0.75,
            1.5,
            1.5
          ],
          "texture": "#0"
        },
        "south": {
          "uv": [
            3,
            0.75,
            2.25,
            1.5
          ],
          "texture": "#0"
        },
        "west": {
          "uv": [
            0.75,
            0.75,
            0,
            1.5
          ],
          "texture": "#0"
        },
        "up": {
          "uv": [
            0.75,
            0.75,
            1.5,
            0
          ],
          "texture": "#0"
        },
        "down": {
          "uv": [
            1.5,
            0,
            2.25,
            0.75
          ],
          "texture": "#0"
        }
      }
    }
  ],
  "display": {
    "thirdperson_righthand": {
      "scale": [
        0.33,
        0.33,
        0.33
      ]
    },
    "thirdperson_lefthand": {
      "scale": [
        0.33,
        0.33,
        0.33
      ]
    },
    "ground": {
      "translation": [
        0,
        1.75,
        0
      ]
    },
    "gui": {
      "rotation": [
        21,
        51,
        2
      ]
    },
    "head": {
      "translation": [
        0,
        11.75,
        0
      ]
    }
  },
  "groups": [
    {
      "name": "lantern",
      "origin": [
        8,
        8,
        8
      ],
      "color": 0,
      "children": [
        0,
        1,
        2,
        3,
        4,
        5,
        6,
        7,
        8,
        9,
        10,
        11,
        12,
        13,
        14
      ]
    }
  ]
}