{
  "credit": "P13D_original",
  "parent": "wolf _ bobycraft",
  "texture_size": [
    64,
    32
  ],
  "elements": [
    {
      "from": [
        6.5,
        5.5,
        1
      ],
      "to": [
        9.5,
        8.5,
        4
      ],
      "shade": false,
      "rotation": {
        "angle": 45,
        "axis": "x",
        "origin": [
          8,
          6,
          3
        ]
      },
      "faces": {
        "north": {
          "uv": [
            1,
            2,
            2.5,
            5
          ],
          "texture": "#0"
        },
        "east": {
          "uv": [
            0,
            2,
            1,
            5
          ],
          "texture": "#0"
        },
        "south": {
          "uv": [
            4,
            2,
            5,
            5
          ],
          "texture": "#0"
        },
        "west": {
          "uv": [
            2.5,
            2,
            4,
            5
          ],
          "texture": "#0"
        },
        "up": {
          "uv": [
            2.5,
            2,
            1,
            0
          ],
          "texture": "#0"
        },
        "down": {
          "uv": [
            4,
            0,
            2.5,
            2
          ],
          "texture": "#0"
        }
      }
    },
    {
      "from": [
        6.6,
        8.5,
        1.5
      ],
      "to": [
        7.6,
        9.3,
        2
      ],
      "shade": false,
      "rotation": {
        "angle": 45,
        "axis": "x",
        "origin": [
          8,
          6,
          3
        ]
      },
      "faces": {
        "north": {
          "uv": [
            4.25,
            7.5,
            4.75,
            8.5
          ],
          "texture": "#0"
        },
        "east": {
          "uv": [
            4.25,
            7,
            4.75,
            7.5
          ],
          "texture": "#0"
        },
        "south": {
          "uv": [
            5,
            7.5,
            5.5,
            8.5
          ],
          "texture": "#0"
        },
        "west": {
          "uv": [
            4,
            7.5,
            4.25,
            8.5
          ],
          "texture": "#0"
        },
        "up": {
          "uv": [
            5.25,
            7.5,
            4.75,
            7
          ],
          "texture": "#0"
        },
        "down": {
          "uv": [
            5,
            7.5,
            4.75,
            8.5
          ],
          "texture": "#0"
        }
      }
    },
    {
      "from": [
        8.4,
        8.5,
        1.5
      ],
      "to": [
        9.4,
        9.3,
        2
      ],
      "shade": false,
      "rotation": {
        "angle": 45,
        "axis": "x",
        "origin": [
          8,
          6,
          3
        ]
      },
      "faces": {
        "north": {
          "uv": [
            4.25,
            7.5,
            4.75,
            8.5
          ],
          "texture": "#0"
        },
        "east": {
          "uv": [
            4.25,
            7,
            4.75,
            7.5
          ],
          "texture": "#0"
        },
        "south": {
          "uv": [
            5,
            7.5,
            5.5,
            8.5
          ],
          "texture": "#0"
        },
        "west": {
          "uv": [
            4,
            7.5,
            4.25,
            8.5
          ],
          "texture": "#0"
        },
        "up": {
          "uv": [
            5.25,
            7.5,
            4.75,
            7
          ],
          "texture": "#0"
        },
        "down": {
          "uv": [
            5,
            7.5,
            4.75,
            8.5
          ],
          "texture": "#0"
        }
      }
    },
    {
      "from": [
        7.3,
        5.7,
        -0.5
      ],
      "to": [
        8.8,
        6.7,
        1
      ],
      "shade": false,
      "rotation": {
        "angle": 45,
        "axis": "x",
        "origin": [
          8,
          5,
          3
        ]
      },
      "faces": {
        "north": {
          "uv": [
            1,
            7,
            1.75,
            8
          ],
          "texture": "#0"
        },
        "east": {
          "uv": [
            0,
            7,
            1,
            8
          ],
          "texture": "#0"
        },
        "south": {
          "uv": [
            1,
            7,
            2.5,
            8
          ],
          "texture": "#0"
        },
        "west": {
          "uv": [
            1.75,
            7,
            3.75,
            8
          ],
          "texture": "#0"
        },
        "up": {
          "uv": [
            1.75,
            7,
            1,
            5
          ],
          "texture": "#0"
        },
        "down": {
          "uv": [
            5,
            7.5,
            4,
            8.5
          ],
          "texture": "#0"
        }
      }
    },
    {
      "from": [
        7.3,
        7.7,
        -0.67157
      ],
      "to": [
        8.8,
        8.2,
        0.82843
      ],
      "shade": false,
      "rotation": {
        "angle": 45,
        "axis": "x",
        "origin": [
          8,
          6,
          0
        ]
      },
      "faces": {
        "north": {
          "uv": [
            1,
            8,
            1.75,
            8.5
          ],
          "texture": "#0"
        },
        "east": {
          "uv": [
            0,
            8,
            1,
            8.5
          ],
          "texture": "#0"
        },
        "south": {
          "uv": [
            1,
            7.5,
            1.75,
            8.5
          ],
          "texture": "#0"
        },
        "west": {
          "uv": [
            1.75,
            8,
            2.75,
            8.5
          ],
          "texture": "#0"
        },
        "up": {
          "uv": [
            1.75,
            7,
            1,
            5
          ],
          "texture": "#0"
        },
        "down": {
          "uv": [
            5,
            7.5,
            4,
            8.5
          ],
          "texture": "#0"
        }
      }
    },
    {
      "from": [
        6.5,
        6,
        6.92893
      ],
      "to": [
        9.5,
        9.5,
        11.92893
      ],
      "shade": false,
      "rotation": {
        "angle": 45,
        "axis": "x",
        "origin": [
          8,
          6,
          3
        ]
      },
      "faces": {
        "north": {
          "uv": [
            6,
            7,
            7.5,
            10
          ],
          "texture": "#0"
        },
        "east": {
          "uv": [
            9,
            10,
            7.5,
            14.5
          ],
          "texture": "#0"
        },
        "south": {
          "uv": [
            7.5,
            7,
            9,
            10
          ],
          "texture": "#0"
        },
        "west": {
          "uv": [
            6,
            10,
            4.5,
            14.5
          ],
          "texture": "#0"
        },
        "up": {
          "uv": [
            6,
            10,
            7.5,
            14.5
          ],
          "texture": "#0"
        },
        "down": {
          "uv": [
            9,
            14.5,
            10.5,
            10
          ],
          "texture": "#0"
        }
      }
    },
    {
      "from": [
        6,
        4,
        4
      ],
      "to": [
        10,
        8,
        8
      ],
      "shade": false,
      "rotation": {
        "angle": 22.5,
        "axis": "x",
        "origin": [
          8,
          6,
          3
        ]
      },
      "faces": {
        "north": {
          "uv": [
            7,
            3.5,
            9,
            0
          ],
          "rotation": 180,
          "texture": "#0"
        },
        "east": {
          "uv": [
            11,
            3.5,
            9,
            6.5
          ],
          "rotation": 90,
          "texture": "#0"
        },
        "south": {
          "uv": [
            11,
            0,
            9.25,
            3.5
          ],
          "texture": "#0"
        },
        "west": {
          "uv": [
            7,
            3.5,
            5.25,
            6.5
          ],
          "rotation": 270,
          "texture": "#0"
        },
        "up": {
          "uv": [
            11,
            3.5,
            12.75,
            6.5
          ],
          "texture": "#0"
        },
        "down": {
          "uv": [
            7,
            3.5,
            9,
            6.5
          ],
          "rotation": 180,
          "texture": "#0"
        }
      }
    },
    {
      "from": [
        6.5,
        0,
        4
      ],
      "to": [
        7.5,
        4,
        5
      ],
      "shade": false,
      "rotation": {
        "angle": 0,
        "axis": "x",
        "origin": [
          0,
          1,
          13
        ]
      },
      "faces": {
        "north": {
          "uv": [
            1,
            10,
            1.5,
            14
          ],
          "texture": "#0"
        },
        "east": {
          "uv": [
            0.5,
            10,
            1,
            14
          ],
          "texture": "#0"
        },
        "south": {
          "uv": [
            0,
            10,
            0.5,
            14
          ],
          "texture": "#0"
        },
        "west": {
          "uv": [
            1.5,
            10,
            2,
            14
          ],
          "texture": "#0"
        },
        "up": {
          "uv": [
            1,
            9,
            1.5,
            10
          ],
          "texture": "#0"
        },
        "down": {
          "uv": [
            0.5,
            9,
            1,
            10
          ],
          "texture": "#0"
        }
      }
    },
    {
      "from": [
        8.5,
        0,
        4
      ],
      "to": [
        9.5,
        4,
        5
      ],
      "shade": false,
      "rotation": {
        "angle": 0,
        "axis": "x",
        "origin": [
          0,
          0,
          5
        ]
      },
      "faces": {
        "north": {
          "uv": [
            1.5,
            10,
            1,
            14
          ],
          "texture": "#0"
        },
        "east": {
          "uv": [
            0.5,
            10,
            1,
            14
          ],
          "texture": "#0"
        },
        "south": {
          "uv": [
            0,
            10,
            0.5,
            14
          ],
          "texture": "#0"
        },
        "west": {
          "uv": [
            1.5,
            10,
            2,
            14
          ],
          "texture": "#0"
        },
        "up": {
          "uv": [
            1,
            9,
            1.5,
            10
          ],
          "rotation": 270,
          "texture": "#0"
        },
        "down": {
          "uv": [
            0.5,
            9,
            1,
            10
          ],
          "rotation": 90,
          "texture": "#0"
        }
      }
    },
    {
      "from": [
        8.5,
        0,
        6
      ],
      "to": [
        9.5,
        1,
        10
      ],
      "shade": false,
      "rotation": {
        "angle": -22.5,
        "axis": "y",
        "origin": [
          8.3,
          1,
          10
        ]
      },
      "faces": {
        "north": {
          "uv": [
            1,
            9,
            1.5,
            10
          ],
          "rotation": 180,
          "texture": "#0"
        },
        "east": {
          "uv": [
            0.5,
            10,
            1,
            14
          ],
          "rotation": 270,
          "texture": "#0"
        },
        "south": {
          "uv": [
            0.5,
            9,
            1,
            10
          ],
          "texture": "#0"
        },
        "west": {
          "uv": [
            1.5,
            10,
            2,
            14
          ],
          "rotation": 90,
          "texture": "#0"
        },
        "up": {
          "uv": [
            1.5,
            10,
            1,
            14
          ],
          "rotation": 180,
          "texture": "#0"
        },
        "down": {
          "uv": [
            0,
            10,
            0.5,
            14
          ],
          "texture": "#0"
        }
      }
    },
    {
      "from": [
        6.8,
        0,
        6
      ],
      "to": [
        7.8,
        1,
        10
      ],
      "shade": false,
      "rotation": {
        "angle": 22.5,
        "axis": "y",
        "origin": [
          7.5,
          1,
          10
        ]
      },
      "faces": {
        "north": {
          "uv": [
            1,
            9,
            1.5,
            10
          ],
          "rotation": 180,
          "texture": "#0"
        },
        "east": {
          "uv": [
            0.5,
            10,
            1,
            14
          ],
          "rotation": 270,
          "texture": "#0"
        },
        "south": {
          "uv": [
            0.5,
            9,
            1,
            10
          ],
          "texture": "#0"
        },
        "west": {
          "uv": [
            1.5,
            10,
            2,
            14
          ],
          "rotation": 90,
          "texture": "#0"
        },
        "up": {
          "uv": [
            1.5,
            10,
            1,
            14
          ],
          "rotation": 180,
          "texture": "#0"
        },
        "down": {
          "uv": [
            0,
            10,
            0.5,
            14
          ],
          "texture": "#0"
        }
      }
    },
    {
      "from": [
        8,
        -0.5,
        11.84149
      ],
      "to": [
        10,
        0.5,
        12.84149
      ],
      "shade": false,
      "rotation": {
        "angle": -22.5,
        "axis": "y",
        "origin": [
          8,
          0,
          12
        ]
      },
      "faces": {
        "north": {
          "uv": [
            2.25,
            12,
            4.25,
            14
          ],
          "texture": "#0"
        },
        "east": {
          "uv": [
            3.25,
            9,
            3.75,
            10
          ],
          "rotation": 270,
          "texture": "#0"
        },
        "south": {
          "uv": [
            2.25,
            11,
            4.25,
            14
          ],
          "texture": "#0"
        },
        "west": {
          "uv": [
            3.25,
            9,
            3.75,
            10
          ],
          "rotation": 270,
          "texture": "#0"
        },
        "up": {
          "uv": [
            2.25,
            10,
            4.25,
            11
          ],
          "texture": "#0"
        },
        "down": {
          "uv": [
            2.25,
            13,
            4.25,
            14
          ],
          "rotation": 90,
          "texture": "#0"
        }
      }
    },
    {
      "from": [
        7.5,
        0,
        11
      ],
      "to": [
        8.5,
        2,
        12
      ],
      "shade": false,
      "rotation": {
        "angle": -22.5,
        "axis": "x",
        "origin": [
          8,
          2,
          11
        ]
      },
      "faces": {
        "north": {
          "uv": [
            2.25,
            10,
            2.75,
            13.5
          ],
          "texture": "#0"
        },
        "east": {
          "uv": [
            2.75,
            10,
            3.25,
            13.5
          ],
          "texture": "#0"
        },
        "south": {
          "uv": [
            3.25,
            10,
            3.75,
            13.5
          ],
          "texture": "#0"
        },
        "west": {
          "uv": [
            3.75,
            10,
            4.25,
            13.5
          ],
          "texture": "#0"
        },
        "up": {
          "uv": [
            3.25,
            9,
            3.75,
            10
          ],
          "texture": "#0"
        },
        "down": {
          "uv": [
            3.25,
            9,
            3.75,
            10
          ],
          "texture": "#0"
        }
      }
    }
  ],
  "display": {
    "thirdperson_righthand": {
      "rotation": [
        95,
        0,
        0
      ]
    },
    "thirdperson_lefthand": {
      "rotation": [
        90,
        0,
        0
      ]
    },
    "firstperson_righthand": {
      "rotation": [
        8,
        110,
        8
      ],
      "translation": [
        5.25,
        4.75,
        0
      ],
      "scale": [
        1.69,
        1.71,
        1.67
      ]
    },
    "firstperson_lefthand": {
      "rotation": [
        0,
        111,
        2
      ],
      "translation": [
        2,
        5,
        3.25
      ]
    },
    "ground": {
      "translation": [
        0,
        3.75,
        0
      ]
    },
    "gui": {
      "rotation": [
        21,
        120,
        0
      ],
      "translation": [
        0,
        -29.5,
        0
      ]
    },
    "head": {
      "translation": [
        0,
        14.5,
        0
      ]
    },
    "fixed": {
      "rotation": [
        0,
        -54,
        0
      ],
      "translation": [
        0,
        0,
        -2.25
      ]
    }
  },
  "groups": [
    {
      "name": "lobo",
      "origin": [
        8,
        8,
        8
      ],
      "color": 0,
      "children": [
        {
          "name": "head",
          "origin": [
            -1,
            10.5,
            -7
          ],
          "color": 0,
          "shade": false,
          "children": [
            0,
            1,
            2,
            3,
            4
          ]
        },
        {
          "name": "body",
          "origin": [
            0,
            10,
            2
          ],
          "color": 0,
          "shade": false,
          "children": [
            5
          ]
        },
        {
          "name": "upperBody",
          "origin": [
            -1,
            10,
            2
          ],
          "color": 0,
          "shade": false,
          "children": [
            6
          ]
        },
        {
          "name": "leg0",
          "origin": [
            -2.5,
            8,
            7
          ],
          "color": 0,
          "shade": false,
          "children": [
            7
          ]
        },
        {
          "name": "leg1",
          "origin": [
            0.5,
            8,
            7
          ],
          "color": 0,
          "shade": false,
          "children": [
            8
          ]
        },
        {
          "name": "leg2",
          "origin": [
            -2.5,
            8,
            -4
          ],
          "color": 0,
          "shade": false,
          "children": [
            9
          ]
        },
        {
          "name": "leg3",
          "origin": [
            0.5,
            8,
            -4
          ],
          "color": 0,
          "shade": false,
          "children": [
            10
          ]
        },
        {
          "name": "tail",
          "origin": [
            -1,
            12,
            8
          ],
          "color": 0,
          "shade": false,
          "children": [
            11,
            12
          ]
        }
      ]
    }
  ]
}