{
  "format_version": "1.12.0",
  "minecraft:geometry": [
    {
      "description": {
        "identifier": "geometry.unknown",
        "texture_width": 64,
        "texture_height": 64,
        "visible_bounds_width": 2,
        "visible_bounds_height": 2.5,
        "visible_bounds_offset": [
          0,
          0.75,
          0
        ]
      },
      "bones": [
        {
          "name": "cabeza",
          "pivot": [
            8,
            20,
            -8
          ],
          "cubes": [
            {
              "origin": [
                -4,
                9,
                -4
              ],
              "size": [
                8,
                3,
                8
              ],
              "uv": [
                0,
                13
              ]
            },
            {
              "origin": [
                -1,
                7,
                -5
              ],
              "size": [
                2,
                3,
                1
              ],
              "uv": [
                12,
                24
              ]
            }
          ]
        },
        {
          "name": "accesorio",
          "parent": "cabeza",
          "pivot": [
            0,
            17,
            0
          ],
          "cubes": [
            {
              "origin": [
                -1,
                11,
                -1
              ],
              "size": [
                2,
                6,
                2
              ],
              "uv": [
                32,
                6
              ]
            },
            {
              "origin": [
                -2,
                15,
                -2
              ],
              "size": [
                4,
                4,
                4
              ],
              "uv": [
                0,
                24
              ]
            }
          ]
        },
        {
          "name": "cuerpo",
          "pivot": [
            8,
            20,
            -8
          ],
          "cubes": [
            {
              "origin": [
                -4,
                4,
                -4
              ],
              "size": [
                8,
                5,
                8
              ],
              "uv": [
                0,
                0
              ]
            }
          ]
        },
        {
          "name": "pierna_derecho",
          "pivot": [
            0,
            4,
            1
          ],
          "cubes": [
            {
              "origin": [
                -6.65797,
                0,
                -6.93969
              ],
              "size": [
                2,
                6,
                2
              ],
              "uv": [
                0,
                32
              ]
            }
          ]
        },
        {
          "name": "cube_r1",
          "parent": "pierna_derecho",
          "pivot": [
            2.34203,
            21,
            -13.93969
          ],
          "rotation": [
            -15.00004,
            42.50201,
            0
          ],
          "cubes": [
            {
              "origin": [
                -9.96093,
                4.67281,
                -9.32228
              ],
              "size": [
                2,
                2,
                4
              ],
              "uv": [
                24,
                26
              ]
            }
          ]
        },
        {
          "name": "pierna_derecho2",
          "pivot": [
            0,
            4,
            -1
          ],
          "rotation": [
            0,
            90.00021,
            0
          ],
          "cubes": [
            {
              "origin": [
                -7.90631,
                0,
                -7.57739
              ],
              "size": [
                2,
                6,
                2
              ],
              "uv": [
                14,
                30
              ]
            }
          ]
        },
        {
          "name": "cube_r2",
          "parent": "pierna_derecho2",
          "pivot": [
            1.09366,
            21,
            1.42264
          ],
          "rotation": [
            -15.00004,
            42.50201,
            0
          ],
          "cubes": [
            {
              "origin": [
                -0.3994,
                1.61976,
                -5.35406
              ],
              "size": [
                2,
                2,
                4
              ],
              "uv": [
                16,
                24
              ]
            }
          ]
        },
        {
          "name": "pierna_izquierdo",
          "pivot": [
            0,
            4,
            -1
          ],
          "rotation": [
            0,
            180.00042,
            0
          ],
          "cubes": [
            {
              "origin": [
                -6.57738,
                0,
                -8.9063
              ],
              "size": [
                2,
                6,
                2
              ],
              "uv": [
                0,
                13
              ]
            }
          ]
        },
        {
          "name": "cube_r3",
          "parent": "pierna_izquierdo",
          "pivot": [
            -13.57743,
            21,
            0.09364
          ],
          "rotation": [
            -15.00004,
            42.50201,
            0
          ],
          "cubes": [
            {
              "origin": [
                -3.27447,
                4.41759,
                3.75853
              ],
              "size": [
                2,
                2,
                4
              ],
              "uv": [
                24,
                13
              ]
            }
          ]
        },
        {
          "name": "pierna_izquierdo2",
          "pivot": [
            0,
            4,
            1
          ],
          "rotation": [
            0,
            -90.00021,
            0
          ],
          "cubes": [
            {
              "origin": [
                -7.93969,
                0,
                -5.65798
              ],
              "size": [
                2,
                6,
                2
              ],
              "uv": [
                0,
                0
              ]
            }
          ]
        },
        {
          "name": "brazo_izquierdo2_r1",
          "parent": "pierna_izquierdo2",
          "pivot": [
            -14.93972,
            21,
            6.34205
          ],
          "rotation": [
            -15.00004,
            42.50201,
            0
          ],
          "cubes": [
            {
              "origin": [
                -2.60987,
                3.84512,
                7.87047
              ],
              "size": [
                2,
                2,
                4
              ],
              "uv": [
                24,
                0
              ]
            }
          ]
        }
      ]
    }
  ]
}