{
  "credit": "Made with Blockbench",
  "texture_size": [
    64,
    64
  ],
  "elements": [
    {
      "from": [
        3,
        0,
        2
      ],
      "to": [
        13,
        8,
        12
      ],
      "faces": {
        "north": {
          "uv": [
            1.75,
            4.125,
            3.5,
            5.375
          ],
          "texture": "#1"
        },
        "east": {
          "uv": [
            3.5,
            4.125,
            5.25,
            5.375
          ],
          "texture": "#1"
        },
        "south": {
          "uv": [
            5.25,
            4.125,
            7,
            5.375
          ],
          "texture": "#1"
        },
        "west": {
          "uv": [
            0,
            4.125,
            1.75,
            5.375
          ],
          "texture": "#1"
        },
        "up": {
          "uv": [
            3.5,
            4.125,
            1.75,
            2.375
          ],
          "texture": "#1"
        },
        "down": {
          "uv": [
            5.25,
            2.375,
            3.5,
            4.125
          ],
          "texture": "#1"
        }
      }
    },
    {
      "from": [
        3,
        7.82683,
        1.7612
      ],
      "to": [
        13,
        9.82683,
        11.7612
      ],
      "rotation": {
        "angle": 22.5,
        "axis": "x",
        "origin": [
          8,
          8,
          12
        ]
      },
      "faces": {
        "north": {
          "uv": [
            1.75,
            1.75,
            3.5,
            2.375
          ],
          "texture": "#1"
        },
        "east": {
          "uv": [
            0,
            1.75,
            1.75,
            2.375
          ],
          "texture": "#1"
        },
        "south": {
          "uv": [
            5.25,
            1.75,
            7,
            2.375
          ],
          "texture": "#1"
        },
        "west": {
          "uv": [
            5.25,
            1.75,
            7,
            2.375
          ],
          "texture": "#1"
        },
        "up": {
          "uv": [
            5.25,
            4.125,
            3.5,
            2.375
          ],
          "texture": "#1"
        },
        "down": {
          "uv": [
            5.25,
            0,
            3.5,
            1.75
          ],
          "texture": "#1"
        }
      }
    },
    {
      "from": [
        7,
        10,
        0
      ],
      "to": [
        9,
        13,
        1
      ],
      "rotation": {
        "angle": 22.5,
        "axis": "x",
        "origin": [
          8,
          8,
          2
        ]
      },
      "faces": {
        "north": {
          "uv": [
            0.125,
            0.125,
            0.375,
            0.625
          ],
          "texture": "#1"
        },
        "east": {
          "uv": [
            0.375,
            0.125,
            0.5,
            0.625
          ],
          "texture": "#1"
        },
        "south": {
          "uv": [
            0.5,
            0.125,
            0.75,
            0.625
          ],
          "texture": "#1"
        },
        "west": {
          "uv": [
            0.375,
            0.125,
            0.5,
            0.625
          ],
          "texture": "#1"
        },
        "up": {
          "uv": [
            0.375,
            0.125,
            0.125,
            0
          ],
          "texture": "#1"
        },
        "down": {
          "uv": [
            0.625,
            0,
            0.375,
            0.125
          ],
          "texture": "#1"
        }
      }
    },
    {
      "from": [
        8,
        6.5,
        4.5
      ],
      "to": [
        11,
        9.5,
        7.5
      ],
      "faces": {
        "north": {
          "uv": [
            7,
            3.25,
            9,
            5.375
          ],
          "texture": "#1"
        },
        "east": {
          "uv": [
            9,
            3.25,
            11,
            5.375
          ],
          "texture": "#1"
        },
        "south": {
          "uv": [
            9,
            3.25,
            11,
            5.375
          ],
          "texture": "#1"
        },
        "west": {
          "uv": [
            7,
            3.25,
            9,
            5.375
          ],
          "texture": "#1"
        },
        "up": {
          "uv": [
            9,
            3.375,
            7,
            1.375
          ],
          "texture": "#1"
        },
        "down": {
          "uv": [
            8.375,
            0.375,
            7.375,
            1.375
          ],
          "texture": "#1"
        }
      }
    },
    {
      "from": [
        5,
        6.5,
        4.6
      ],
      "to": [
        8,
        9.5,
        7.6
      ],
      "faces": {
        "north": {
          "uv": [
            11,
            1.375,
            13,
            3.375
          ],
          "texture": "#1"
        },
        "east": {
          "uv": [
            9,
            1.375,
            11,
            3.25
          ],
          "texture": "#1"
        },
        "south": {
          "uv": [
            9.05,
            1.4,
            10.925,
            3.275
          ],
          "texture": "#1"
        },
        "west": {
          "uv": [
            9,
            1.375,
            11,
            3.375
          ],
          "texture": "#1"
        },
        "up": {
          "uv": [
            13,
            5.375,
            11,
            3.375
          ],
          "texture": "#1"
        },
        "down": {
          "uv": [
            13,
            3.375,
            11,
            5.375
          ],
          "texture": "#1"
        }
      }
    }
  ],
  "display": {
    "thirdperson_righthand": {
      "rotation": [
        49,
        0,
        0
      ],
      "scale": [
        0.3,
        0.3,
        0.3
      ]
    },
    "thirdperson_lefthand": {
      "rotation": [
        49,
        0,
        0
      ],
      "scale": [
        0.3,
        0.3,
        0.3
      ]
    },
    "firstperson_righthand": {
      "rotation": [
        0,
        140,
        0
      ],
      "translation": [
        0,
        3.25,
        0.5
      ]
    },
    "firstperson_lefthand": {
      "rotation": [
        0,
        140,
        0
      ],
      "translation": [
        0,
        3.25,
        0.5
      ]
    },
    "ground": {
      "translation": [
        0,
        8.25,
        0
      ],
      "scale": [
        1.5,
        1.5,
        1.5
      ]
    },
    "gui": {
      "rotation": [
        0,
        159,
        0
      ],
      "translation": [
        0,
        -13.5,
        0
      ]
    },
    "head": {
      "translation": [
        0,
        14.5,
        0.75
      ]
    },
    "fixed": {
      "translation": [
        0,
        0,
        -3.25
      ]
    }
  },
  "groups": [
    {
      "name": "mochila",
      "origin": [
        0,
        0,
        0
      ],
      "color": 0,
      "children": [
        {
          "name": "cofre",
          "origin": [
            0,
            0,
            0
          ],
          "color": 0,
          "children": [
            0,
            1,
            2
          ]
        },
        {
          "name": "mesa",
          "origin": [
            8,
            8,
            8
          ],
          "color": 0,
          "children": [
            3
          ]
        },
        {
          "name": "hornos",
          "origin": [
            0,
            0,
            0
          ],
          "color": 0,
          "children": [
            4
          ]
        }
      ]
    }
  ]
}