{
  "credit": "P13D_orginal",
  "texture_size": [
    128,
    128
  ],
  "elements": [
    {
      "from": [
        2,
        6.5,
        2.3
      ],
      "to": [
        5,
        9.5,
        9.3
      ],
      "rotation": {
        "angle": -45,
        "axis": "x",
        "origin": [
          5,
          8,
          8
        ]
      },
      "faces": {
        "north": {
          "uv": [
            3.5,
            5.5,
            3,
            6
          ],
          "rotation": 180,
          "texture": "#0"
        },
        "east": {
          "uv": [
            2,
            6,
            2.5,
            7.125
          ],
          "rotation": 270,
          "texture": "#0"
        },
        "south": {
          "uv": [
            3,
            6,
            2.5,
            5.5
          ],
          "texture": "#0"
        },
        "west": {
          "uv": [
            3,
            6,
            3.5,
            7.125
          ],
          "rotation": 90,
          "texture": "#0"
        },
        "up": {
          "uv": [
            2.5,
            6,
            3,
            7.125
          ],
          "rotation": 180,
          "texture": "#0"
        },
        "down": {
          "uv": [
            3.5,
            6,
            4,
            7.125
          ],
          "texture": "#0"
        }
      }
    },
    {
      "from": [
        11,
        2.3,
        6.6
      ],
      "to": [
        14,
        9.3,
        9.6
      ],
      "rotation": {
        "angle": 0,
        "axis": "x",
        "origin": [
          0,
          9,
          8
        ]
      },
      "faces": {
        "north": {
          "uv": [
            0.5,
            5.25,
            1,
            6.375
          ],
          "texture": "#0"
        },
        "east": {
          "uv": [
            0,
            5.25,
            0.5,
            6.375
          ],
          "texture": "#0"
        },
        "south": {
          "uv": [
            1.5,
            5.25,
            2,
            6.375
          ],
          "texture": "#0"
        },
        "west": {
          "uv": [
            1,
            5.25,
            1.5,
            6.375
          ],
          "texture": "#0"
        },
        "up": {
          "uv": [
            1,
            5.25,
            0.5,
            4.75
          ],
          "texture": "#0"
        },
        "down": {
          "uv": [
            1.5,
            4.75,
            1,
            5.25
          ],
          "texture": "#0"
        }
      }
    },
    {
      "from": [
        6,
        0,
        7
      ],
      "to": [
        8,
        4,
        9
      ],
      "faces": {
        "north": {
          "uv": [
            0.25,
            6.625,
            0.5,
            7.125
          ],
          "texture": "#0"
        },
        "east": {
          "uv": [
            0,
            6.625,
            0.25,
            7.125
          ],
          "texture": "#0"
        },
        "south": {
          "uv": [
            0.75,
            6.625,
            1,
            7.125
          ],
          "texture": "#0"
        },
        "west": {
          "uv": [
            0.5,
            6.625,
            0.75,
            7.125
          ],
          "texture": "#0"
        },
        "up": {
          "uv": [
            0.5,
            6.625,
            0.25,
            6.375
          ],
          "texture": "#0"
        },
        "down": {
          "uv": [
            0.75,
            6.375,
            0.5,
            6.625
          ],
          "texture": "#0"
        }
      }
    },
    {
      "from": [
        8,
        0,
        7
      ],
      "to": [
        10,
        4,
        9
      ],
      "faces": {
        "north": {
          "uv": [
            6.75,
            1.25,
            7,
            1.75
          ],
          "texture": "#0"
        },
        "east": {
          "uv": [
            6.5,
            1.25,
            6.75,
            1.75
          ],
          "texture": "#0"
        },
        "south": {
          "uv": [
            7.25,
            1.25,
            7.5,
            1.75
          ],
          "texture": "#0"
        },
        "west": {
          "uv": [
            7,
            1.25,
            7.25,
            1.75
          ],
          "texture": "#0"
        },
        "up": {
          "uv": [
            7,
            1.25,
            6.75,
            1
          ],
          "texture": "#0"
        },
        "down": {
          "uv": [
            7.25,
            1,
            7,
            1.25
          ],
          "texture": "#0"
        }
      }
    },
    {
      "from": [
        5.3,
        5.5,
        1
      ],
      "to": [
        10.4,
        10.8,
        6
      ],
      "faces": {
        "north": {
          "uv": [
            1,
            3.625,
            2,
            4.75
          ],
          "texture": "#0"
        },
        "east": {
          "uv": [
            0,
            3.625,
            1,
            4.75
          ],
          "texture": "#0"
        },
        "south": {
          "uv": [
            3,
            3.625,
            4,
            4.75
          ],
          "texture": "#0"
        },
        "west": {
          "uv": [
            2,
            3.625,
            3,
            4.75
          ],
          "texture": "#0"
        },
        "up": {
          "uv": [
            2,
            3.625,
            1,
            2.625
          ],
          "texture": "#0"
        },
        "down": {
          "uv": [
            3,
            2.625,
            2,
            3.625
          ],
          "texture": "#0"
        }
      }
    },
    {
      "from": [
        5.6,
        5.9,
        1.4
      ],
      "to": [
        10.2,
        10.7,
        5.9
      ],
      "faces": {
        "north": {
          "uv": [
            4.5,
            2.625,
            5.5,
            3.625
          ],
          "texture": "#0"
        },
        "east": {
          "uv": [
            3.5,
            2.625,
            4.5,
            3.625
          ],
          "texture": "#0"
        },
        "south": {
          "uv": [
            6.5,
            2.625,
            7.5,
            3.625
          ],
          "texture": "#0"
        },
        "west": {
          "uv": [
            5.5,
            2.625,
            6.5,
            3.625
          ],
          "texture": "#0"
        },
        "up": {
          "uv": [
            5.5,
            2.625,
            4.5,
            1.625
          ],
          "texture": "#0"
        },
        "down": {
          "uv": [
            6.5,
            1.625,
            5.5,
            2.625
          ],
          "texture": "#0"
        }
      }
    },
    {
      "from": [
        5,
        2,
        6
      ],
      "to": [
        11,
        11,
        10
      ],
      "faces": {
        "north": {
          "uv": [
            1,
            1,
            2.25,
            2.625
          ],
          "texture": "#0"
        },
        "east": {
          "uv": [
            0,
            1,
            1,
            2.625
          ],
          "texture": "#0"
        },
        "south": {
          "uv": [
            3.25,
            1,
            4.5,
            2.625
          ],
          "texture": "#0"
        },
        "west": {
          "uv": [
            2.25,
            1,
            3.25,
            2.625
          ],
          "texture": "#0"
        },
        "up": {
          "uv": [
            2.25,
            1,
            1,
            0
          ],
          "texture": "#0"
        },
        "down": {
          "uv": [
            3.5,
            0,
            2.25,
            1
          ],
          "texture": "#0"
        }
      }
    },
    {
      "from": [
        5.5,
        1,
        6.5
      ],
      "to": [
        10.5,
        5,
        9.5
      ],
      "faces": {
        "north": {
          "uv": [
            4,
            4.75,
            5.125,
            5.5
          ],
          "texture": "#0"
        },
        "east": {
          "uv": [
            3.125,
            4.75,
            4,
            5.5
          ],
          "texture": "#0"
        },
        "south": {
          "uv": [
            6,
            4.75,
            7.125,
            5.5
          ],
          "texture": "#0"
        },
        "west": {
          "uv": [
            5.125,
            4.75,
            6,
            5.5
          ],
          "texture": "#0"
        },
        "up": {
          "uv": [
            5.125,
            4.75,
            4,
            3.875
          ],
          "texture": "#0"
        },
        "down": {
          "uv": [
            6.25,
            3.875,
            5.125,
            4.75
          ],
          "texture": "#0"
        }
      }
    },
    {
      "from": [
        4.9,
        11,
        6
      ],
      "to": [
        5.4,
        11.5,
        10
      ],
      "faces": {
        "north": {
          "uv": [
            6.25,
            6.625,
            6.375,
            6.75
          ],
          "texture": "#0"
        },
        "east": {
          "uv": [
            5.25,
            6.625,
            6.25,
            6.75
          ],
          "texture": "#0"
        },
        "south": {
          "uv": [
            7.375,
            6.625,
            7.5,
            6.75
          ],
          "texture": "#0"
        },
        "west": {
          "uv": [
            6.375,
            6.625,
            7.375,
            6.75
          ],
          "texture": "#0"
        },
        "up": {
          "uv": [
            6.375,
            6.625,
            6.25,
            5.625
          ],
          "texture": "#0"
        },
        "down": {
          "uv": [
            6.5,
            5.625,
            6.375,
            6.625
          ],
          "texture": "#0"
        }
      }
    },
    {
      "from": [
        4.9,
        6,
        6
      ],
      "to": [
        5.4,
        6.5,
        10
      ],
      "faces": {
        "north": {
          "uv": [
            5,
            6.5,
            5.125,
            6.625
          ],
          "texture": "#0"
        },
        "east": {
          "uv": [
            4,
            6.5,
            5,
            6.625
          ],
          "texture": "#0"
        },
        "south": {
          "uv": [
            6.125,
            6.5,
            6.25,
            6.625
          ],
          "texture": "#0"
        },
        "west": {
          "uv": [
            5.125,
            6.5,
            6.125,
            6.625
          ],
          "texture": "#0"
        },
        "up": {
          "uv": [
            5.125,
            6.5,
            5,
            5.5
          ],
          "texture": "#0"
        },
        "down": {
          "uv": [
            5.25,
            5.5,
            5.125,
            6.5
          ],
          "texture": "#0"
        }
      }
    },
    {
      "from": [
        4.9,
        6,
        5.5
      ],
      "to": [
        5.4,
        11.5,
        6
      ],
      "faces": {
        "north": {
          "uv": [
            2.125,
            4.875,
            2.25,
            5.875
          ],
          "texture": "#0"
        },
        "east": {
          "uv": [
            2,
            4.875,
            2.125,
            5.875
          ],
          "texture": "#0"
        },
        "south": {
          "uv": [
            2.375,
            4.875,
            2.5,
            5.875
          ],
          "texture": "#0"
        },
        "west": {
          "uv": [
            2.25,
            4.875,
            2.375,
            5.875
          ],
          "texture": "#0"
        },
        "up": {
          "uv": [
            2.25,
            4.875,
            2.125,
            4.75
          ],
          "texture": "#0"
        },
        "down": {
          "uv": [
            2.375,
            4.75,
            2.25,
            4.875
          ],
          "texture": "#0"
        }
      }
    },
    {
      "from": [
        4.9,
        6,
        10
      ],
      "to": [
        5.4,
        11.5,
        10.5
      ],
      "faces": {
        "north": {
          "uv": [
            6.375,
            3.75,
            6.5,
            4.75
          ],
          "texture": "#0"
        },
        "east": {
          "uv": [
            6.25,
            3.75,
            6.375,
            4.75
          ],
          "texture": "#0"
        },
        "south": {
          "uv": [
            6.625,
            3.75,
            6.75,
            4.75
          ],
          "texture": "#0"
        },
        "west": {
          "uv": [
            6.5,
            3.75,
            6.625,
            4.75
          ],
          "texture": "#0"
        },
        "up": {
          "uv": [
            6.5,
            3.75,
            6.375,
            3.625
          ],
          "texture": "#0"
        },
        "down": {
          "uv": [
            6.625,
            3.625,
            6.5,
            3.75
          ],
          "texture": "#0"
        }
      }
    },
    {
      "from": [
        5.5,
        4.9,
        10
      ],
      "to": [
        9.2,
        10,
        12.5
      ],
      "faces": {
        "north": {
          "uv": [
            5,
            0.5,
            5.75,
            1.5
          ],
          "texture": "#0"
        },
        "east": {
          "uv": [
            4.5,
            0.5,
            5,
            1.5
          ],
          "texture": "#0"
        },
        "south": {
          "uv": [
            6.25,
            0.5,
            7,
            1.5
          ],
          "texture": "#0"
        },
        "west": {
          "uv": [
            5.75,
            0.5,
            6.25,
            1.5
          ],
          "texture": "#0"
        },
        "up": {
          "uv": [
            5.75,
            0.5,
            5,
            0
          ],
          "texture": "#0"
        },
        "down": {
          "uv": [
            6.5,
            0,
            5.75,
            0.5
          ],
          "texture": "#0"
        }
      }
    }
  ],
  "groups": [
    {
      "name": "rascal",
      "origin": [
        0,
        0,
        0
      ],
      "color": 0,
      "nbt": "{}",
      "armAnimationEnabled": false,
      "children": [
        {
          "name": "leftArm",
          "origin": [
            -7,
            13.5,
            5
          ],
          "rotation": [
            72.5,
            0,
            0
          ],
          "color": 1,
          "nbt": "{}",
          "armAnimationEnabled": false,
          "children": [
            0
          ]
        },
        {
          "name": "rightArm",
          "origin": [
            7,
            13.5,
            5
          ],
          "color": 2,
          "nbt": "{}",
          "armAnimationEnabled": false,
          "children": [
            1
          ]
        },
        {
          "name": "leftLeg",
          "origin": [
            -2,
            7,
            3
          ],
          "color": 3,
          "nbt": "{}",
          "armAnimationEnabled": false,
          "children": [
            2
          ]
        },
        {
          "name": "rightLeg",
          "origin": [
            2,
            6,
            3
          ],
          "color": 4,
          "nbt": "{}",
          "armAnimationEnabled": false,
          "children": [
            3
          ]
        },
        {
          "name": "head",
          "origin": [
            0,
            12.75,
            -1
          ],
          "color": 5,
          "nbt": "{}",
          "armAnimationEnabled": false,
          "children": [
            4,
            5
          ]
        },
        {
          "name": "cloak",
          "origin": [
            0,
            12.5,
            3
          ],
          "color": 6,
          "nbt": "{}",
          "armAnimationEnabled": false,
          "children": [
            6,
            {
              "name": "cloak_layer_2",
              "origin": [
                0,
                4,
                3
              ],
              "color": 7,
              "nbt": "{}",
              "armAnimationEnabled": false,
              "children": [
                7
              ]
            }
          ]
        },
        {
          "name": "bag_strap",
          "origin": [
            -4.6,
            16,
            8
          ],
          "color": 8,
          "nbt": "{}",
          "armAnimationEnabled": false,
          "children": [
            8,
            9,
            10,
            11,
            {
              "name": "bag",
              "origin": [
                -4.1,
                13,
                9
              ],
              "color": 9,
              "nbt": "{}",
              "armAnimationEnabled": false,
              "children": [
                12
              ]
            }
          ]
        }
      ]
    }
  ]
}