{
  "credit": "Made with Blockbench",
  "texture_size": [
    64,
    32
  ],
  "elements": [
    {
      "from": [
        1,
        0,
        1
      ],
      "to": [
        6,
        5,
        6
      ],
      "shade": false,
      "rotation": {
        "angle": -45,
        "axis": "y",
        "origin": [
          3,
          0,
          4
        ]
      },
      "faces": {
        "north": {
          "uv": [
            1.5,
            11,
            3,
            14
          ],
          "texture": "#0"
        },
        "east": {
          "uv": [
            0,
            11,
            1.5,
            14
          ],
          "texture": "#0"
        },
        "south": {
          "uv": [
            4.5,
            11,
            6,
            14
          ],
          "texture": "#0"
        },
        "west": {
          "uv": [
            3,
            11,
            4.5,
            14
          ],
          "texture": "#0"
        },
        "up": {
          "uv": [
            3,
            11,
            1.5,
            8
          ],
          "texture": "#0"
        },
        "down": {
          "uv": [
            4.5,
            8,
            3,
            11
          ],
          "texture": "#0"
        }
      }
    },
    {
      "name": "eye0",
      "from": [
        0.7,
        2,
        0.5
      ],
      "to": [
        1.7,
        3,
        1.5
      ],
      "shade": false,
      "rotation": {
        "angle": -45,
        "axis": "y",
        "origin": [
          3,
          0,
          4
        ]
      },
      "faces": {
        "north": {
          "uv": [
            8.5,
            1,
            9,
            2
          ],
          "texture": "#0"
        },
        "east": {
          "uv": [
            8,
            1,
            8.5,
            2
          ],
          "texture": "#0"
        },
        "south": {
          "uv": [
            9.5,
            1,
            10,
            2
          ],
          "texture": "#0"
        },
        "west": {
          "uv": [
            9,
            1,
            9.5,
            2
          ],
          "texture": "#0"
        },
        "up": {
          "uv": [
            9,
            1,
            8.5,
            0
          ],
          "texture": "#0"
        },
        "down": {
          "uv": [
            9.5,
            0,
            9,
            1
          ],
          "texture": "#0"
        }
      }
    },
    {
      "name": "eye1",
      "from": [
        5.3,
        2,
        0.5
      ],
      "to": [
        6.3,
        3,
        1.5
      ],
      "shade": false,
      "rotation": {
        "angle": -45,
        "axis": "y",
        "origin": [
          3,
          0,
          4
        ]
      },
      "faces": {
        "north": {
          "uv": [
            8.5,
            3,
            9,
            4
          ],
          "texture": "#0"
        },
        "east": {
          "uv": [
            8,
            3,
            8.5,
            4
          ],
          "texture": "#0"
        },
        "south": {
          "uv": [
            9.5,
            3,
            10,
            4
          ],
          "texture": "#0"
        },
        "west": {
          "uv": [
            9,
            3,
            9.5,
            4
          ],
          "texture": "#0"
        },
        "up": {
          "uv": [
            9,
            3,
            8.5,
            2
          ],
          "texture": "#0"
        },
        "down": {
          "uv": [
            9.5,
            2,
            9,
            3
          ],
          "texture": "#0"
        }
      }
    },
    {
      "name": "mouth",
      "from": [
        4,
        1,
        0.5
      ],
      "to": [
        4.5,
        1.5,
        1
      ],
      "shade": false,
      "rotation": {
        "angle": -45,
        "axis": "y",
        "origin": [
          3,
          0,
          4
        ]
      },
      "faces": {
        "north": {
          "uv": [
            8.25,
            4.5,
            8.5,
            5
          ],
          "texture": "#0"
        },
        "east": {
          "uv": [
            8,
            4.5,
            8.25,
            5
          ],
          "texture": "#0"
        },
        "south": {
          "uv": [
            8.75,
            4.5,
            9,
            5
          ],
          "texture": "#0"
        },
        "west": {
          "uv": [
            8.5,
            4.5,
            8.75,
            5
          ],
          "texture": "#0"
        },
        "up": {
          "uv": [
            8.5,
            4.5,
            8.25,
            4
          ],
          "texture": "#0"
        },
        "down": {
          "uv": [
            8.75,
            4,
            8.5,
            4.5
          ],
          "texture": "#0"
        }
      }
    },
    {
      "from": [
        6,
        0,
        6
      ],
      "to": [
        14,
        8,
        14
      ],
      "shade": false,
      "rotation": {
        "angle": 22.5,
        "axis": "y",
        "origin": [
          9,
          0,
          8
        ]
      },
      "faces": {
        "north": {
          "uv": [
            1.5,
            11,
            3,
            14
          ],
          "texture": "#0"
        },
        "east": {
          "uv": [
            0,
            11,
            1.5,
            14
          ],
          "texture": "#0"
        },
        "south": {
          "uv": [
            4.5,
            11,
            6,
            14
          ],
          "texture": "#0"
        },
        "west": {
          "uv": [
            3,
            11,
            4.5,
            14
          ],
          "texture": "#0"
        },
        "up": {
          "uv": [
            3,
            11,
            1.5,
            8
          ],
          "texture": "#0"
        },
        "down": {
          "uv": [
            4.5,
            8,
            3,
            11
          ],
          "texture": "#0"
        }
      }
    },
    {
      "name": "eye0",
      "from": [
        5.7,
        3,
        5.5
      ],
      "to": [
        8.7,
        6,
        8.5
      ],
      "shade": false,
      "rotation": {
        "angle": 22.5,
        "axis": "y",
        "origin": [
          9,
          0,
          8
        ]
      },
      "faces": {
        "north": {
          "uv": [
            8.5,
            1,
            9,
            2
          ],
          "texture": "#0"
        },
        "east": {
          "uv": [
            8,
            1,
            8.5,
            2
          ],
          "texture": "#0"
        },
        "south": {
          "uv": [
            9.5,
            1,
            10,
            2
          ],
          "texture": "#0"
        },
        "west": {
          "uv": [
            9,
            1,
            9.5,
            2
          ],
          "texture": "#0"
        },
        "up": {
          "uv": [
            9,
            1,
            8.5,
            0
          ],
          "texture": "#0"
        },
        "down": {
          "uv": [
            9.5,
            0,
            9,
            1
          ],
          "texture": "#0"
        }
      }
    },
    {
      "name": "eye1",
      "from": [
        11.3,
        3,
        5.5
      ],
      "to": [
        14.3,
        6,
        8.5
      ],
      "shade": false,
      "rotation": {
        "angle": 22.5,
        "axis": "y",
        "origin": [
          9,
          0,
          8
        ]
      },
      "faces": {
        "north": {
          "uv": [
            8.5,
            3,
            9,
            4
          ],
          "texture": "#0"
        },
        "east": {
          "uv": [
            8,
            3,
            8.5,
            4
          ],
          "texture": "#0"
        },
        "south": {
          "uv": [
            9.5,
            3,
            10,
            4
          ],
          "texture": "#0"
        },
        "west": {
          "uv": [
            9,
            3,
            9.5,
            4
          ],
          "texture": "#0"
        },
        "up": {
          "uv": [
            9,
            3,
            8.5,
            2
          ],
          "texture": "#0"
        },
        "down": {
          "uv": [
            9.5,
            2,
            9,
            3
          ],
          "texture": "#0"
        }
      }
    },
    {
      "name": "mouth",
      "from": [
        11,
        1,
        5.5
      ],
      "to": [
        12,
        2,
        6.5
      ],
      "shade": false,
      "rotation": {
        "angle": 22.5,
        "axis": "y",
        "origin": [
          9,
          0,
          8
        ]
      },
      "faces": {
        "north": {
          "uv": [
            8.25,
            4.5,
            8.5,
            5
          ],
          "texture": "#0"
        },
        "east": {
          "uv": [
            8,
            4.5,
            8.25,
            5
          ],
          "texture": "#0"
        },
        "south": {
          "uv": [
            8.75,
            4.5,
            9,
            5
          ],
          "texture": "#0"
        },
        "west": {
          "uv": [
            8.5,
            4.5,
            8.75,
            5
          ],
          "texture": "#0"
        },
        "up": {
          "uv": [
            8.5,
            4.5,
            8.25,
            4
          ],
          "texture": "#0"
        },
        "down": {
          "uv": [
            8.75,
            4,
            8.5,
            4.5
          ],
          "texture": "#0"
        }
      }
    },
    {
      "from": [
        7.80761,
        8,
        7.70711
      ],
      "to": [
        12.80761,
        13,
        12.70711
      ],
      "shade": false,
      "rotation": {
        "angle": 0,
        "axis": "y",
        "origin": [
          10,
          1,
          10
        ]
      },
      "faces": {
        "north": {
          "uv": [
            1.5,
            11,
            3,
            14
          ],
          "texture": "#0"
        },
        "east": {
          "uv": [
            0,
            11,
            1.5,
            14
          ],
          "texture": "#0"
        },
        "south": {
          "uv": [
            4.5,
            11,
            6,
            14
          ],
          "texture": "#0"
        },
        "west": {
          "uv": [
            3,
            11,
            4.5,
            14
          ],
          "texture": "#0"
        },
        "up": {
          "uv": [
            3,
            11,
            1.5,
            8
          ],
          "texture": "#0"
        },
        "down": {
          "uv": [
            4.5,
            8,
            3,
            11
          ],
          "texture": "#0"
        }
      }
    },
    {
      "name": "eye0",
      "from": [
        7.50761,
        10,
        7.20711
      ],
      "to": [
        8.50761,
        11,
        8.20711
      ],
      "shade": false,
      "rotation": {
        "angle": 0,
        "axis": "y",
        "origin": [
          10,
          1,
          10
        ]
      },
      "faces": {
        "north": {
          "uv": [
            8.5,
            1,
            9,
            2
          ],
          "texture": "#0"
        },
        "east": {
          "uv": [
            8,
            1,
            8.5,
            2
          ],
          "texture": "#0"
        },
        "south": {
          "uv": [
            9.5,
            1,
            10,
            2
          ],
          "texture": "#0"
        },
        "west": {
          "uv": [
            9,
            1,
            9.5,
            2
          ],
          "texture": "#0"
        },
        "up": {
          "uv": [
            9,
            1,
            8.5,
            0
          ],
          "texture": "#0"
        },
        "down": {
          "uv": [
            9.5,
            0,
            9,
            1
          ],
          "texture": "#0"
        }
      }
    },
    {
      "name": "eye1",
      "from": [
        12.10761,
        10,
        7.20711
      ],
      "to": [
        13.10761,
        11,
        8.20711
      ],
      "shade": false,
      "rotation": {
        "angle": 0,
        "axis": "y",
        "origin": [
          10,
          1,
          10
        ]
      },
      "faces": {
        "north": {
          "uv": [
            8.5,
            3,
            9,
            4
          ],
          "texture": "#0"
        },
        "east": {
          "uv": [
            8,
            3,
            8.5,
            4
          ],
          "texture": "#0"
        },
        "south": {
          "uv": [
            9.5,
            3,
            10,
            4
          ],
          "texture": "#0"
        },
        "west": {
          "uv": [
            9,
            3,
            9.5,
            4
          ],
          "texture": "#0"
        },
        "up": {
          "uv": [
            9,
            3,
            8.5,
            2
          ],
          "texture": "#0"
        },
        "down": {
          "uv": [
            9.5,
            2,
            9,
            3
          ],
          "texture": "#0"
        }
      }
    },
    {
      "name": "mouth",
      "from": [
        10.80761,
        9,
        7.20711
      ],
      "to": [
        11.30761,
        9.5,
        7.70711
      ],
      "shade": false,
      "rotation": {
        "angle": 0,
        "axis": "y",
        "origin": [
          10,
          1,
          10
        ]
      },
      "faces": {
        "north": {
          "uv": [
            8.25,
            4.5,
            8.5,
            5
          ],
          "texture": "#0"
        },
        "east": {
          "uv": [
            8,
            4.5,
            8.25,
            5
          ],
          "texture": "#0"
        },
        "south": {
          "uv": [
            8.75,
            4.5,
            9,
            5
          ],
          "texture": "#0"
        },
        "west": {
          "uv": [
            8.5,
            4.5,
            8.75,
            5
          ],
          "texture": "#0"
        },
        "up": {
          "uv": [
            8.5,
            4.5,
            8.25,
            4
          ],
          "texture": "#0"
        },
        "down": {
          "uv": [
            8.75,
            4,
            8.5,
            4.5
          ],
          "texture": "#0"
        }
      }
    }
  ],
  "display": {
    "thirdperson_righthand": {
      "translation": [
        0,
        3,
        2
      ],
      "scale": [
        0.33,
        0.33,
        0.33
      ]
    },
    "thirdperson_lefthand": {
      "translation": [
        0,
        0,
        1.5
      ],
      "scale": [
        -0.3,
        -0.3,
        -0.3
      ]
    },
    "firstperson_righthand": {
      "rotation": [
        0.97,
        110,
        -0.06
      ],
      "translation": [
        8.75,
        8,
        0
      ]
    },
    "firstperson_lefthand": {
      "rotation": [
        2,
        180,
        0
      ],
      "translation": [
        1.5,
        6,
        1.5
      ]
    },
    "ground": {
      "translation": [
        0,
        5.5,
        0
      ]
    },
    "gui": {
      "rotation": [
        -1,
        -165,
        0
      ],
      "translation": [
        0,
        -13,
        0
      ],
      "scale": [
        0.86,
        0.86,
        0.86
      ]
    },
    "head": {
      "translation": [
        0,
        14.5,
        0
      ]
    }
  },
  "groups": [
    {
      "name": "slimes",
      "origin": [
        8,
        8,
        8
      ],
      "color": 0,
      "children": [
        {
          "name": "slime",
          "origin": [
            0,
            0,
            0
          ],
          "color": 0,
          "children": [
            {
              "name": "cube",
              "origin": [
                0,
                24,
                0
              ],
              "color": 0,
              "shade": false,
              "children": [
                0
              ]
            },
            {
              "name": "eye0",
              "origin": [
                0,
                24,
                0
              ],
              "color": 0,
              "shade": false,
              "children": [
                1
              ]
            },
            {
              "name": "eye1",
              "origin": [
                0,
                24,
                0
              ],
              "color": 0,
              "shade": false,
              "children": [
                2
              ]
            },
            {
              "name": "mouth",
              "origin": [
                0,
                24,
                0
              ],
              "color": 0,
              "shade": false,
              "children": [
                3
              ]
            }
          ]
        },
        {
          "name": "slime1",
          "origin": [
            0,
            0,
            0
          ],
          "color": 0,
          "children": [
            {
              "name": "cube",
              "origin": [
                0,
                24,
                0
              ],
              "color": 0,
              "shade": false,
              "children": [
                4
              ]
            },
            {
              "name": "eye0",
              "origin": [
                0,
                24,
                0
              ],
              "color": 0,
              "shade": false,
              "children": [
                5
              ]
            },
            {
              "name": "eye1",
              "origin": [
                0,
                24,
                0
              ],
              "color": 0,
              "shade": false,
              "children": [
                6
              ]
            },
            {
              "name": "mouth",
              "origin": [
                0,
                24,
                0
              ],
              "color": 0,
              "shade": false,
              "children": [
                7
              ]
            }
          ]
        },
        {
          "name": "slime2",
          "origin": [
            0,
            0,
            0
          ],
          "color": 0,
          "children": [
            {
              "name": "cube",
              "origin": [
                0,
                24,
                0
              ],
              "color": 0,
              "shade": false,
              "children": [
                8
              ]
            },
            {
              "name": "eye0",
              "origin": [
                0,
                24,
                0
              ],
              "color": 0,
              "shade": false,
              "children": [
                9
              ]
            },
            {
              "name": "eye1",
              "origin": [
                0,
                24,
                0
              ],
              "color": 0,
              "shade": false,
              "children": [
                10
              ]
            },
            {
              "name": "mouth",
              "origin": [
                0,
                24,
                0
              ],
              "color": 0,
              "shade": false,
              "children": [
                11
              ]
            }
          ]
        }
      ]
    }
  ]
}