{
  "credit": "Made by Silentine, with Blockbench",
  "texture_size": [
    64,
    64
  ],
  "elements": [
    {
      "name": "leftlegsleeve",
      "from": [
        8.09776,
        -0.25,
        -1.01537
      ],
      "to": [
        10.59776,
        2.25,
        6.48463
      ],
      "rotation": {
        "angle": -22.5,
        "axis": "y",
        "origin": [
          7.5,
          1,
          8.5
        ]
      },
      "faces": {
        "north": {
          "uv": [
            9.25,
            1,
            10,
            1.75
          ],
          "texture": "#1"
        },
        "east": {
          "uv": [
            4.75,
            6,
            6.75,
            6.75
          ],
          "texture": "#1"
        },
        "south": {
          "uv": [
            9.25,
            7.75,
            10,
            8.5
          ],
          "texture": "#1"
        },
        "west": {
          "uv": [
            6.75,
            0,
            8.75,
            0.75
          ],
          "texture": "#1"
        },
        "up": {
          "uv": [
            0.75,
            7.75,
            0,
            5.75
          ],
          "texture": "#1"
        },
        "down": {
          "uv": [
            1.5,
            5.75,
            0.75,
            7.75
          ],
          "texture": "#1"
        }
      }
    },
    {
      "name": "rightlegsleeve",
      "from": [
        5.32612,
        -0.25,
        -0.63268
      ],
      "to": [
        7.82612,
        2.25,
        6.86732
      ],
      "rotation": {
        "angle": 22.5,
        "axis": "y",
        "origin": [
          7.5,
          1,
          8.5
        ]
      },
      "faces": {
        "north": {
          "uv": [
            9.25,
            8.5,
            10,
            9.25
          ],
          "texture": "#1"
        },
        "east": {
          "uv": [
            6.75,
            0.75,
            8.75,
            1.5
          ],
          "texture": "#1"
        },
        "south": {
          "uv": [
            9.25,
            9.25,
            10,
            10
          ],
          "texture": "#1"
        },
        "west": {
          "uv": [
            6.75,
            1.5,
            8.75,
            2.25
          ],
          "texture": "#1"
        },
        "up": {
          "uv": [
            7.5,
            4.25,
            6.75,
            2.25
          ],
          "texture": "#1"
        },
        "down": {
          "uv": [
            4,
            6.75,
            3.25,
            8.75
          ],
          "texture": "#1"
        }
      }
    },
    {
      "name": "leftleg",
      "from": [
        8.34776,
        0,
        -0.76537
      ],
      "to": [
        10.34776,
        2,
        6.23463
      ],
      "rotation": {
        "angle": -22.5,
        "axis": "y",
        "origin": [
          7.5,
          1,
          8.5
        ]
      },
      "faces": {
        "north": {
          "uv": [
            4.75,
            5.25,
            5.25,
            5.75
          ],
          "texture": "#1"
        },
        "east": {
          "uv": [
            8.25,
            5.75,
            10,
            6.25
          ],
          "texture": "#1"
        },
        "south": {
          "uv": [
            6.25,
            6.75,
            6.75,
            7.25
          ],
          "texture": "#1"
        },
        "west": {
          "uv": [
            8.25,
            6.25,
            10,
            6.75
          ],
          "texture": "#1"
        },
        "up": {
          "uv": [
            8.25,
            10,
            7.75,
            8.25
          ],
          "texture": "#1"
        },
        "down": {
          "uv": [
            8.75,
            8.25,
            8.25,
            10
          ],
          "texture": "#1"
        }
      }
    },
    {
      "name": "rightleg",
      "from": [
        5.57612,
        0,
        -0.38268
      ],
      "to": [
        7.57612,
        2,
        6.61732
      ],
      "rotation": {
        "angle": 22.5,
        "axis": "y",
        "origin": [
          7.5,
          1,
          8.5
        ]
      },
      "faces": {
        "north": {
          "uv": [
            1,
            9.75,
            1.5,
            10.25
          ],
          "texture": "#1"
        },
        "east": {
          "uv": [
            8.25,
            6.75,
            10,
            7.25
          ],
          "texture": "#1"
        },
        "south": {
          "uv": [
            10,
            0,
            10.5,
            0.5
          ],
          "texture": "#1"
        },
        "west": {
          "uv": [
            1.5,
            8.5,
            3.25,
            9
          ],
          "texture": "#1"
        },
        "up": {
          "uv": [
            9.25,
            1.75,
            8.75,
            0
          ],
          "texture": "#1"
        },
        "down": {
          "uv": [
            3.75,
            8.75,
            3.25,
            10.5
          ],
          "texture": "#1"
        }
      }
    },
    {
      "name": "lowerbody",
      "from": [
        5.5,
        0.34566,
        5.73777
      ],
      "to": [
        10.5,
        4.34566,
        8.73777
      ],
      "rotation": {
        "angle": 22.5,
        "axis": "x",
        "origin": [
          7.5,
          1,
          8.5
        ]
      },
      "faces": {
        "north": {
          "uv": [
            4,
            7.75,
            5.25,
            8.75
          ],
          "texture": "#1"
        },
        "east": {
          "uv": [
            2.5,
            9,
            3.25,
            10
          ],
          "texture": "#1"
        },
        "south": {
          "uv": [
            7.75,
            7.25,
            9,
            8.25
          ],
          "texture": "#1"
        },
        "west": {
          "uv": [
            9.25,
            0,
            10,
            1
          ],
          "texture": "#1"
        },
        "down": {
          "uv": [
            9.5,
            4.25,
            8.25,
            5
          ],
          "texture": "#1"
        }
      }
    },
    {
      "name": "body",
      "from": [
        5.5,
        4,
        7
      ],
      "to": [
        10.5,
        8,
        10
      ],
      "rotation": {
        "angle": 0,
        "axis": "y",
        "origin": [
          7.5,
          1,
          8.5
        ]
      },
      "faces": {
        "north": {
          "uv": [
            8.25,
            2.25,
            9.5,
            3.25
          ],
          "texture": "#1"
        },
        "east": {
          "uv": [
            6.25,
            9.25,
            7,
            10.25
          ],
          "texture": "#1"
        },
        "south": {
          "uv": [
            8.25,
            3.25,
            9.5,
            4.25
          ],
          "texture": "#1"
        },
        "west": {
          "uv": [
            7,
            9.25,
            7.75,
            10.25
          ],
          "texture": "#1"
        },
        "up": {
          "uv": [
            9.5,
            5.75,
            8.25,
            5
          ],
          "texture": "#1"
        }
      }
    },
    {
      "name": "leftarmsleeve",
      "from": [
        12.31774,
        -0.85477,
        7.25
      ],
      "to": [
        14.81774,
        6.64523,
        9.75
      ],
      "rotation": {
        "angle": 22.5,
        "axis": "z",
        "origin": [
          7.5,
          1,
          8.5
        ]
      },
      "faces": {
        "north": {
          "uv": [
            6.75,
            5.25,
            7.5,
            7.25
          ],
          "texture": "#1"
        },
        "east": {
          "uv": [
            5.5,
            6.75,
            6.25,
            8.75
          ],
          "texture": "#1"
        },
        "south": {
          "uv": [
            6.25,
            7.25,
            7,
            9.25
          ],
          "texture": "#1"
        },
        "west": {
          "uv": [
            7,
            7.25,
            7.75,
            9.25
          ],
          "texture": "#1"
        },
        "up": {
          "uv": [
            10.25,
            3,
            9.5,
            2.25
          ],
          "texture": "#1"
        },
        "down": {
          "uv": [
            10.25,
            3,
            9.5,
            3.75
          ],
          "texture": "#1"
        }
      }
    },
    {
      "name": "rightarmsleeve",
      "from": [
        1.10614,
        -0.47209,
        7.25
      ],
      "to": [
        3.60614,
        7.02791,
        9.75
      ],
      "rotation": {
        "angle": -22.5,
        "axis": "z",
        "origin": [
          7.5,
          1,
          8.5
        ]
      },
      "faces": {
        "north": {
          "uv": [
            7.5,
            2.25,
            8.25,
            4.25
          ],
          "texture": "#1"
        },
        "east": {
          "uv": [
            7.5,
            5.25,
            8.25,
            7.25
          ],
          "texture": "#1"
        },
        "south": {
          "uv": [
            0,
            7.75,
            0.75,
            9.75
          ],
          "texture": "#1"
        },
        "west": {
          "uv": [
            0.75,
            7.75,
            1.5,
            9.75
          ],
          "texture": "#1"
        },
        "up": {
          "uv": [
            10.25,
            4.5,
            9.5,
            3.75
          ],
          "texture": "#1"
        },
        "down": {
          "uv": [
            10.25,
            4.5,
            9.5,
            5.25
          ],
          "texture": "#1"
        }
      }
    },
    {
      "name": "leftarm",
      "from": [
        12.56774,
        -0.60477,
        7.5
      ],
      "to": [
        14.56774,
        6.39523,
        9.5
      ],
      "rotation": {
        "angle": 22.5,
        "axis": "z",
        "origin": [
          7.5,
          1,
          8.5
        ]
      },
      "faces": {
        "north": {
          "uv": [
            3.75,
            8.75,
            4.25,
            10.5
          ],
          "texture": "#1"
        },
        "east": {
          "uv": [
            4.25,
            8.75,
            4.75,
            10.5
          ],
          "texture": "#1"
        },
        "south": {
          "uv": [
            4.75,
            8.75,
            5.25,
            10.5
          ],
          "texture": "#1"
        },
        "west": {
          "uv": [
            5.25,
            8.75,
            5.75,
            10.5
          ],
          "texture": "#1"
        },
        "up": {
          "uv": [
            8.75,
            10.5,
            8.25,
            10
          ],
          "texture": "#1"
        },
        "down": {
          "uv": [
            10.5,
            8.25,
            10,
            8.75
          ],
          "texture": "#1"
        }
      }
    },
    {
      "name": "rightarm",
      "from": [
        1.35614,
        -0.22209,
        7.5
      ],
      "to": [
        3.35614,
        6.77791,
        9.5
      ],
      "rotation": {
        "angle": -22.5,
        "axis": "z",
        "origin": [
          7.5,
          1,
          8.5
        ]
      },
      "faces": {
        "north": {
          "uv": [
            5.75,
            8.75,
            6.25,
            10.5
          ],
          "texture": "#1"
        },
        "east": {
          "uv": [
            8.75,
            8.25,
            9.25,
            10
          ],
          "texture": "#1"
        },
        "south": {
          "uv": [
            1.5,
            9,
            2,
            10.75
          ],
          "texture": "#1"
        },
        "west": {
          "uv": [
            2,
            9,
            2.5,
            10.75
          ],
          "texture": "#1"
        },
        "up": {
          "uv": [
            9.25,
            10.5,
            8.75,
            10
          ],
          "texture": "#1"
        },
        "down": {
          "uv": [
            10.5,
            8.75,
            10,
            9.25
          ],
          "texture": "#1"
        }
      }
    },
    {
      "name": "headaccessory",
      "from": [
        4.6,
        7.6,
        5.1
      ],
      "to": [
        11.4,
        14.4,
        11.9
      ],
      "rotation": {
        "angle": 0,
        "axis": "y",
        "origin": [
          7.5,
          1,
          8.5
        ]
      },
      "faces": {
        "north": {
          "uv": [
            0,
            2.25,
            1.75,
            4
          ],
          "texture": "#1"
        },
        "east": {
          "uv": [
            1.75,
            2.25,
            3.5,
            4
          ],
          "texture": "#1"
        },
        "south": {
          "uv": [
            3.5,
            0,
            5.25,
            1.75
          ],
          "texture": "#1"
        },
        "west": {
          "uv": [
            3.5,
            1.75,
            5.25,
            3.5
          ],
          "texture": "#1"
        },
        "up": {
          "uv": [
            5.25,
            5.25,
            3.5,
            3.5
          ],
          "texture": "#1"
        },
        "down": {
          "uv": [
            1.75,
            4,
            0,
            5.75
          ],
          "texture": "#1"
        }
      }
    },
    {
      "name": "head",
      "from": [
        5,
        8,
        5.5
      ],
      "to": [
        11,
        14,
        11.5
      ],
      "rotation": {
        "angle": 0,
        "axis": "y",
        "origin": [
          7.5,
          1,
          8.5
        ]
      },
      "faces": {
        "north": {
          "uv": [
            1.75,
            4,
            3.25,
            5.5
          ],
          "texture": "#1"
        },
        "east": {
          "uv": [
            5.25,
            0,
            6.75,
            1.5
          ],
          "texture": "#1"
        },
        "south": {
          "uv": [
            5.25,
            1.5,
            6.75,
            3
          ],
          "texture": "#1"
        },
        "west": {
          "uv": [
            5.25,
            3,
            6.75,
            4.5
          ],
          "texture": "#1"
        },
        "up": {
          "uv": [
            4.75,
            6.75,
            3.25,
            5.25
          ],
          "texture": "#1"
        },
        "down": {
          "uv": [
            6.75,
            4.5,
            5.25,
            6
          ],
          "texture": "#1"
        }
      }
    }
  ],
  "display": {
    "thirdperson_righthand": {
      "rotation": [
        46,
        -4,
        0
      ],
      "translation": [
        0.25,
        1.5,
        1.5
      ],
      "scale": [
        0.42,
        0.42,
        0.41
      ]
    },
    "thirdperson_lefthand": {
      "rotation": [
        75,
        -135,
        0
      ],
      "translation": [
        0,
        2.5,
        0
      ],
      "scale": [
        0.375,
        0.375,
        0.375
      ]
    },
    "firstperson_righthand": {
      "rotation": [
        -16,
        124,
        0
      ],
      "translation": [
        0,
        5,
        3.5
      ],
      "scale": [
        0.4,
        0.4,
        0.4
      ]
    },
    "firstperson_lefthand": {
      "rotation": [
        -5,
        116,
        0
      ],
      "translation": [
        0,
        4,
        2.75
      ],
      "scale": [
        0.4,
        0.4,
        0.4
      ]
    },
    "ground": {
      "translation": [
        0,
        3,
        0
      ],
      "scale": [
        0.72,
        0.72,
        0.72
      ]
    },
    "gui": {
      "rotation": [
        34,
        139,
        0
      ],
      "translation": [
        0,
        1,
        0
      ],
      "scale": [
        0.625,
        0.625,
        0.625
      ]
    },
    "head": {
      "translation": [
        0,
        14.5,
        0
      ]
    },
    "fixed": {
      "translation": [
        0,
        0,
        -1
      ],
      "scale": [
        0.5,
        0.5,
        0.5
      ]
    }
  },
  "groups": [
    {
      "name": "1",
      "origin": [
        8,
        8,
        8
      ],
      "color": 0,
      "children": [
        0,
        1,
        2,
        3,
        4,
        5,
        6,
        7,
        8,
        9,
        10,
        11
      ]
    }
  ]
}