{
  "credit": "P13D_original",
  "texture_size": [
    128,
    128
  ],
  "elements": [
    {
      "from": [
        8,
        9,
        6
      ],
      "to": [
        9,
        12,
        7
      ],
      "rotation": {
        "angle": 0,
        "axis": "z",
        "origin": [
          0,
          9,
          2
        ]
      },
      "faces": {
        "north": {
          "uv": [
            1,
            4.5,
            0.5,
            6.625
          ],
          "texture": "#0"
        },
        "east": {
          "uv": [
            0,
            4.5,
            0.5,
            6.625
          ],
          "texture": "#0"
        },
        "south": {
          "uv": [
            1,
            4.5,
            1.5,
            6.625
          ],
          "texture": "#0"
        },
        "west": {
          "uv": [
            1.375,
            4.5,
            2,
            6.625
          ],
          "texture": "#0"
        },
        "up": {
          "uv": [
            2,
            4.5,
            1,
            4
          ],
          "texture": "#0"
        },
        "down": {
          "uv": [
            3,
            4,
            2,
            4.5
          ],
          "texture": "#0"
        }
      }
    },
    {
      "from": [
        6,
        9,
        6
      ],
      "to": [
        7,
        12,
        7
      ],
      "rotation": {
        "angle": 0,
        "axis": "z",
        "origin": [
          0,
          9,
          2
        ]
      },
      "faces": {
        "north": {
          "uv": [
            1,
            7.25,
            0.5,
            9.375
          ],
          "texture": "#0"
        },
        "east": {
          "uv": [
            1.5,
            7.375,
            1,
            9.5
          ],
          "texture": "#0"
        },
        "south": {
          "uv": [
            1.375,
            7.375,
            2,
            9.5
          ],
          "texture": "#0"
        },
        "west": {
          "uv": [
            0,
            7.375,
            0.5,
            9.5
          ],
          "texture": "#0"
        },
        "up": {
          "uv": [
            2,
            7.375,
            1,
            6.875
          ],
          "texture": "#0"
        },
        "down": {
          "uv": [
            3,
            6.875,
            2,
            7.375
          ],
          "texture": "#0"
        }
      }
    },
    {
      "from": [
        5.8,
        12,
        5
      ],
      "to": [
        9.1,
        15.3,
        8.3
      ],
      "rotation": {
        "angle": 0,
        "axis": "x",
        "origin": [
          8,
          9,
          7
        ]
      },
      "faces": {
        "north": {
          "uv": [
            2,
            2,
            4,
            3.75
          ],
          "texture": "#0"
        },
        "east": {
          "uv": [
            4,
            2,
            5.875,
            3.75
          ],
          "texture": "#0"
        },
        "south": {
          "uv": [
            6,
            2,
            8,
            3.75
          ],
          "texture": "#0"
        },
        "west": {
          "uv": [
            0,
            2,
            1.975,
            3.75
          ],
          "texture": "#0"
        },
        "up": {
          "uv": [
            4,
            2,
            2,
            0
          ],
          "texture": "#0"
        },
        "down": {
          "uv": [
            6,
            0,
            4,
            2
          ],
          "texture": "#0"
        }
      }
    },
    {
      "from": [
        8.8,
        15,
        5
      ],
      "to": [
        11.8,
        15,
        8.3
      ],
      "rotation": {
        "angle": -45,
        "axis": "z",
        "origin": [
          9,
          15,
          7
        ]
      },
      "faces": {
        "north": {
          "uv": [
            8,
            6.125,
            10.75,
            4
          ],
          "texture": "#0"
        },
        "east": {
          "uv": [
            8,
            6.125,
            12,
            4.125
          ],
          "texture": "#0"
        },
        "south": {
          "uv": [
            8,
            6.125,
            12,
            4.125
          ],
          "texture": "#0"
        },
        "west": {
          "uv": [
            8,
            6.125,
            12,
            4.125
          ],
          "texture": "#0"
        },
        "up": {
          "uv": [
            3.75,
            6.125,
            5.875,
            4.25
          ],
          "texture": "#0"
        },
        "down": {
          "uv": [
            8,
            4.125,
            12,
            6.125
          ],
          "texture": "#0"
        }
      }
    },
    {
      "from": [
        8.8,
        14.5,
        5
      ],
      "to": [
        11.8,
        14.5,
        8.3
      ],
      "rotation": {
        "angle": -45,
        "axis": "z",
        "origin": [
          9,
          15,
          7
        ]
      },
      "faces": {
        "north": {
          "uv": [
            7.5,
            7.625,
            9.75,
            6
          ],
          "texture": "#0"
        },
        "east": {
          "uv": [
            7.5,
            7.625,
            11.25,
            6.125
          ],
          "texture": "#0"
        },
        "south": {
          "uv": [
            7.5,
            7.625,
            11.25,
            6.125
          ],
          "texture": "#0"
        },
        "west": {
          "uv": [
            7.5,
            7.625,
            11.25,
            6.125
          ],
          "texture": "#0"
        },
        "up": {
          "uv": [
            3.5,
            7.75,
            6.5,
            6
          ],
          "texture": "#0"
        },
        "down": {
          "uv": [
            7.5,
            6.125,
            11.25,
            7.625
          ],
          "texture": "#0"
        }
      }
    },
    {
      "from": [
        9.8,
        14,
        5
      ],
      "to": [
        12.8,
        14,
        8.3
      ],
      "rotation": {
        "angle": -45,
        "axis": "z",
        "origin": [
          9,
          15,
          7
        ]
      },
      "faces": {
        "north": {
          "uv": [
            8,
            6.125,
            10.75,
            4
          ],
          "texture": "#0"
        },
        "east": {
          "uv": [
            8,
            6.125,
            12,
            4.125
          ],
          "texture": "#0"
        },
        "south": {
          "uv": [
            8,
            6.125,
            12,
            4.125
          ],
          "texture": "#0"
        },
        "west": {
          "uv": [
            8,
            6.125,
            12,
            4.125
          ],
          "texture": "#0"
        },
        "up": {
          "uv": [
            4,
            9.75,
            7.125,
            8.125
          ],
          "texture": "#0"
        },
        "down": {
          "uv": [
            8,
            4.125,
            12,
            6.125
          ],
          "texture": "#0"
        }
      }
    },
    {
      "from": [
        6.5,
        10.2,
        5
      ],
      "to": [
        6.5,
        13.2,
        8.3
      ],
      "rotation": {
        "angle": -45,
        "axis": "z",
        "origin": [
          6,
          14,
          7
        ]
      },
      "faces": {
        "north": {
          "uv": [
            8,
            6.125,
            10.5,
            4
          ],
          "rotation": 90,
          "texture": "#0"
        },
        "east": {
          "uv": [
            8,
            6.125,
            12,
            4.125
          ],
          "rotation": 90,
          "texture": "#0"
        },
        "south": {
          "uv": [
            8,
            6.125,
            12.25,
            4.125
          ],
          "rotation": 270,
          "texture": "#0"
        },
        "west": {
          "uv": [
            3.875,
            8.375,
            6.5,
            9.875
          ],
          "rotation": 90,
          "texture": "#0"
        },
        "up": {
          "uv": [
            8,
            6.125,
            12,
            4.125
          ],
          "rotation": 270,
          "texture": "#0"
        },
        "down": {
          "uv": [
            8,
            6.125,
            12,
            4.125
          ],
          "rotation": 270,
          "texture": "#0"
        }
      }
    },
    {
      "from": [
        6.5,
        11.8,
        5
      ],
      "to": [
        6.5,
        14.8,
        8.3
      ],
      "rotation": {
        "angle": -45,
        "axis": "z",
        "origin": [
          6,
          15,
          7
        ]
      },
      "faces": {
        "north": {
          "uv": [
            7.5,
            7.625,
            9.75,
            6
          ],
          "rotation": 90,
          "texture": "#0"
        },
        "east": {
          "uv": [
            11.25,
            6.125,
            7.5,
            7.625
          ],
          "rotation": 270,
          "texture": "#0"
        },
        "south": {
          "uv": [
            7.5,
            7.625,
            11.25,
            6.125
          ],
          "rotation": 270,
          "texture": "#0"
        },
        "west": {
          "uv": [
            7.25,
            7.5,
            3.5,
            6
          ],
          "rotation": 270,
          "texture": "#0"
        },
        "up": {
          "uv": [
            7.5,
            6.125,
            11.25,
            7.625
          ],
          "rotation": 270,
          "texture": "#0"
        },
        "down": {
          "uv": [
            7.5,
            7.625,
            11.25,
            6.125
          ],
          "rotation": 270,
          "texture": "#0"
        }
      }
    },
    {
      "from": [
        6,
        11.8,
        5
      ],
      "to": [
        6,
        14.8,
        8.3
      ],
      "rotation": {
        "angle": -45,
        "axis": "z",
        "origin": [
          6,
          15,
          7
        ]
      },
      "faces": {
        "north": {
          "uv": [
            8,
            6.125,
            10.75,
            4
          ],
          "rotation": 90,
          "texture": "#0"
        },
        "east": {
          "uv": [
            6.5,
            4.25,
            3.875,
            6.25
          ],
          "rotation": 270,
          "texture": "#0"
        },
        "south": {
          "uv": [
            8,
            6.125,
            12,
            4.125
          ],
          "rotation": 270,
          "texture": "#0"
        },
        "west": {
          "uv": [
            6.5,
            6,
            3.875,
            4.125
          ],
          "rotation": 270,
          "texture": "#0"
        },
        "up": {
          "uv": [
            8,
            6.125,
            12,
            4.125
          ],
          "rotation": 270,
          "texture": "#0"
        },
        "down": {
          "uv": [
            8,
            6.125,
            12,
            4.125
          ],
          "rotation": 270,
          "texture": "#0"
        }
      }
    },
    {
      "from": [
        8,
        3,
        6
      ],
      "to": [
        9,
        6,
        7
      ],
      "rotation": {
        "angle": 0,
        "axis": "y",
        "origin": [
          0,
          3,
          2
        ]
      },
      "faces": {
        "north": {
          "uv": [
            1,
            4.5,
            0.5,
            6.625
          ],
          "texture": "#0"
        },
        "east": {
          "uv": [
            0,
            4.5,
            0.5,
            6.625
          ],
          "texture": "#0"
        },
        "south": {
          "uv": [
            1,
            4.5,
            1.5,
            6.625
          ],
          "texture": "#0"
        },
        "west": {
          "uv": [
            1.375,
            4.5,
            2,
            6.625
          ],
          "texture": "#0"
        },
        "up": {
          "uv": [
            2,
            4.5,
            1,
            4
          ],
          "texture": "#0"
        },
        "down": {
          "uv": [
            3,
            4,
            2,
            4.5
          ],
          "texture": "#0"
        }
      }
    },
    {
      "from": [
        6,
        3,
        6
      ],
      "to": [
        7,
        6,
        7
      ],
      "rotation": {
        "angle": 0,
        "axis": "y",
        "origin": [
          0,
          3,
          2
        ]
      },
      "faces": {
        "north": {
          "uv": [
            1,
            7.25,
            0.5,
            9.375
          ],
          "texture": "#0"
        },
        "east": {
          "uv": [
            1.5,
            7.375,
            1,
            9.5
          ],
          "texture": "#0"
        },
        "south": {
          "uv": [
            1.375,
            7.375,
            2,
            9.5
          ],
          "texture": "#0"
        },
        "west": {
          "uv": [
            0,
            7.375,
            0.5,
            9.5
          ],
          "texture": "#0"
        },
        "up": {
          "uv": [
            2,
            7.375,
            1,
            6.875
          ],
          "texture": "#0"
        },
        "down": {
          "uv": [
            3,
            6.875,
            2,
            7.375
          ],
          "texture": "#0"
        }
      }
    },
    {
      "from": [
        5.8,
        6,
        5
      ],
      "to": [
        9.1,
        9.3,
        8.3
      ],
      "rotation": {
        "angle": 0,
        "axis": "y",
        "origin": [
          8,
          3,
          7
        ]
      },
      "faces": {
        "north": {
          "uv": [
            2,
            2,
            4,
            3.75
          ],
          "texture": "#0"
        },
        "east": {
          "uv": [
            4,
            2,
            5.875,
            3.75
          ],
          "texture": "#0"
        },
        "south": {
          "uv": [
            6,
            2,
            8,
            3.75
          ],
          "texture": "#0"
        },
        "west": {
          "uv": [
            0,
            2,
            1.975,
            3.75
          ],
          "texture": "#0"
        },
        "up": {
          "uv": [
            4,
            2,
            2,
            0
          ],
          "texture": "#0"
        },
        "down": {
          "uv": [
            6,
            0,
            4,
            2
          ],
          "texture": "#0"
        }
      }
    },
    {
      "from": [
        8.8,
        9,
        5
      ],
      "to": [
        11.8,
        9,
        8.3
      ],
      "rotation": {
        "angle": -45,
        "axis": "z",
        "origin": [
          9,
          9,
          7
        ]
      },
      "faces": {
        "north": {
          "uv": [
            8,
            6.125,
            10.75,
            4
          ],
          "texture": "#0"
        },
        "east": {
          "uv": [
            8,
            6.125,
            12,
            4.125
          ],
          "texture": "#0"
        },
        "south": {
          "uv": [
            8,
            6.125,
            12,
            4.125
          ],
          "texture": "#0"
        },
        "west": {
          "uv": [
            8,
            6.125,
            12,
            4.125
          ],
          "texture": "#0"
        },
        "up": {
          "uv": [
            3.75,
            6.125,
            5.875,
            4.25
          ],
          "texture": "#0"
        },
        "down": {
          "uv": [
            8,
            4.125,
            12,
            6.125
          ],
          "texture": "#0"
        }
      }
    },
    {
      "from": [
        8.8,
        8.5,
        5
      ],
      "to": [
        11.8,
        8.5,
        8.3
      ],
      "rotation": {
        "angle": -45,
        "axis": "z",
        "origin": [
          9,
          9,
          7
        ]
      },
      "faces": {
        "north": {
          "uv": [
            7.5,
            7.625,
            9.75,
            6
          ],
          "texture": "#0"
        },
        "east": {
          "uv": [
            7.5,
            7.625,
            11.25,
            6.125
          ],
          "texture": "#0"
        },
        "south": {
          "uv": [
            7.5,
            7.625,
            11.25,
            6.125
          ],
          "texture": "#0"
        },
        "west": {
          "uv": [
            7.5,
            7.625,
            11.25,
            6.125
          ],
          "texture": "#0"
        },
        "up": {
          "uv": [
            3.5,
            7.75,
            6.5,
            6
          ],
          "texture": "#0"
        },
        "down": {
          "uv": [
            7.5,
            6.125,
            11.25,
            7.625
          ],
          "texture": "#0"
        }
      }
    },
    {
      "from": [
        9.8,
        8,
        5
      ],
      "to": [
        12.8,
        8,
        8.3
      ],
      "rotation": {
        "angle": -45,
        "axis": "z",
        "origin": [
          9,
          9,
          7
        ]
      },
      "faces": {
        "north": {
          "uv": [
            8,
            6.125,
            10.75,
            4
          ],
          "texture": "#0"
        },
        "east": {
          "uv": [
            8,
            6.125,
            12,
            4.125
          ],
          "texture": "#0"
        },
        "south": {
          "uv": [
            8,
            6.125,
            12,
            4.125
          ],
          "texture": "#0"
        },
        "west": {
          "uv": [
            8,
            6.125,
            12,
            4.125
          ],
          "texture": "#0"
        },
        "up": {
          "uv": [
            4,
            9.75,
            7.125,
            8.125
          ],
          "texture": "#0"
        },
        "down": {
          "uv": [
            8,
            4.125,
            12,
            6.125
          ],
          "texture": "#0"
        }
      }
    },
    {
      "from": [
        6.5,
        4.2,
        5
      ],
      "to": [
        6.5,
        7.2,
        8.3
      ],
      "rotation": {
        "angle": -45,
        "axis": "z",
        "origin": [
          6,
          8,
          7
        ]
      },
      "faces": {
        "north": {
          "uv": [
            8,
            6.125,
            10.5,
            4
          ],
          "rotation": 90,
          "texture": "#0"
        },
        "east": {
          "uv": [
            8,
            6.125,
            12,
            4.125
          ],
          "rotation": 90,
          "texture": "#0"
        },
        "south": {
          "uv": [
            8,
            6.125,
            12.25,
            4.125
          ],
          "rotation": 270,
          "texture": "#0"
        },
        "west": {
          "uv": [
            3.875,
            8.375,
            6.5,
            9.875
          ],
          "rotation": 90,
          "texture": "#0"
        },
        "up": {
          "uv": [
            8,
            6.125,
            12,
            4.125
          ],
          "rotation": 270,
          "texture": "#0"
        },
        "down": {
          "uv": [
            8,
            6.125,
            12,
            4.125
          ],
          "rotation": 270,
          "texture": "#0"
        }
      }
    },
    {
      "from": [
        6.5,
        5.8,
        5
      ],
      "to": [
        6.5,
        8.8,
        8.3
      ],
      "rotation": {
        "angle": -45,
        "axis": "z",
        "origin": [
          6,
          9,
          7
        ]
      },
      "faces": {
        "north": {
          "uv": [
            7.5,
            7.625,
            9.75,
            6
          ],
          "rotation": 90,
          "texture": "#0"
        },
        "east": {
          "uv": [
            11.25,
            6.125,
            7.5,
            7.625
          ],
          "rotation": 270,
          "texture": "#0"
        },
        "south": {
          "uv": [
            7.5,
            7.625,
            11.25,
            6.125
          ],
          "rotation": 270,
          "texture": "#0"
        },
        "west": {
          "uv": [
            7.25,
            7.5,
            3.5,
            6
          ],
          "rotation": 270,
          "texture": "#0"
        },
        "up": {
          "uv": [
            7.5,
            6.125,
            11.25,
            7.625
          ],
          "rotation": 270,
          "texture": "#0"
        },
        "down": {
          "uv": [
            7.5,
            7.625,
            11.25,
            6.125
          ],
          "rotation": 270,
          "texture": "#0"
        }
      }
    },
    {
      "from": [
        6,
        5.8,
        5
      ],
      "to": [
        6,
        8.8,
        8.3
      ],
      "rotation": {
        "angle": -45,
        "axis": "z",
        "origin": [
          6,
          9,
          7
        ]
      },
      "faces": {
        "north": {
          "uv": [
            8,
            6.125,
            10.75,
            4
          ],
          "rotation": 90,
          "texture": "#0"
        },
        "east": {
          "uv": [
            6.5,
            4.25,
            3.875,
            6.25
          ],
          "rotation": 270,
          "texture": "#0"
        },
        "south": {
          "uv": [
            8,
            6.125,
            12,
            4.125
          ],
          "rotation": 270,
          "texture": "#0"
        },
        "west": {
          "uv": [
            6.5,
            6,
            3.875,
            4.125
          ],
          "rotation": 270,
          "texture": "#0"
        },
        "up": {
          "uv": [
            8,
            6.125,
            12,
            4.125
          ],
          "rotation": 270,
          "texture": "#0"
        },
        "down": {
          "uv": [
            8,
            6.125,
            12,
            4.125
          ],
          "rotation": 270,
          "texture": "#0"
        }
      }
    },
    {
      "from": [
        13.5,
        4,
        4.5
      ],
      "to": [
        14.5,
        7,
        5.5
      ],
      "rotation": {
        "angle": 0,
        "axis": "y",
        "origin": [
          13.5,
          4,
          6
        ]
      },
      "faces": {
        "north": {
          "uv": [
            8,
            4.5,
            8.5,
            6.625
          ],
          "texture": "#0"
        },
        "east": {
          "uv": [
            9.5,
            4.5,
            10,
            6.625
          ],
          "texture": "#0"
        },
        "south": {
          "uv": [
            9,
            4.5,
            9.5,
            6.625
          ],
          "texture": "#0"
        },
        "west": {
          "uv": [
            8.5125,
            4.4625,
            9.0125,
            6.5875
          ],
          "texture": "#0"
        },
        "up": {
          "uv": [
            9,
            4.5,
            8.5,
            4
          ],
          "rotation": 270,
          "texture": "#0"
        },
        "down": {
          "uv": [
            9.5,
            4,
            9,
            4.5
          ],
          "rotation": 90,
          "texture": "#0"
        }
      }
    },
    {
      "from": [
        13.5,
        4,
        6.5
      ],
      "to": [
        14.5,
        7,
        7.5
      ],
      "rotation": {
        "angle": 0,
        "axis": "y",
        "origin": [
          13.5,
          4,
          6
        ]
      },
      "faces": {
        "north": {
          "uv": [
            8,
            7.375,
            8.5,
            9.5
          ],
          "texture": "#0"
        },
        "east": {
          "uv": [
            8.9875,
            7.3375,
            9.4875,
            9.4625
          ],
          "texture": "#0"
        },
        "south": {
          "uv": [
            9,
            7.375,
            9.5,
            9.5
          ],
          "texture": "#0"
        },
        "west": {
          "uv": [
            8.5,
            7.375,
            9,
            9.5
          ],
          "texture": "#0"
        },
        "up": {
          "uv": [
            2,
            7.375,
            1,
            6.875
          ],
          "rotation": 270,
          "texture": "#0"
        },
        "down": {
          "uv": [
            3,
            6.875,
            2,
            7.375
          ],
          "rotation": 90,
          "texture": "#0"
        }
      }
    },
    {
      "from": [
        12.5,
        7,
        4.4
      ],
      "to": [
        15.8,
        10.3,
        7.7
      ],
      "rotation": {
        "angle": 0,
        "axis": "y",
        "origin": [
          13.5,
          4,
          6
        ]
      },
      "faces": {
        "north": {
          "uv": [
            8,
            2,
            10,
            3.75
          ],
          "texture": "#0"
        },
        "east": {
          "uv": [
            14,
            2,
            15.875,
            3.75
          ],
          "texture": "#0"
        },
        "south": {
          "uv": [
            12,
            2,
            14,
            3.75
          ],
          "texture": "#0"
        },
        "west": {
          "uv": [
            10,
            2,
            12,
            3.75
          ],
          "texture": "#0"
        },
        "up": {
          "uv": [
            12,
            2,
            10,
            0
          ],
          "rotation": 270,
          "texture": "#0"
        },
        "down": {
          "uv": [
            14,
            0,
            12,
            2
          ],
          "rotation": 90,
          "texture": "#0"
        }
      }
    },
    {
      "from": [
        12.5,
        9.94975,
        7.23553
      ],
      "to": [
        15.8,
        9.94975,
        10.23553
      ],
      "rotation": {
        "angle": 45,
        "axis": "x",
        "origin": [
          13.5,
          9,
          7
        ]
      },
      "faces": {
        "north": {
          "uv": [
            11.75,
            6.125,
            15.75,
            4.125
          ],
          "texture": "#0"
        },
        "east": {
          "uv": [
            4,
            6,
            8,
            4
          ],
          "texture": "#0"
        },
        "south": {
          "uv": [
            4,
            6,
            8,
            4
          ],
          "texture": "#0"
        },
        "west": {
          "uv": [
            11.75,
            6.125,
            16,
            4.125
          ],
          "texture": "#0"
        },
        "up": {
          "uv": [
            14.375,
            6.125,
            12.125,
            4
          ],
          "rotation": 270,
          "texture": "#0"
        },
        "down": {
          "uv": [
            14,
            4.125,
            11.875,
            6.125
          ],
          "rotation": 90,
          "texture": "#0"
        }
      }
    },
    {
      "from": [
        12.5,
        9,
        6.23553
      ],
      "to": [
        15.8,
        9,
        9.23553
      ],
      "rotation": {
        "angle": 45,
        "axis": "x",
        "origin": [
          14,
          8.5,
          7
        ]
      },
      "faces": {
        "north": {
          "uv": [
            11.25,
            7.625,
            15,
            6.125
          ],
          "texture": "#0"
        },
        "east": {
          "uv": [
            7.5,
            7.625,
            11.25,
            6.125
          ],
          "texture": "#0"
        },
        "south": {
          "uv": [
            7.5,
            7.625,
            11.25,
            6.125
          ],
          "texture": "#0"
        },
        "west": {
          "uv": [
            11.25,
            7.625,
            15,
            6.125
          ],
          "texture": "#0"
        },
        "up": {
          "uv": [
            14.25,
            7.625,
            11.25,
            6
          ],
          "rotation": 270,
          "texture": "#0"
        },
        "down": {
          "uv": [
            11.625,
            6.125,
            13.75,
            7.625
          ],
          "rotation": 90,
          "texture": "#0"
        }
      }
    },
    {
      "from": [
        12.5,
        8.5,
        7.23553
      ],
      "to": [
        15.8,
        8.5,
        10.23553
      ],
      "rotation": {
        "angle": 45,
        "axis": "x",
        "origin": [
          13.5,
          8,
          7
        ]
      },
      "faces": {
        "north": {
          "uv": [
            11.75,
            6.125,
            15.75,
            4.125
          ],
          "texture": "#0"
        },
        "east": {
          "uv": [
            8,
            6.125,
            12,
            4.125
          ],
          "texture": "#0"
        },
        "south": {
          "uv": [
            8,
            6.125,
            12,
            4.125
          ],
          "texture": "#0"
        },
        "west": {
          "uv": [
            11.75,
            6.125,
            16,
            4.125
          ],
          "texture": "#0"
        },
        "up": {
          "uv": [
            15.25,
            9.875,
            11.75,
            8.125
          ],
          "rotation": 270,
          "texture": "#0"
        },
        "down": {
          "uv": [
            15.125,
            4.125,
            12,
            6.125
          ],
          "rotation": 90,
          "texture": "#0"
        }
      }
    },
    {
      "from": [
        12.5,
        8,
        1.82132
      ],
      "to": [
        15.8,
        8,
        4.82132
      ],
      "rotation": {
        "angle": -45,
        "axis": "x",
        "origin": [
          13.5,
          8,
          4.5
        ]
      },
      "faces": {
        "north": {
          "uv": [
            11.75,
            6.125,
            15.75,
            4.125
          ],
          "rotation": 180,
          "texture": "#0"
        },
        "east": {
          "uv": [
            8,
            6.125,
            12.25,
            4.125
          ],
          "rotation": 180,
          "texture": "#0"
        },
        "south": {
          "uv": [
            8,
            6.125,
            12,
            4.125
          ],
          "rotation": 180,
          "texture": "#0"
        },
        "west": {
          "uv": [
            11.75,
            6.125,
            15.75,
            4.125
          ],
          "rotation": 180,
          "texture": "#0"
        },
        "up": {
          "uv": [
            11.75,
            9.625,
            15,
            7.5
          ],
          "rotation": 270,
          "texture": "#0"
        },
        "down": {
          "uv": [
            4,
            8.25,
            5.75,
            9.875
          ],
          "rotation": 90,
          "texture": "#0"
        }
      }
    },
    {
      "from": [
        12.5,
        8.84315,
        2.12843
      ],
      "to": [
        15.8,
        8.84315,
        5.12843
      ],
      "rotation": {
        "angle": -45,
        "axis": "x",
        "origin": [
          13.5,
          9,
          4.5
        ]
      },
      "faces": {
        "north": {
          "uv": [
            11.25,
            7.625,
            15,
            6.125
          ],
          "rotation": 180,
          "texture": "#0"
        },
        "east": {
          "uv": [
            7.5,
            7.625,
            11.25,
            6.125
          ],
          "rotation": 180,
          "texture": "#0"
        },
        "south": {
          "uv": [
            7.5,
            6.125,
            11.25,
            7.625
          ],
          "rotation": 180,
          "texture": "#0"
        },
        "west": {
          "uv": [
            11.25,
            7.625,
            15,
            6.125
          ],
          "rotation": 180,
          "texture": "#0"
        },
        "up": {
          "uv": [
            14.5,
            5.875,
            11.5,
            7.5
          ],
          "rotation": 90,
          "texture": "#0"
        },
        "down": {
          "uv": [
            15.5,
            7.5,
            11.75,
            6
          ],
          "rotation": 270,
          "texture": "#0"
        }
      }
    },
    {
      "from": [
        12.5,
        6.62843,
        4.15685
      ],
      "to": [
        15.8,
        9.62843,
        4.15685
      ],
      "rotation": {
        "angle": 45,
        "axis": "x",
        "origin": [
          13.5,
          9.5,
          4.5
        ]
      },
      "faces": {
        "north": {
          "uv": [
            14.5,
            4.125,
            11.75,
            6.125
          ],
          "rotation": 270,
          "texture": "#0"
        },
        "east": {
          "uv": [
            8,
            6.125,
            12,
            4.125
          ],
          "rotation": 270,
          "texture": "#0"
        },
        "south": {
          "uv": [
            14.25,
            6.125,
            11.875,
            4.125
          ],
          "rotation": 270,
          "texture": "#0"
        },
        "west": {
          "uv": [
            11.75,
            6.125,
            16,
            4.125
          ],
          "rotation": 90,
          "texture": "#0"
        },
        "up": {
          "uv": [
            11.75,
            6.125,
            15,
            4
          ],
          "rotation": 180,
          "texture": "#0"
        },
        "down": {
          "uv": [
            8,
            6.125,
            12,
            4.125
          ],
          "texture": "#0"
        }
      }
    },
    {
      "from": [
        4,
        0,
        0
      ],
      "to": [
        8,
        4,
        4
      ],
      "faces": {
        "north": {
          "uv": [
            0,
            9.5,
            2,
            11.5
          ],
          "texture": "#0"
        },
        "east": {
          "uv": [
            0,
            9.5,
            2,
            11.5
          ],
          "texture": "#0"
        },
        "south": {
          "uv": [
            0,
            9.5,
            2,
            11.5
          ],
          "texture": "#0"
        },
        "west": {
          "uv": [
            0,
            9.5,
            2,
            11.5
          ],
          "texture": "#0"
        },
        "up": {
          "uv": [
            0,
            9.5,
            2,
            11.5
          ],
          "texture": "#0"
        },
        "down": {
          "uv": [
            0,
            9.5,
            2,
            11.5
          ],
          "texture": "#0"
        }
      }
    },
    {
      "from": [
        8,
        0,
        0
      ],
      "to": [
        12,
        4,
        4
      ],
      "faces": {
        "north": {
          "uv": [
            0,
            9.5,
            2,
            11.5
          ],
          "texture": "#0"
        },
        "east": {
          "uv": [
            0,
            9.5,
            2,
            11.5
          ],
          "texture": "#0"
        },
        "south": {
          "uv": [
            0,
            9.5,
            2,
            11.5
          ],
          "texture": "#0"
        },
        "west": {
          "uv": [
            0,
            9.5,
            2,
            11.5
          ],
          "texture": "#0"
        },
        "up": {
          "uv": [
            0,
            9.5,
            2,
            11.5
          ],
          "texture": "#0"
        },
        "down": {
          "uv": [
            0,
            9.5,
            2,
            11.5
          ],
          "texture": "#0"
        }
      }
    },
    {
      "from": [
        12,
        0,
        0
      ],
      "to": [
        16,
        4,
        4
      ],
      "faces": {
        "north": {
          "uv": [
            0,
            9.5,
            2,
            11.5
          ],
          "texture": "#0"
        },
        "east": {
          "uv": [
            0,
            9.5,
            2,
            11.5
          ],
          "texture": "#0"
        },
        "south": {
          "uv": [
            0,
            9.5,
            2,
            11.5
          ],
          "texture": "#0"
        },
        "west": {
          "uv": [
            0,
            9.5,
            2,
            11.5
          ],
          "texture": "#0"
        },
        "up": {
          "uv": [
            0,
            9.5,
            2,
            11.5
          ],
          "texture": "#0"
        },
        "down": {
          "uv": [
            0,
            9.5,
            2,
            11.5
          ],
          "texture": "#0"
        }
      }
    },
    {
      "from": [
        12,
        0,
        4
      ],
      "to": [
        16,
        4,
        8
      ],
      "faces": {
        "north": {
          "uv": [
            0,
            9.5,
            2,
            11.5
          ],
          "texture": "#0"
        },
        "east": {
          "uv": [
            0,
            9.5,
            2,
            11.5
          ],
          "texture": "#0"
        },
        "south": {
          "uv": [
            0,
            9.5,
            2,
            11.5
          ],
          "texture": "#0"
        },
        "west": {
          "uv": [
            0,
            9.5,
            2,
            11.5
          ],
          "texture": "#0"
        },
        "up": {
          "uv": [
            0,
            9.5,
            2,
            11.5
          ],
          "texture": "#0"
        },
        "down": {
          "uv": [
            0,
            9.5,
            2,
            11.5
          ],
          "texture": "#0"
        }
      }
    },
    {
      "from": [
        12,
        0,
        8
      ],
      "to": [
        16,
        4,
        12
      ],
      "faces": {
        "north": {
          "uv": [
            0,
            9.5,
            2,
            11.5
          ],
          "texture": "#0"
        },
        "east": {
          "uv": [
            0,
            9.5,
            2,
            11.5
          ],
          "texture": "#0"
        },
        "south": {
          "uv": [
            0,
            9.5,
            2,
            11.5
          ],
          "texture": "#0"
        },
        "west": {
          "uv": [
            0,
            9.5,
            2,
            11.5
          ],
          "texture": "#0"
        },
        "up": {
          "uv": [
            0,
            9.5,
            2,
            11.5
          ],
          "texture": "#0"
        },
        "down": {
          "uv": [
            0,
            9.5,
            2,
            11.5
          ],
          "texture": "#0"
        }
      }
    },
    {
      "from": [
        12,
        0,
        12
      ],
      "to": [
        16,
        4,
        16
      ],
      "faces": {
        "north": {
          "uv": [
            0,
            9.5,
            2,
            11.5
          ],
          "texture": "#0"
        },
        "east": {
          "uv": [
            0,
            9.5,
            2,
            11.5
          ],
          "texture": "#0"
        },
        "south": {
          "uv": [
            0,
            9.5,
            2,
            11.5
          ],
          "texture": "#0"
        },
        "west": {
          "uv": [
            0,
            9.5,
            2,
            11.5
          ],
          "texture": "#0"
        },
        "up": {
          "uv": [
            0,
            9.5,
            2,
            11.5
          ],
          "texture": "#0"
        },
        "down": {
          "uv": [
            0,
            9.5,
            2,
            11.5
          ],
          "texture": "#0"
        }
      }
    },
    {
      "from": [
        8,
        0,
        12
      ],
      "to": [
        12,
        4,
        16
      ],
      "faces": {
        "north": {
          "uv": [
            0,
            9.5,
            2,
            11.5
          ],
          "texture": "#0"
        },
        "east": {
          "uv": [
            0,
            9.5,
            2,
            11.5
          ],
          "texture": "#0"
        },
        "south": {
          "uv": [
            0,
            9.5,
            2,
            11.5
          ],
          "texture": "#0"
        },
        "west": {
          "uv": [
            0,
            9.5,
            2,
            11.5
          ],
          "texture": "#0"
        },
        "up": {
          "uv": [
            0,
            9.5,
            2,
            11.5
          ],
          "texture": "#0"
        },
        "down": {
          "uv": [
            0,
            9.5,
            2,
            11.5
          ],
          "texture": "#0"
        }
      }
    },
    {
      "from": [
        4,
        0,
        12
      ],
      "to": [
        8,
        4,
        16
      ],
      "faces": {
        "north": {
          "uv": [
            0,
            9.5,
            2,
            11.5
          ],
          "texture": "#0"
        },
        "east": {
          "uv": [
            0,
            9.5,
            2,
            11.5
          ],
          "texture": "#0"
        },
        "south": {
          "uv": [
            0,
            9.5,
            2,
            11.5
          ],
          "texture": "#0"
        },
        "west": {
          "uv": [
            0,
            9.5,
            2,
            11.5
          ],
          "texture": "#0"
        },
        "up": {
          "uv": [
            0,
            9.5,
            2,
            11.5
          ],
          "texture": "#0"
        },
        "down": {
          "uv": [
            0,
            9.5,
            2,
            11.5
          ],
          "texture": "#0"
        }
      }
    },
    {
      "from": [
        0,
        0,
        12
      ],
      "to": [
        4,
        4,
        16
      ],
      "faces": {
        "north": {
          "uv": [
            0,
            9.5,
            2,
            11.5
          ],
          "texture": "#0"
        },
        "east": {
          "uv": [
            0,
            9.5,
            2,
            11.5
          ],
          "texture": "#0"
        },
        "south": {
          "uv": [
            0,
            9.5,
            2,
            11.5
          ],
          "texture": "#0"
        },
        "west": {
          "uv": [
            0,
            9.5,
            2,
            11.5
          ],
          "texture": "#0"
        },
        "up": {
          "uv": [
            0,
            9.5,
            2,
            11.5
          ],
          "texture": "#0"
        },
        "down": {
          "uv": [
            0,
            9.5,
            2,
            11.5
          ],
          "texture": "#0"
        }
      }
    },
    {
      "from": [
        0,
        0,
        8
      ],
      "to": [
        4,
        4,
        12
      ],
      "faces": {
        "north": {
          "uv": [
            0,
            9.5,
            2,
            11.5
          ],
          "texture": "#0"
        },
        "east": {
          "uv": [
            0,
            9.5,
            2,
            11.5
          ],
          "texture": "#0"
        },
        "south": {
          "uv": [
            0,
            9.5,
            2,
            11.5
          ],
          "texture": "#0"
        },
        "west": {
          "uv": [
            0,
            9.5,
            2,
            11.5
          ],
          "texture": "#0"
        },
        "up": {
          "uv": [
            0,
            9.5,
            2,
            11.5
          ],
          "texture": "#0"
        },
        "down": {
          "uv": [
            0,
            9.5,
            2,
            11.5
          ],
          "texture": "#0"
        }
      }
    },
    {
      "from": [
        0,
        0,
        4
      ],
      "to": [
        4,
        4,
        8
      ],
      "faces": {
        "north": {
          "uv": [
            0,
            9.5,
            2,
            11.5
          ],
          "texture": "#0"
        },
        "east": {
          "uv": [
            0,
            9.5,
            2,
            11.5
          ],
          "texture": "#0"
        },
        "south": {
          "uv": [
            0,
            9.5,
            2,
            11.5
          ],
          "texture": "#0"
        },
        "west": {
          "uv": [
            0,
            9.5,
            2,
            11.5
          ],
          "texture": "#0"
        },
        "up": {
          "uv": [
            0,
            9.5,
            2,
            11.5
          ],
          "texture": "#0"
        },
        "down": {
          "uv": [
            0,
            9.5,
            2,
            11.5
          ],
          "texture": "#0"
        }
      }
    },
    {
      "from": [
        4,
        0,
        4
      ],
      "to": [
        8,
        1,
        8
      ],
      "faces": {
        "north": {
          "uv": [
            0,
            9.5,
            2,
            11.5
          ],
          "texture": "#0"
        },
        "east": {
          "uv": [
            0,
            9.5,
            2,
            11.5
          ],
          "texture": "#0"
        },
        "south": {
          "uv": [
            0,
            9.5,
            2,
            11.5
          ],
          "texture": "#0"
        },
        "west": {
          "uv": [
            0,
            9.5,
            2,
            11.5
          ],
          "texture": "#0"
        },
        "up": {
          "uv": [
            0,
            9.5,
            2,
            11.5
          ],
          "texture": "#0"
        },
        "down": {
          "uv": [
            0,
            9.5,
            2,
            11.5
          ],
          "texture": "#0"
        }
      }
    },
    {
      "from": [
        8,
        0,
        4
      ],
      "to": [
        12,
        1,
        8
      ],
      "faces": {
        "north": {
          "uv": [
            0,
            9.5,
            2,
            11.5
          ],
          "texture": "#0"
        },
        "east": {
          "uv": [
            0,
            9.5,
            2,
            11.5
          ],
          "texture": "#0"
        },
        "south": {
          "uv": [
            0,
            9.5,
            2,
            11.5
          ],
          "texture": "#0"
        },
        "west": {
          "uv": [
            0,
            9.5,
            2,
            11.5
          ],
          "texture": "#0"
        },
        "up": {
          "uv": [
            0,
            9.5,
            2,
            11.5
          ],
          "texture": "#0"
        },
        "down": {
          "uv": [
            0,
            9.5,
            2,
            11.5
          ],
          "texture": "#0"
        }
      }
    },
    {
      "from": [
        8,
        0,
        8
      ],
      "to": [
        12,
        1,
        12
      ],
      "faces": {
        "north": {
          "uv": [
            0,
            9.5,
            2,
            11.5
          ],
          "texture": "#0"
        },
        "east": {
          "uv": [
            0,
            9.5,
            2,
            11.5
          ],
          "texture": "#0"
        },
        "south": {
          "uv": [
            0,
            9.5,
            2,
            11.5
          ],
          "texture": "#0"
        },
        "west": {
          "uv": [
            0,
            9.5,
            2,
            11.5
          ],
          "texture": "#0"
        },
        "up": {
          "uv": [
            0,
            9.5,
            2,
            11.5
          ],
          "texture": "#0"
        },
        "down": {
          "uv": [
            0,
            9.5,
            2,
            11.5
          ],
          "texture": "#0"
        }
      }
    },
    {
      "from": [
        4,
        0,
        8
      ],
      "to": [
        8,
        1,
        12
      ],
      "faces": {
        "north": {
          "uv": [
            0,
            9.5,
            2,
            11.5
          ],
          "texture": "#0"
        },
        "east": {
          "uv": [
            0,
            9.5,
            2,
            11.5
          ],
          "texture": "#0"
        },
        "south": {
          "uv": [
            0,
            9.5,
            2,
            11.5
          ],
          "texture": "#0"
        },
        "west": {
          "uv": [
            0,
            9.5,
            2,
            11.5
          ],
          "texture": "#0"
        },
        "up": {
          "uv": [
            0,
            9.5,
            2,
            11.5
          ],
          "texture": "#0"
        },
        "down": {
          "uv": [
            0,
            9.5,
            2,
            11.5
          ],
          "texture": "#0"
        }
      }
    },
    {
      "from": [
        0,
        0,
        0
      ],
      "to": [
        4,
        4,
        4
      ],
      "faces": {
        "north": {
          "uv": [
            0,
            9.5,
            2,
            11.5
          ],
          "texture": "#0"
        },
        "east": {
          "uv": [
            0,
            9.5,
            2,
            11.5
          ],
          "texture": "#0"
        },
        "south": {
          "uv": [
            0,
            9.5,
            2,
            11.5
          ],
          "texture": "#0"
        },
        "west": {
          "uv": [
            0,
            9.5,
            2,
            11.5
          ],
          "texture": "#0"
        },
        "up": {
          "uv": [
            0,
            9.5,
            2,
            11.5
          ],
          "texture": "#0"
        },
        "down": {
          "uv": [
            0,
            9.5,
            2,
            11.5
          ],
          "texture": "#0"
        }
      }
    },
    {
      "from": [
        4,
        2,
        8
      ],
      "to": [
        8,
        3,
        12
      ],
      "faces": {
        "north": {
          "uv": [
            2,
            9.5,
            4,
            11.5
          ],
          "texture": "#0"
        },
        "east": {
          "uv": [
            2,
            9.5,
            4,
            11.5
          ],
          "texture": "#0"
        },
        "south": {
          "uv": [
            2,
            9.5,
            4,
            11.5
          ],
          "texture": "#0"
        },
        "west": {
          "uv": [
            2,
            9.5,
            4,
            11.5
          ],
          "texture": "#0"
        },
        "up": {
          "uv": [
            2,
            9.5,
            4,
            11.5
          ],
          "texture": "#0"
        },
        "down": {
          "uv": [
            2,
            9.5,
            4,
            11.5
          ],
          "texture": "#0"
        }
      }
    },
    {
      "from": [
        4,
        2,
        4
      ],
      "to": [
        8,
        3,
        8
      ],
      "faces": {
        "north": {
          "uv": [
            2,
            9.5,
            4,
            11.5
          ],
          "texture": "#0"
        },
        "east": {
          "uv": [
            2,
            9.5,
            4,
            11.5
          ],
          "texture": "#0"
        },
        "south": {
          "uv": [
            2,
            9.5,
            4,
            11.5
          ],
          "texture": "#0"
        },
        "west": {
          "uv": [
            2,
            9.5,
            4,
            11.5
          ],
          "texture": "#0"
        },
        "up": {
          "uv": [
            2,
            9.5,
            4,
            11.5
          ],
          "texture": "#0"
        },
        "down": {
          "uv": [
            2,
            9.5,
            4,
            11.5
          ],
          "texture": "#0"
        }
      }
    },
    {
      "from": [
        8,
        2,
        8
      ],
      "to": [
        12,
        3,
        12
      ],
      "faces": {
        "north": {
          "uv": [
            2,
            9.5,
            4,
            11.5
          ],
          "texture": "#0"
        },
        "east": {
          "uv": [
            2,
            9.5,
            4,
            11.5
          ],
          "texture": "#0"
        },
        "south": {
          "uv": [
            2,
            9.5,
            4,
            11.5
          ],
          "texture": "#0"
        },
        "west": {
          "uv": [
            2,
            9.5,
            4,
            11.5
          ],
          "texture": "#0"
        },
        "up": {
          "uv": [
            2,
            9.5,
            4,
            11.5
          ],
          "texture": "#0"
        },
        "down": {
          "uv": [
            2,
            9.5,
            4,
            11.5
          ],
          "texture": "#0"
        }
      }
    },
    {
      "from": [
        8,
        2,
        4
      ],
      "to": [
        12,
        3,
        8
      ],
      "faces": {
        "north": {
          "uv": [
            2,
            9.5,
            4,
            11.5
          ],
          "texture": "#0"
        },
        "east": {
          "uv": [
            2,
            9.5,
            4,
            11.5
          ],
          "texture": "#0"
        },
        "south": {
          "uv": [
            2,
            9.5,
            4,
            11.5
          ],
          "texture": "#0"
        },
        "west": {
          "uv": [
            2,
            9.5,
            4,
            11.5
          ],
          "texture": "#0"
        },
        "up": {
          "uv": [
            2,
            9.5,
            4,
            11.5
          ],
          "texture": "#0"
        },
        "down": {
          "uv": [
            2,
            9.5,
            4,
            11.5
          ],
          "texture": "#0"
        }
      }
    }
  ],
  "display": {
    "thirdperson_righthand": {
      "translation": [
        0,
        2.25,
        0
      ],
      "scale": [
        0.33,
        0.33,
        0.33
      ]
    },
    "thirdperson_lefthand": {
      "translation": [
        0,
        2.25,
        0
      ],
      "scale": [
        0.33,
        0.33,
        0.33
      ]
    },
    "firstperson_righthand": {
      "rotation": [
        0,
        123,
        0
      ],
      "translation": [
        2.25,
        4.75,
        0
      ]
    },
    "firstperson_lefthand": {
      "rotation": [
        0,
        123,
        0
      ],
      "translation": [
        -0.25,
        7,
        2.75
      ]
    },
    "ground": {
      "translation": [
        0,
        2,
        0
      ]
    },
    "gui": {
      "rotation": [
        26,
        143,
        0
      ],
      "translation": [
        0,
        -14.75,
        0
      ],
      "scale": [
        0.74219,
        0.60547,
        0.64258
      ]
    },
    "head": {
      "translation": [
        0,
        12.5,
        0
      ]
    },
    "fixed": {
      "translation": [
        0,
        0,
        -7.25
      ]
    }
  },
  "groups": [
    {
      "name": "1",
      "origin": [
        8,
        8,
        8
      ],
      "color": 0,
      "children": [
        {
          "name": "strider",
          "origin": [
            0,
            0,
            0
          ],
          "color": 0,
          "children": [
            {
              "name": "right_leg",
              "origin": [
                4,
                16,
                0
              ],
              "color": 0,
              "children": [
                0
              ]
            },
            {
              "name": "left_leg",
              "origin": [
                -4,
                16,
                0
              ],
              "color": 1,
              "children": [
                1
              ]
            },
            {
              "name": "body",
              "origin": [
                0,
                16,
                0
              ],
              "color": 2,
              "children": [
                2,
                3,
                4,
                5,
                6,
                7,
                8
              ]
            }
          ]
        },
        {
          "name": "strider",
          "origin": [
            0,
            0,
            0
          ],
          "color": 0,
          "children": [
            {
              "name": "right_leg",
              "origin": [
                4,
                16,
                0
              ],
              "color": 0,
              "children": [
                9
              ]
            },
            {
              "name": "left_leg",
              "origin": [
                -4,
                16,
                0
              ],
              "color": 1,
              "children": [
                10
              ]
            },
            {
              "name": "body",
              "origin": [
                0,
                16,
                0
              ],
              "color": 2,
              "children": [
                11,
                12,
                13,
                14,
                15,
                16,
                17
              ]
            }
          ]
        },
        {
          "name": "strider",
          "origin": [
            0,
            0,
            0
          ],
          "color": 0,
          "children": [
            {
              "name": "right_leg",
              "origin": [
                4,
                16,
                0
              ],
              "color": 0,
              "children": [
                18
              ]
            },
            {
              "name": "left_leg",
              "origin": [
                -4,
                16,
                0
              ],
              "color": 1,
              "children": [
                19
              ]
            },
            {
              "name": "body",
              "origin": [
                0,
                16,
                0
              ],
              "color": 2,
              "children": [
                20,
                21,
                22,
                23,
                24,
                25,
                26
              ]
            }
          ]
        },
        {
          "name": "netherrack",
          "origin": [
            0,
            0,
            0
          ],
          "color": 0,
          "children": [
            27,
            28,
            29,
            30,
            31,
            32,
            33,
            34,
            35,
            36,
            37,
            38,
            39,
            40,
            41,
            42
          ]
        },
        {
          "name": "lava",
          "origin": [
            8,
            8,
            8
          ],
          "color": 0,
          "children": [
            43,
            44,
            45,
            46
          ]
        }
      ]
    }
  ]
}